floor,seed,source,item,quantity,durability,uses,loaded,spare,x,y
1,1,ground,Stick,1,18,0,0,0,33,35
1,1,ground,River Fish,5,0,0,0,0,40,50
1,1,ground,Wooden Maul,1,24,0,0,0,50,62
1,1,ground,Hunting Spear,1,45,0,0,0,30,60
1,1,ground,Hatchet,1,35,0,0,0,53,39
1,1,ground,Torch,1,90,0,0,0,53,40
1,1,ground,Torch,1,90,0,0,0,53,9
1,1,ground,Root Drill,1,0,3,0,0,54,8
1,1,ground,Fungal Bread,2,0,0,0,0,56,23
1,1,ground,Firecracker,2,0,0,0,0,62,31
1,1,ground,River Fish,5,0,0,0,0,15,51
1,1,ground,Pitch Bomb,2,0,0,0,0,39,101
1,1,ground,Ammo,1,0,0,0,0,8,35
1,1,ground,Mushroom spores,2,0,0,0,0,36,86
1,1,ground,Medkit,1,0,0,0,0,28,106
1,1,ground,Thorn Caltrops,2,0,0,0,0,53,72
1,1,ground,Ammo,1,0,0,0,0,56,75
1,1,ground,Water flask,2,0,0,0,0,9,62
1,1,ground,Bandage,2,0,0,0,0,27,99
1,1,ground,Bandage,3,0,0,0,0,9,55
1,1,ground,Buckler,1,30,0,0,0,32,72
1,1,wall,Buckler,1,30,0,0,0,32,43
1,2,ground,Stick,1,18,0,0,0,78,57
1,2,ground,River Fish,4,0,0,0,0,59,10
1,2,ground,Hatchet,1,35,0,0,0,52,15
1,2,ground,Water flask,2,0,0,0,0,51,40
1,2,ground,Water flask,2,0,0,0,0,49,10
1,2,ground,Fungal Bread,1,0,0,0,0,76,29
1,2,ground,Herb Bag,1,0,4,0,0,40,33
1,2,ground,Shield Lantern,1,24,0,0,0,59,76
1,2,ground,Ammo,1,0,0,0,0,50,75
1,2,ground,Ammo,1,0,0,0,0,9,32
1,2,ground,River Fish,3,0,0,0,0,59,41
1,2,ground,River Fish,5,0,0,0,0,90,67
1,2,ground,River Fish,5,0,0,0,0,100,76
1,2,ground,Splint,1,0,2,0,0,108,38
1,2,wall,Fried Egg,2,0,0,0,0,107,77
1,3,ground,Stick,1,18,0,0,0,34,79
1,3,ground,Hunting Spear,1,45,0,0,0,15,61
1,3,ground,Rake,1,400,0,0,0,15,74
1,3,ground,Bandage,2,0,0,0,0,12,70
1,3,ground,Bird Seed,1,0,0,0,0,61,60
1,3,ground,Herb Bag,1,0,4,0,0,56,53
1,3,ground,Ammo,1,0,0,0,0,84,32
1,3,ground,Ammo,1,0,0,0,0,3,26
1,3,ground,Stick,1,18,0,0,0,10,57
1,3,ground,Resin Glue,1,0,0,0,0,82,27
1,3,ground,Lighter,1,0,20,0,0,109,18
1,3,ground,Rake,1,400,0,0,0,32,56
1,3,wall,Flint Knife,1,60,0,0,0,58,25
1,3,wall,Sleep Meds,3,0,0,0,0,27,31
1,3,wall,Fungal Bread,1,0,0,0,0,42,55
1,4,ground,Stick,1,18,0,0,0,35,79
1,4,ground,Flint Knife,1,60,0,0,0,37,35
1,4,ground,Rope Hook,1,0,24,0,0,38,35
1,4,ground,Torch,1,90,0,0,0,33,55
1,4,ground,Flint Knife,1,60,0,0,0,33,123
1,4,ground,Buckler,1,30,0,0,0,41,126
1,4,ground,Flint Knife,1,60,0,0,0,37,126
1,4,ground,River Fish,5,0,0,0,0,38,145
1,4,ground,Buckler,1,30,0,0,0,59,39
1,4,ground,Mushroom spores,2,0,0,0,0,35,141
1,4,ground,Bird Seed,1,0,0,0,0,9,40
1,4,ground,Fungal Bread,1,0,0,0,0,16,34
1,4,ground,Bandage,2,0,0,0,0,7,56
1,4,ground,Ammo,1,0,0,0,0,15,144
1,4,ground,River Fish,3,0,0,0,0,23,138
1,4,ground,River Fish,2,0,0,0,0,8,117
1,4,ground,Cooked Meat,2,0,0,0,0,9,49
1,4,ground,Medkit,1,0,0,0,0,30,150
1,4,wall,Fungal Bread,1,0,0,0,0,14,53
1,5,ground,Stick,1,18,0,0,0,34,57
1,5,ground,Hatchet,1,35,0,0,0,40,95
1,5,ground,Bitter Root,1,0,0,0,0,55,96
1,5,ground,Hatchet,1,35,0,0,0,38,37
1,5,ground,Torch,1,90,0,0,0,39,37
1,5,ground,Torch,1,90,0,0,0,8,37
1,5,ground,Root Drill,1,0,3,0,0,7,37
1,5,carried,Buckler,1,30,0,0,0,17,39
1,5,ground,Fungal Bread,2,0,0,0,0,12,42
1,5,ground,Firecracker,2,0,0,0,0,17,33
1,5,ground,Fungal Bread,2,0,0,0,0,11,34
1,5,ground,Bomb,2,0,0,0,0,39,107
1,5,ground,Reflecting Pan,1,24,0,0,0,13,5
1,5,ground,Ammo,1,0,0,0,0,15,7
1,5,ground,Bird Seed,1,0,0,0,0,86,76
1,5,ground,Herb Bag,1,0,4,0,0,80,71
1,5,ground,Rake,1,400,0,0,0,15,100
1,5,ground,Herb Bag,1,0,4,0,0,10,102
1,5,ground,Ammo,1,0,0,0,0,30,119
1,5,ground,Seed Bag,1,0,6,0,0,21,92
1,5,ground,Water flask,2,0,0,0,0,35,112
1,5,ground,Bandage,3,0,0,0,0,75,85
1,6,ground,Stick,1,18,0,0,0,33,80
1,6,ground,Digging Claws,1,200,0,0,0,9,99
1,6,ground,Rope Hook,1,0,24,0,0,10,99
1,6,ground,Torch,1,90,0,0,0,12,77
1,6,ground,Throwing Rock,3,0,0,0,0,61,12
1,6,ground,Lighter,1,0,20,0,0,55,39
1,6,ground,Hatchet,1,35,0,0,0,27,33
1,6,ground,Hunting Spear,1,45,0,0,0,36,84
1,6,ground,Medkit,1,0,0,0,0,35,49
1,6,ground,Bandage,2,0,0,0,0,34,65
1,6,ground,Medkit,1,0,0,0,0,14,56
1,6,ground,Bird Seed,1,0,0,0,0,33,37
1,6,ground,Ammo,1,0,0,0,0,12,53
1,6,ground,Fried Egg,2,0,0,0,0,83,11
1,6,ground,Stick,1,18,0,0,0,38,55
1,7,ground,Stick,1,18,0,0,0,35,13
1,7,ground,Torch,1,90,0,0,0,59,57
1,7,ground,Throwing Net,2,0,0,0,0,60,57
1,7,ground,Torch,1,90,0,0,0,55,11
1,7,ground,Throwing Rock,3,0,0,0,0,42,8
1,7,ground,Rake,1,400,0,0,0,84,14
1,7,ground,Bandage,2,0,0,0,0,83,4
1,7,ground,Resin Glue,1,0,0,0,0,29,37
1,7,ground,Ammo,1,0,0,0,0,33,40
1,7,ground,Rope Snare,2,0,0,0,0,9,15
1,7,ground,Ammo,1,0,0,0,0,14,9
1,7,ground,Medkit,1,0,0,0,0,8,36
1,7,ground,Pickaxe,1,32,0,0,0,82,21
1,7,ground,Stick,1,18,0,0,0,40,29
1,7,wall,Hunting Horn,1,0,8,0,0,71,16
1,8,ground,Stick,1,18,0,0,0,79,37
1,8,ground,River Fish,6,0,0,0,0,56,31
1,8,ground,Fishing Line,1,0,20,0,0,55,28
1,8,ground,Rope Snare,2,0,0,0,0,79,23
1,8,ground,Mushroom spores,2,0,0,0,0,57,29
1,8,ground,Rake,1,400,0,0,0,57,56
1,8,ground,Bandage,2,0,0,0,0,59,53
1,8,ground,Bandage,2,0,0,0,0,75,7
1,8,ground,Ammo,1,0,0,0,0,6,81
1,8,ground,Fried Egg,2,0,0,0,0,33,61
1,8,ground,Pickaxe,1,32,0,0,0,81,52
1,8,ground,Seed Bag,1,0,6,0,0,81,65
1,8,wall,Seed Bag,1,0,6,0,0,87,9
1,9,ground,Stick,1,18,0,0,0,33,35
1,9,ground,River Fish,6,0,0,0,0,100,54
1,9,ground,Raw Meat,1,0,0,0,0,82,38
1,9,ground,Bear Trap,2,0,0,0,0,10,27
1,9,ground,Lighter,1,0,20,0,0,55,30
1,9,ground,Seed Bag,1,0,6,0,0,71,28
1,9,ground,Ammo,1,0,0,0,0,85,60
1,9,ground,Bandage,2,0,0,0,0,18,13
1,9,ground,Ammo,1,0,0,0,0,59,58
1,9,ground,Medkit,1,0,0,0,0,51,81
1,9,ground,River Fish,2,0,0,0,0,110,45
1,9,ground,River Fish,5,0,0,0,0,109,30
1,9,ground,Water flask,2,0,0,0,0,57,37
1,9,ground,Thorn Caltrops,2,0,0,0,0,10,13
1,9,wall,Sticky Boots,1,0,4,0,0,22,41
1,9,wall,Seed Bag,1,0,6,0,0,70,61
1,10,ground,Stick,1,18,0,0,0,13,80
1,10,ground,Seed Bag,1,0,6,0,0,40,44
1,10,ground,Lighter,1,0,20,0,0,11,49
1,10,ground,Hatchet,1,35,0,0,0,77,38
1,10,ground,Throwing Net,2,0,0,0,0,78,38
1,10,ground,Torch,1,90,0,0,0,55,35
1,10,ground,River Fish,6,0,0,0,0,36,78
1,10,ground,Pickaxe,1,32,0,0,0,61,87
1,10,ground,Wooden Maul,1,24,0,0,0,11,48
1,10,ground,Water flask,2,0,0,0,0,40,77
1,10,ground,Medkit,1,0,0,0,0,54,13
1,10,ground,Bandage,2,0,0,0,0,56,7
1,10,ground,Torch,1,90,0,0,0,59,7
1,10,ground,Ammo,1,0,0,0,0,59,15
1,10,ground,River Fish,2,0,0,0,0,42,51
1,10,ground,River Fish,5,0,0,0,0,57,47
1,10,ground,Bandage,3,0,0,0,0,50,79
1,10,ground,Fried Egg,2,0,0,0,0,61,80
1,10,wall,Pitch Bomb,2,0,0,0,0,74,47
1,11,ground,Stick,1,18,0,0,0,57,36
1,11,ground,Wooden Maul,1,24,0,0,0,31,57
1,11,ground,Bird Seed,3,0,0,0,0,50,81
1,11,ground,River Fish,4,0,0,0,0,56,102
1,11,ground,Flint Knife,1,60,0,0,0,29,74
1,11,ground,Chili,1,0,0,0,0,55,60
1,11,ground,Hunting Spear,1,45,0,0,0,56,8
1,11,ground,Ammo,1,0,0,0,0,57,8
1,11,ground,Mushroom spores,2,0,0,0,0,62,100
1,11,ground,Fungal Bread,1,0,0,0,0,28,102
1,11,ground,Ammo,1,0,0,0,0,81,101
1,11,ground,Bandage,2,0,0,0,0,33,35
1,11,ground,River Fish,2,0,0,0,0,47,85
1,11,ground,River Fish,3,0,0,0,0,36,27
1,11,ground,River Fish,3,0,0,0,0,24,16
1,11,stored,Mushroom spores,2,0,0,0,0,64,56
1,12,ground,Stick,1,18,0,0,0,13,57
1,12,ground,River Fish,6,0,0,0,0,15,10
1,12,ground,River Fish,6,0,0,0,0,63,37
1,12,ground,Torch,1,90,0,0,0,81,33
1,12,ground,Rake,1,400,0,0,0,13,31
1,12,ground,Bandage,2,0,0,0,0,14,40
1,12,ground,Mushroom spores,2,0,0,0,0,15,7
1,12,ground,Ammo,1,0,0,0,0,31,11
1,12,ground,Herb Bag,1,0,4,0,0,42,34
1,12,ground,Chili,1,0,0,0,0,11,81
1,12,ground,Ammo,1,0,0,0,0,9,82
1,12,ground,River Fish,3,0,0,0,0,54,20
1,12,ground,River Fish,4,0,0,0,0,40,14
1,12,ground,Reflecting Pan,1,24,0,0,0,52,26
1,12,ground,Fried Egg,2,0,0,0,0,29,20
1,12,ground,Straw Decoy,1,0,0,0,0,43,8
1,12,wall,Cooked Meat,2,0,0,0,0,20,14
1,13,ground,Stick,1,18,0,0,0,34,13
1,13,ground,Sap jar,2,0,0,0,0,31,48
1,13,ground,Hatchet,1,35,0,0,0,31,63
1,13,ground,Rake,1,400,0,0,0,31,39
1,13,ground,Buckler,1,30,0,0,0,77,60
1,13,ground,Stink Bomb,2,0,0,0,0,18,16
1,13,ground,Ammo,1,0,0,0,0,12,11
1,13,ground,Bird Seed,1,0,0,0,0,50,36
1,13,ground,Fungal Bread,1,0,0,0,0,51,29
1,13,ground,Oil flask,1,0,0,0,0,72,29
1,13,ground,Ammo,1,0,0,0,0,107,38
1,13,ground,Herb Bag,1,0,4,0,0,56,61
1,13,stored,Splint,1,0,2,0,0,39,83
1,13,ground,Bandage,3,0,0,0,0,55,38
1,13,ground,Mushroom spores,2,0,0,0,0,33,76
1,13,ground,Stick,1,18,0,0,0,100,39
1,13,wall,Throwing Rock,3,0,0,0,0,55,70
1,14,ground,Stick,1,18,0,0,0,55,13
1,14,ground,Buckler,1,30,0,0,0,35,22
1,14,ground,Resin Glue,1,0,0,0,0,13,25
1,14,ground,Hunting Horn,1,0,8,0,0,62,9
1,14,ground,Torch,1,90,0,0,0,52,32
1,14,ground,Pickaxe,1,32,0,0,0,81,39
1,14,ground,Ammo,1,0,0,0,0,74,33
1,14,ground,Ammo,1,0,0,0,0,34,53
1,14,ground,Medkit,1,0,0,0,0,32,79
1,14,ground,Bandage,2,0,0,0,0,36,78
1,14,ground,Mushroom spores,2,0,0,0,0,18,53
1,14,ground,Cooked Meat,2,0,0,0,0,105,33
1,14,wall,Mushroom spores,2,0,0,0,0,53,24
1,14,wall,Stick,1,18,0,0,0,70,39
1,15,ground,Stick,1,18,0,0,0,56,58
1,15,ground,Buckler,1,30,0,0,0,52,94
1,15,ground,Lighter,1,0,20,0,0,59,100
1,15,ground,Hatchet,1,35,0,0,0,68,100
1,15,ground,Water flask,2,0,0,0,0,56,87
1,15,ground,Hatchet,1,35,0,0,0,29,52
1,15,ground,Torch,1,90,0,0,0,29,51
1,15,ground,Torch,1,90,0,0,0,29,83
1,15,ground,Root Drill,1,0,3,0,0,29,84
1,15,carried,Buckler,1,30,0,0,0,35,60
1,15,carried,Buckler,1,30,0,0,0,27,65
1,15,carried,Buckler,1,30,0,0,0,36,72
1,15,ground,Firecracker,2,0,0,0,0,32,82
1,15,ground,Firecracker,2,0,0,0,0,28,72
1,15,ground,Fungal Bread,2,0,0,0,0,32,58
1,15,ground,Flint Knife,1,60,0,0,0,31,78
1,15,ground,Hatchet,1,35,0,0,0,73,57
1,15,ground,Ammo,1,0,0,0,0,75,49
1,15,ground,Rake,1,400,0,0,0,31,33
1,15,ground,Herb Bag,1,0,4,0,0,35,29
1,15,ground,Medkit,1,0,0,0,0,8,86
1,15,ground,Throwing Rock,3,0,0,0,0,34,15
1,15,ground,Ammo,1,0,0,0,0,32,6
1,15,ground,Pitch Bomb,2,0,0,0,0,38,33
1,15,wall,Mushroom spores,2,0,0,0,0,35,21
1,16,ground,Stick,1,18,0,0,0,79,15
1,16,ground,Pickaxe,1,32,0,0,0,66,43
1,16,ground,Digging Claws,1,200,0,0,0,71,42
1,16,ground,Mushroom spores,2,0,0,0,0,54,44
1,16,ground,Hatchet,1,35,0,0,0,66,37
1,16,ground,Boomerang,1,0,0,0,0,11,33
1,16,ground,Hatchet,1,35,0,0,0,32,37
1,16,ground,Shield Lantern,1,24,0,0,0,41,63
1,16,ground,Buckler,1,30,0,0,0,82,78
1,16,ground,Ammo,1,0,0,0,0,78,82
1,16,ground,Medkit,1,0,0,0,0,101,37
1,16,ground,Bandage,2,0,0,0,0,102,29
1,16,ground,Wooden Maul,1,24,0,0,0,104,41
1,16,ground,Ammo,1,0,0,0,0,96,37
1,16,ground,Medkit,1,0,0,0,0,40,56
1,16,wall,Bear Trap,2,0,0,0,0,26,51
1,17,ground,Stick,1,18,0,0,0,35,80
1,17,ground,Hatchet,1,35,0,0,0,37,50
1,17,ground,Torch,1,90,0,0,0,38,50
1,17,ground,Torch,1,90,0,0,0,8,50
1,17,ground,Root Drill,1,0,3,0,0,7,50
1,17,carried,Buckler,1,30,0,0,0,5,56
1,17,carried,Buckler,1,30,0,0,0,16,55
1,17,ground,Fungal Bread,2,0,0,0,0,9,61
1,17,ground,Smoke pot,2,0,0,0,0,14,97
1,17,ground,Rake,1,400,0,0,0,33,98
1,17,ground,Bandage,2,0,0,0,0,38,103
1,17,ground,Rake,1,400,0,0,0,13,41
1,17,ground,Herb Bag,1,0,4,0,0,9,32
1,17,ground,Sticky Boots,1,0,4,0,0,30,120
1,17,ground,Ammo,1,0,0,0,0,33,114
1,17,ground,Ammo,1,0,0,0,0,10,76
1,17,ground,River Fish,3,0,0,0,0,26,45
1,17,ground,Rope Hook,1,0,24,0,0,17,28
1,17,ground,Bear Trap,2,0,0,0,0,36,37
1,17,ground,Hunting Horn,1,0,8,0,0,18,101
1,17,wall,Throwing Rock,3,0,0,0,0,18,115
1,18,ground,Stick,1,18,0,0,0,78,80
1,18,ground,Digging Claws,1,200,0,0,0,110,60
1,18,ground,Splint,1,0,2,0,0,110,79
1,18,ground,Water flask,2,0,0,0,0,124,71
1,18,ground,Hunting Horn,1,0,8,0,0,120,59
1,18,ground,River Fish,5,0,0,0,0,36,28
1,18,ground,Stick,1,18,0,0,0,10,39
1,18,ground,Fungal Bread,1,0,0,0,0,14,35
1,18,ground,Rope Snare,2,0,0,0,0,3,32
1,18,ground,Hunting Spear,1,45,0,0,0,58,75
1,18,ground,Raw Meat,1,0,0,0,0,57,81
1,18,ground,Throwing Rock,3,0,0,0,0,6,36
1,18,ground,Ammo,1,0,0,0,0,53,84
1,18,ground,Lighter,1,0,20,0,0,35,78
1,18,ground,Ammo,1,0,0,0,0,34,78
1,18,ground,Rope Hook,1,0,24,0,0,12,57
1,18,ground,Splint,1,0,2,0,0,56,62
1,18,ground,Medkit,1,0,0,0,0,53,36
1,18,ground,Bandage,2,0,0,0,0,48,34
1,18,ground,Hatchet,1,35,0,0,0,48,80
1,18,ground,Thorn Caltrops,2,0,0,0,0,29,52
1,18,ground,Stick,1,18,0,0,0,39,57
1,18,ground,Pickaxe,1,32,0,0,0,63,80
1,18,wall,Fried Egg,2,0,0,0,0,43,75
1,19,ground,Stick,1,18,0,0,0,57,57
1,19,ground,Throwing Rock,3,0,0,0,0,23,34
1,19,ground,Digging Claws,1,200,0,0,0,6,24
1,19,ground,Hunting Spear,1,45,0,0,0,80,56
1,19,ground,Lighter,1,0,20,0,0,75,38
1,19,ground,Shield Lantern,1,24,0,0,0,61,41
1,19,ground,Oil flask,1,0,0,0,0,61,36
1,19,ground,Resin Glue,1,0,0,0,0,59,82
1,19,ground,Ammo,1,0,0,0,0,53,75
1,19,ground,Medkit,1,0,0,0,0,102,49
1,19,ground,Bear Trap,2,0,0,0,0,36,76
1,19,ground,Ammo,1,0,0,0,0,33,83
1,19,ground,Bandage,2,0,0,0,0,103,49
1,19,ground,Hatchet,1,35,0,0,0,59,73
1,19,wall,Throwing Rock,3,0,0,0,0,62,88
1,20,ground,Stick,1,18,0,0,0,77,35
1,20,ground,River Fish,5,0,0,0,0,54,53
1,20,ground,River Fish,6,0,0,0,0,102,82
1,20,ground,Pitch Bomb,2,0,0,0,0,67,14
1,20,ground,Boomerang,1,0,0,0,0,72,15
1,20,ground,Ammo,1,0,0,0,0,76,10
1,20,ground,Lighter,1,0,20,0,0,72,56
1,20,ground,Ammo,1,0,0,0,0,83,54
1,20,ground,Water flask,2,0,0,0,0,52,57
1,20,ground,Medkit,1,0,0,0,0,96,61
1,20,ground,Bandage,2,0,0,0,0,106,56
1,20,ground,River Fish,3,0,0,0,0,88,58
1,20,ground,River Fish,5,0,0,0,0,81,45
1,20,ground,River Fish,4,0,0,0,0,69,36
1,20,ground,River Fish,4,0,0,0,0,65,20
1,20,ground,Hatchet,1,35,0,0,0,99,88
1,20,ground,Stick,1,18,0,0,0,9,85
1,21,ground,Stick,1,18,0,0,0,77,79
1,21,ground,River Fish,6,0,0,0,0,35,30
1,21,ground,Pickaxe,1,32,0,0,0,26,37
1,21,ground,Ammo,1,0,0,0,0,72,51
1,21,ground,Rope Snare,2,0,0,0,0,65,61
1,21,ground,Ammo,1,0,0,0,0,54,51
1,21,ground,Rake,1,400,0,0,0,35,58
1,21,ground,Herb Bag,1,0,4,0,0,36,56
1,21,ground,Fungal Bread,1,0,0,0,0,98,61
1,21,ground,River Fish,2,0,0,0,0,45,19
1,21,ground,River Fish,2,0,0,0,0,76,12
1,21,stored,Bitter Root,1,0,0,0,0,57,33
1,21,stored,Bird Seed,3,0,0,0,0,61,35
1,21,wall,Fungal Bread,1,0,0,0,0,81,52
1,22,ground,Stick,1,18,0,0,0,77,59
1,22,ground,Bandage,3,0,0,0,0,30,71
1,22,ground,Egg,3,0,0,0,0,21,64
1,22,ground,River Fish,3,0,0,0,0,53,59
1,22,ground,Fishing Line,1,0,20,0,0,54,61
1,22,ground,Mushroom spores,2,0,0,0,0,35,62
1,22,ground,Bird Seed,1,0,0,0,0,82,79
1,22,ground,Bandage,2,0,0,0,0,77,77
1,22,ground,Stink Bomb,2,0,0,0,0,52,80
1,22,ground,Herb Bag,1,0,4,0,0,48,83
1,22,ground,Ammo,1,0,0,0,0,59,11
1,22,ground,Bomb,2,0,0,0,0,62,82
1,22,wall,Cooked Meat,2,0,0,0,0,53,71
1,23,ground,Stick,1,18,0,0,0,57,15
1,23,ground,Torch,1,90,0,0,0,51,62
1,23,ground,Sticky Boots,1,0,4,0,0,54,51
1,23,ground,River Fish,4,0,0,0,0,80,8
1,23,ground,Fishing Line,1,0,20,0,0,81,8
1,23,ground,River Fish,5,0,0,0,0,37,56
1,23,ground,Fishing Line,1,0,20,0,0,37,53
1,23,ground,Digging Claws,1,200,0,0,0,35,42
1,23,ground,Water flask,2,0,0,0,0,84,10
1,23,ground,Medkit,1,0,0,0,0,30,41
1,23,ground,Water flask,2,0,0,0,0,32,54
1,23,ground,Bandage,2,0,0,0,0,32,77
1,23,ground,Ammo,1,0,0,0,0,29,41
1,23,ground,River Fish,4,0,0,0,0,21,80
1,23,ground,Flint Knife,1,60,0,0,0,104,16
1,23,ground,Sticky Boots,1,0,4,0,0,24,87
1,23,ground,Cooked Meat,2,0,0,0,0,16,84
1,23,wall,Mushroom spores,2,0,0,0,0,43,78
1,24,ground,Stick,1,18,0,0,0,78,59
1,24,ground,Flint Knife,1,60,0,0,0,13,51
1,24,ground,Throwing Net,2,0,0,0,0,14,51
1,24,ground,Torch,1,90,0,0,0,35,56
1,24,ground,River Fish,6,0,0,0,0,31,8
1,24,ground,Fishing Line,1,0,20,0,0,31,5
1,24,ground,Honey pot,1,0,0,0,0,26,32
1,24,ground,Bear Trap,2,0,0,0,0,58,36
1,24,ground,Hunting Horn,1,0,8,0,0,81,85
1,24,ground,Ammo,1,0,0,0,0,75,78
1,24,ground,Bird Seed,1,0,0,0,0,52,61
1,24,ground,Herb Bag,1,0,4,0,0,46,53
1,24,ground,Thorn Caltrops,1,0,0,0,0,38,31
1,24,ground,Bandage,2,0,0,0,0,11,41
1,24,ground,Ammo,1,0,0,0,0,15,11
1,24,ground,River Fish,2,0,0,0,0,48,26
1,24,ground,River Fish,3,0,0,0,0,42,14
1,24,stored,Fungal Bread,1,0,0,0,0,57,52
1,24,stored,Mushroom spores,2,0,0,0,0,53,61
1,24,ground,Hatchet,1,35,0,0,0,63,53
1,24,wall,Digging Claws,1,200,0,0,0,4,28
1,25,ground,Stick,1,18,0,0,0,57,59
1,25,ground,Boomerang,1,0,0,0,0,29,56
1,25,ground,Water flask,2,0,0,0,0,39,49
1,25,ground,Fungal Bread,1,0,0,0,0,39,61
1,25,ground,Water flask,2,0,0,0,0,51,34
1,25,ground,Bandage,2,0,0,0,0,8,73
1,25,ground,Ammo,1,0,0,0,0,60,84
1,25,ground,Ammo,1,0,0,0,0,32,9
1,25,ground,River Fish,2,0,0,0,0,50,24
1,25,ground,River Fish,3,0,0,0,0,39,16
1,25,ground,Bandage,3,0,0,0,0,20,82
1,25,ground,Lighter,1,0,20,0,0,42,23
1,26,ground,Stick,1,18,0,0,0,57,37
1,26,ground,Stick,1,18,0,0,0,104,14
1,26,ground,Pickaxe,1,32,0,0,0,97,24
1,26,ground,Bow,1,0,0,20,0,52,40
1,26,ground,Chili,1,0,0,0,0,81,28
1,26,ground,Resin Glue,1,0,0,0,0,35,36
1,26,ground,Ammo,1,0,0,0,0,36,35
1,26,ground,Hunting Spear,1,45,0,0,0,39,59
1,26,ground,Ammo,1,0,0,0,0,37,57
1,26,ground,Bandage,2,0,0,0,0,98,59
1,26,ground,Medkit,1,0,0,0,0,122,12
1,26,ground,Rope Hook,1,0,24,0,0,4,37
1,26,ground,Torch,1,90,0,0,0,10,34
1,26,ground,Smoke pot,2,0,0,0,0,104,58
1,26,ground,Rake,1,400,0,0,0,13,25
1,26,wall,Torch,1,90,0,0,0,76,41
1,27,ground,Stick,1,18,0,0,0,34,81
1,27,ground,Flint Knife,1,60,0,0,0,39,39
1,27,ground,Splint,1,0,2,0,0,35,56
1,27,ground,River Fish,3,0,0,0,0,13,50
1,27,ground,Bomb,2,0,0,0,0,36,67
1,27,ground,Mushroom spores,2,0,0,0,0,57,41
1,27,ground,Medkit,1,0,0,0,0,62,54
1,27,ground,Pickaxe,1,32,0,0,0,37,9
1,27,ground,Ammo,1,0,0,0,0,39,6
1,27,ground,Herb Bag,1,0,4,0,0,53,16
1,27,ground,Ammo,1,0,0,0,0,59,60
1,27,stored,Sleep Meds,3,0,0,0,0,9,77
1,27,ground,Pickaxe,1,32,0,0,0,42,11
1,27,ground,Rake,1,400,0,0,0,9,106
1,28,ground,Stick,1,18,0,0,0,77,35
1,28,ground,Stick,1,18,0,0,0,22,19
1,28,ground,River Fish,4,0,0,0,0,100,28
1,28,ground,Digging Claws,1,200,0,0,0,34,56
1,28,ground,Oil flask,1,0,0,0,0,76,10
1,28,ground,Resin Glue,1,0,0,0,0,55,10
1,28,ground,Ammo,1,0,0,0,0,54,9
1,28,ground,Medkit,1,0,0,0,0,35,52
1,28,ground,Bandage,2,0,0,0,0,35,61
1,28,ground,Ammo,1,0,0,0,0,31,57
1,28,ground,Hatchet,1,35,0,0,0,65,34
1,29,ground,Stick,1,18,0,0,0,77,57
1,29,ground,Hunting Horn,1,0,8,0,0,74,12
1,29,ground,Shield Lantern,1,24,0,0,0,57,18
1,29,ground,Herb Bag,1,0,4,0,0,73,16
1,29,ground,Hatchet,1,35,0,0,0,81,15
1,29,ground,Buckler,1,30,0,0,0,27,51
1,29,ground,Ammo,1,0,0,0,0,78,32
1,29,ground,Bitter Root,1,0,0,0,0,57,38
1,29,ground,Flint Knife,1,60,0,0,0,39,35
1,29,ground,Fungal Bread,1,0,0,0,0,33,30
1,29,ground,Herb Bag,1,0,4,0,0,71,78
1,29,ground,Ammo,1,0,0,0,0,31,50
1,29,ground,Mushroom spores,2,0,0,0,0,69,40
1,29,ground,Bandage,3,0,0,0,0,56,28
1,30,ground,Stick,1,18,0,0,0,12,57
1,30,ground,Torch,1,90,0,0,0,48,73
1,30,ground,Stick,1,18,0,0,0,35,73
1,30,ground,Bow,1,0,0,20,0,34,29
1,30,ground,Rope Hook,1,0,24,0,0,35,29
1,30,ground,Torch,1,90,0,0,0,56,34
1,30,ground,Buckler,1,30,0,0,0,53,65
1,30,ground,Hatchet,1,35,0,0,0,13,78
1,30,ground,Ammo,1,0,0,0,0,12,84
1,30,ground,Medkit,1,0,0,0,0,76,60
1,30,ground,Flint Knife,1,60,0,0,0,15,99
1,30,ground,Ammo,1,0,0,0,0,13,100
1,30,ground,Bandage,2,0,0,0,0,74,56
1,30,ground,Pickaxe,1,32,0,0,0,86,57
1,30,ground,Sticky Boots,1,0,4,0,0,19,74
1,31,ground,Stick,1,18,0,0,0,35,81
1,31,ground,River Fish,5,0,0,0,0,100,80
1,31,ground,River Fish,4,0,0,0,0,16,95
1,31,ground,Straw Decoy,1,0,0,0,0,79,42
1,31,ground,Water flask,2,0,0,0,0,78,72
1,31,ground,Rake,1,400,0,0,0,32,106
1,31,ground,Bandage,2,0,0,0,0,36,98
1,31,ground,Fungal Bread,1,0,0,0,0,82,53
1,31,ground,Wooden Maul,1,24,0,0,0,51,102
1,31,ground,Ammo,1,0,0,0,0,62,107
1,31,ground,Ammo,1,0,0,0,0,102,54
1,31,ground,River Fish,2,0,0,0,0,72,64
1,31,ground,River Fish,5,0,0,0,0,58,53
1,31,ground,River Fish,4,0,0,0,0,30,30
1,31,ground,River Fish,5,0,0,0,0,15,20
1,31,ground,Pickaxe,1,32,0,0,0,52,78
1,32,ground,Stick,1,18,0,0,0,55,35
1,32,ground,Bow,1,0,0,20,0,105,53
1,32,ground,Raw Meat,1,0,0,0,0,101,65
1,32,ground,Rope Snare,2,0,0,0,0,63,32
1,32,ground,Bitter Root,1,0,0,0,0,50,62
1,32,ground,Lighter,1,0,20,0,0,40,41
1,32,ground,Ammo,1,0,0,0,0,32,42
1,32,ground,Hunting Spear,1,45,0,0,0,39,14
1,32,ground,Ammo,1,0,0,0,0,32,14
1,32,ground,Fungal Bread,1,0,0,0,0,39,78
1,32,ground,Medkit,1,0,0,0,0,9,51
1,32,ground,River Fish,4,0,0,0,0,18,45
1,32,ground,Sleep Meds,3,0,0,0,0,98,54
1,32,ground,Splint,1,0,2,0,0,73,51
1,32,wall,Stick,1,18,0,0,0,35,52
1,33,ground,Stick,1,18,0,0,0,78,59
1,33,ground,Seed Bag,1,0,6,0,0,18,44
1,33,ground,Fried Egg,2,0,0,0,0,15,50
1,33,ground,Hatchet,1,35,0,0,0,96,51
1,33,ground,Torch,1,90,0,0,0,96,50
1,33,ground,Wooden Maul,1,24,0,0,0,125,51
1,33,ground,Root Drill,1,0,3,0,0,126,51
1,33,ground,Fungal Bread,2,0,0,0,0,118,60
1,33,ground,Firecracker,2,0,0,0,0,127,55
1,33,ground,Firecracker,2,0,0,0,0,120,62
1,33,ground,River Fish,6,0,0,0,0,58,60
1,33,ground,River Fish,5,0,0,0,0,124,14
1,33,ground,Rope Snare,2,0,0,0,0,93,56
1,33,ground,Water flask,2,0,0,0,0,119,35
1,33,ground,Ammo,1,0,0,0,0,124,32
1,33,ground,Hunting Horn,1,0,8,0,0,147,51
1,33,ground,Ammo,1,0,0,0,0,145,59
1,33,ground,Water flask,2,0,0,0,0,46,57
1,33,ground,Medkit,1,0,0,0,0,147,31
1,33,ground,Bandage,2,0,0,0,0,143,33
1,33,ground,River Fish,5,0,0,0,0,57,22
1,33,ground,Fried Egg,2,0,0,0,0,54,15
1,33,ground,Water flask,2,0,0,0,0,68,29
1,33,ground,Fried Egg,2,0,0,0,0,124,42
1,33,wall,Cooked Meat,2,0,0,0,0,98,8
1,33,wall,Throwing Rock,3,0,0,0,0,71,37
1,34,ground,Stick,1,18,0,0,0,56,57
1,34,ground,Stick,1,18,0,0,0,71,39
1,34,ground,Sleep Meds,3,0,0,0,0,80,35
1,34,ground,Splint,1,0,2,0,0,67,30
1,34,ground,River Fish,5,0,0,0,0,36,79
1,34,ground,Fishing Line,1,0,20,0,0,39,79
1,34,ground,Bomb,2,0,0,0,0,35,15
1,34,ground,Sap jar,1,0,0,0,0,36,33
1,34,ground,Ammo,1,0,0,0,0,31,60
1,34,ground,Water flask,2,0,0,0,0,35,11
1,34,ground,Medkit,1,0,0,0,0,12,8
1,34,ground,Bandage,2,0,0,0,0,7,11
1,34,ground,Ammo,1,0,0,0,0,13,11
1,34,ground,River Fish,2,0,0,0,0,75,68
1,34,stored,Reflecting Pan,1,24,0,0,0,73,52
1,34,ground,Digging Claws,1,200,0,0,0,26,75
1,34,ground,Rake,1,400,0,0,0,64,75
1,34,ground,Rake,1,400,0,0,0,73,56
1,34,ground,Resin Glue,1,0,0,0,0,27,84
1,35,ground,Stick,1,18,0,0,0,55,80
1,35,ground,Pickaxe,1,32,0,0,0,34,31
1,35,ground,Thorn Caltrops,1,0,0,0,0,72,83
1,35,ground,Rake,1,400,0,0,0,57,54
1,35,ground,Herb Bag,1,0,4,0,0,60,58
1,35,ground,Ammo,1,0,0,0,0,32,55
1,35,ground,Fungal Bread,1,0,0,0,0,7,57
1,35,ground,Ammo,1,0,0,0,0,10,78
1,35,ground,Resin Glue,1,0,0,0,0,99,60
1,35,stored,Resin Glue,1,0,0,0,0,54,60
1,35,ground,Pickaxe,1,32,0,0,0,32,10
1,35,ground,Thorn Caltrops,2,0,0,0,0,76,73
1,35,ground,Cooked Meat,2,0,0,0,0,35,59
1,35,ground,Water flask,2,0,0,0,0,84,57
1,35,wall,Straw Decoy,1,0,0,0,0,24,33
1,36,ground,Stick,1,18,0,0,0,35,79
1,36,ground,Throwing Rock,3,0,0,0,0,32,47
1,36,ground,River Fish,3,0,0,0,0,59,96
1,36,ground,Sleep Meds,3,0,0,0,0,82,101
1,36,ground,Hunting Spear,1,45,0,0,0,75,99
1,36,ground,River Fish,4,0,0,0,0,50,71
1,36,ground,Bow,1,0,0,20,0,31,61
1,36,ground,Water flask,2,0,0,0,0,48,78
1,36,ground,Medkit,1,0,0,0,0,35,3
1,36,ground,Medkit,1,0,0,0,0,14,43
1,36,ground,Ammo,1,0,0,0,0,20,34
1,36,ground,Rake,1,400,0,0,0,14,53
1,36,ground,Fungal Bread,1,0,0,0,0,17,57
1,36,ground,Ammo,1,0,0,0,0,34,18
1,36,ground,River Fish,2,0,0,0,0,41,64
1,36,ground,River Fish,2,0,0,0,0,41,52
1,36,ground,River Fish,2,0,0,0,0,54,43
1,36,ground,River Fish,5,0,0,0,0,52,27
1,36,ground,Resin Glue,1,0,0,0,0,63,74
1,36,wall,Hatchet,1,35,0,0,0,43,92
1,37,ground,Stick,1,18,0,0,0,79,58
1,37,ground,Torch,1,90,0,0,0,33,62
1,37,ground,Fungal Bread,1,0,0,0,0,32,73
1,37,ground,Lighter,1,0,20,0,0,43,61
1,37,ground,Shield Lantern,1,24,0,0,0,101,36
1,37,ground,Resin Glue,1,0,0,0,0,83,28
1,37,ground,Ammo,1,0,0,0,0,77,32
1,37,ground,Medkit,1,0,0,0,0,57,43
1,37,ground,Straw Decoy,1,0,0,0,0,84,15
1,37,ground,Ammo,1,0,0,0,0,85,10
1,37,ground,Rake,1,400,0,0,0,92,37
1,37,ground,Fungal Bread,1,0,0,0,0,102,30
1,37,ground,Water flask,2,0,0,0,0,82,80
1,37,wall,Shield Lantern,1,24,0,0,0,71,76
1,38,ground,Stick,1,18,0,0,0,33,15
1,38,ground,Hatchet,1,35,0,0,0,31,38
1,38,ground,Torch,1,90,0,0,0,30,36
1,38,ground,Wooden Maul,1,24,0,0,0,59,38
1,38,ground,Root Drill,1,0,3,0,0,60,38
1,38,carried,Buckler,1,30,0,0,0,49,41
1,38,ground,Fungal Bread,2,0,0,0,0,36,32
1,38,ground,Fungal Bread,2,0,0,0,0,36,39
1,38,ground,Firecracker,2,0,0,0,0,55,40
1,38,ground,Hatchet,1,35,0,0,0,16,78
1,38,ground,Raw Meat,1,0,0,0,0,5,78
1,38,ground,Reflecting Pan,1,24,0,0,0,53,53
1,38,ground,Bird Seed,1,0,0,0,0,59,14
1,38,ground,Herb Bag,1,0,4,0,0,56,16
1,38,ground,Rake,1,400,0,0,0,38,53
1,38,ground,Bandage,2,0,0,0,0,35,54
1,38,ground,Ammo,1,0,0,0,0,5,32
1,38,ground,River Fish,5,0,0,0,0,29,59
1,38,ground,River Fish,5,0,0,0,0,15,62
1,38,ground,Pickaxe,1,32,0,0,0,78,29
1,38,wall,Cooked Meat,2,0,0,0,0,48,15
1,39,ground,Stick,1,18,0,0,0,57,58
1,39,ground,River Fish,5,0,0,0,0,39,55
1,39,ground,Digging Claws,1,200,0,0,0,31,33
1,39,ground,Water flask,2,0,0,0,0,37,57
1,39,ground,Rake,1,400,0,0,0,26,31
1,39,ground,Hatchet,1,35,0,0,0,75,78
1,39,ground,Raw Meat,2,0,0,0,0,62,75
1,39,ground,Hatchet,1,35,0,0,0,52,104
1,39,ground,Torch,1,90,0,0,0,51,104
1,39,ground,Hatchet,1,35,0,0,0,81,104
1,39,ground,Root Drill,1,0,3,0,0,82,103
1,39,carried,Buckler,1,30,0,0,0,61,99
1,39,carried,Buckler,1,30,0,0,0,82,101
1,39,carried,Buckler,1,30,0,0,0,50,99
1,39,ground,Fungal Bread,2,0,0,0,0,77,100
1,39,ground,Stick,1,18,0,0,0,15,31
1,39,ground,Thorn Caltrops,2,0,0,0,0,26,57
1,39,ground,Medkit,1,0,0,0,0,97,75
1,39,ground,Thorn Caltrops,2,0,0,0,0,77,63
1,39,ground,Ammo,1,0,0,0,0,77,60
1,39,ground,Resin Glue,1,0,0,0,0,32,76
1,39,ground,Ammo,1,0,0,0,0,33,81
1,39,ground,Bandage,2,0,0,0,0,103,75
1,39,ground,Bow,1,0,0,20,0,102,82
1,39,ground,Torch,1,90,0,0,0,27,84
1,39,wall,Bandage,3,0,0,0,0,10,28
1,40,ground,Stick,1,18,0,0,0,79,35
1,40,ground,Stick,1,18,0,0,0,39,50
1,40,ground,Rake,1,400,0,0,0,38,30
1,40,ground,Pickaxe,1,32,0,0,0,75,77
1,40,ground,Rope Hook,1,0,24,0,0,76,77
1,40,ground,Torch,1,90,0,0,0,79,55
1,40,ground,Throwing Rock,3,0,0,0,0,19,31
1,40,ground,Bird Seed,1,0,0,0,0,55,39
1,40,ground,Fungal Bread,1,0,0,0,0,56,29
1,40,ground,Bird Seed,1,0,0,0,0,10,39
1,40,ground,Fungal Bread,1,0,0,0,0,18,34
1,40,ground,Straw Decoy,1,0,0,0,0,36,79
1,40,ground,Ammo,1,0,0,0,0,39,77
1,40,ground,Ammo,1,0,0,0,0,58,17
1,40,ground,Water flask,2,0,0,0,0,60,3
1,40,wall,Water flask,2,0,0,0,0,47,15
1,40,wall,Sap jar,2,0,0,0,0,58,43
1,41,ground,Stick,1,18,0,0,0,56,36
1,41,ground,Hatchet,1,35,0,0,0,37,60
1,41,ground,Torch,1,90,0,0,0,38,60
1,41,ground,Flint Knife,1,60,0,0,0,8,60
1,41,ground,Root Drill,1,0,3,0,0,7,59
1,41,ground,Fungal Bread,2,0,0,0,0,12,63
1,41,ground,River Fish,4,0,0,0,0,58,52
1,41,ground,Fishing Line,1,0,20,0,0,56,52
1,41,ground,Mushroom spores,2,0,0,0,0,27,49
1,41,ground,Rake,1,400,0,0,0,54,6
1,41,ground,Herb Bag,1,0,4,0,0,57,15
1,41,ground,Mushroom spores,2,0,0,0,0,49,60
1,41,ground,Ammo,1,0,0,0,0,28,31
1,41,ground,Medkit,1,0,0,0,0,15,31
1,41,ground,Ammo,1,0,0,0,0,85,15
1,41,ground,Pitch Bomb,2,0,0,0,0,98,12
1,41,ground,River Fish,2,0,0,0,0,22,55
1,41,wall,Torch,1,90,0,0,0,52,46
1,42,ground,Stick,1,18,0,0,0,35,37
1,42,ground,River Fish,5,0,0,0,0,11,52
1,42,ground,Rope Snare,2,0,0,0,0,35,72
1,42,ground,Seed Bag,1,0,6,0,0,42,63
1,42,ground,Bandage,2,0,0,0,0,33,58
1,42,ground,Water flask,2,0,0,0,0,7,39
1,42,ground,Ammo,1,0,0,0,0,10,41
1,42,ground,Flint Knife,1,60,0,0,0,9,17
1,42,ground,Ammo,1,0,0,0,0,17,13
1,42,ground,Medkit,1,0,0,0,0,61,96
1,42,ground,River Fish,4,0,0,0,0,16,56
1,42,ground,River Fish,2,0,0,0,0,49,14
1,42,stored,Fungal Bread,1,0,0,0,0,11,40
1,42,stored,Honey pot,1,0,0,0,0,37,51
1,42,ground,Lighter,1,0,20,0,0,8,82
1,42,ground,Hatchet,1,35,0,0,0,6,54
1,42,ground,Flint Knife,1,60,0,0,0,37,78
1,42,ground,Flint Knife,1,60,0,0,0,15,76
1,42,ground,Fried Egg,2,0,0,0,0,18,42
1,42,wall,Reflecting Pan,1,24,0,0,0,5,31
1,43,ground,Stick,1,18,0,0,0,34,80
1,43,ground,River Fish,5,0,0,0,0,81,6
1,43,ground,River Fish,4,0,0,0,0,10,82
1,43,ground,Fishing Line,1,0,20,0,0,8,79
1,43,ground,Rope Hook,1,0,24,0,0,40,31
1,43,ground,Rake,1,400,0,0,0,42,63
1,43,ground,Herb Bag,1,0,4,0,0,29,53
1,43,ground,Thorn Caltrops,1,0,0,0,0,50,35
1,43,ground,Herb Bag,1,0,4,0,0,33,25
1,43,ground,Ammo,1,0,0,0,0,39,14
1,43,ground,Ammo,1,0,0,0,0,96,31
1,43,ground,River Fish,3,0,0,0,0,23,74
1,43,ground,River Fish,4,0,0,0,0,45,73
1,43,ground,River Fish,3,0,0,0,0,53,83
1,43,ground,River Fish,2,0,0,0,0,69,85
1,43,ground,Digging Claws,1,200,0,0,0,37,35
1,43,wall,Bow,1,0,0,20,0,59,37
1,43,wall,Bandage,3,0,0,0,0,46,51
1,44,ground,Stick,1,18,0,0,0,11,57
1,44,ground,Pickaxe,1,32,0,0,0,82,35
1,44,ground,Honey pot,1,0,0,0,0,78,28
1,44,ground,Flint Knife,1,60,0,0,0,36,59
1,44,ground,Sleep Meds,3,0,0,0,0,31,53
1,44,ground,Herb Bag,1,0,4,0,0,33,53
1,44,ground,Rope Snare,2,0,0,0,0,53,60
1,44,ground,Bandage,2,0,0,0,0,56,60
1,44,ground,Ammo,1,0,0,0,0,53,35
1,44,ground,Medkit,1,0,0,0,0,9,80
1,44,ground,Ammo,1,0,0,0,0,11,79
1,44,ground,River Fish,5,0,0,0,0,85,39
1,44,ground,Medkit,1,0,0,0,0,63,29
1,44,ground,Hatchet,1,35,0,0,0,33,38
1,44,wall,Fried Egg,2,0,0,0,0,41,32
1,45,ground,Stick,1,18,0,0,0,56,14
1,45,ground,Water flask,2,0,0,0,0,48,27
1,45,ground,Digging Claws,1,200,0,0,0,29,31
1,45,ground,Sap jar,2,0,0,0,0,37,41
1,45,ground,Bear Trap,2,0,0,0,0,83,20
1,45,ground,Rake,1,400,0,0,0,36,12
1,45,ground,Herb Bag,1,0,4,0,0,35,18
1,45,ground,Lighter,1,0,20,0,0,78,8
1,45,ground,Ammo,1,0,0,0,0,84,14
1,45,ground,Ammo,1,0,0,0,0,95,33
1,45,ground,Medkit,1,0,0,0,0,121,33
1,45,ground,Reflecting Pan,1,24,0,0,0,12,6
1,45,ground,Rake,1,400,0,0,0,66,46
1,46,ground,Stick,1,18,0,0,0,79,57
1,46,ground,River Fish,3,0,0,0,0,57,30
1,46,ground,Flint Knife,1,60,0,0,0,70,38
1,46,ground,Resin Glue,1,0,0,0,0,69,32
1,46,ground,River Fish,6,0,0,0,0,36,35
1,46,ground,Hatchet,1,35,0,0,0,84,80
1,46,ground,Sap jar,1,0,0,0,0,30,59
1,46,ground,Mushroom spores,2,0,0,0,0,28,32
1,46,ground,Medkit,1,0,0,0,0,83,15
1,46,ground,Fungal Bread,1,0,0,0,0,9,34
1,46,ground,Cooked Meat,2,0,0,0,0,10,15
1,46,ground,Ammo,1,0,0,0,0,15,13
1,46,ground,Ammo,1,0,0,0,0,82,8
1,46,ground,River Fish,5,0,0,0,0,66,49
1,46,ground,River Fish,4,0,0,0,0,68,67
1,46,ground,Bow,1,0,0,20,0,14,31
1,46,ground,Medkit,1,0,0,0,0,80,83
1,46,wall,Pickaxe,1,32,0,0,0,53,50
1,47,ground,Stick,1,18,0,0,0,79,14
1,47,ground,River Fish,5,0,0,0,0,75,49
1,47,ground,Hatchet,1,35,0,0,0,107,57
1,47,ground,Boomerang,1,0,0,0,0,57,37
1,47,ground,Fried Egg,2,0,0,0,0,62,28
1,47,ground,River Fish,3,0,0,0,0,33,34
1,47,ground,Fishing Line,1,0,20,0,0,35,32
1,47,ground,River Fish,5,0,0,0,0,53,52
1,47,ground,Fishing Line,1,0,20,0,0,55,55
1,47,ground,Pitch Bomb,2,0,0,0,0,72,28
1,47,ground,Water flask,2,0,0,0,0,31,39
1,47,ground,Water flask,2,0,0,0,0,54,53
1,47,ground,Fungal Bread,1,0,0,0,0,35,12
1,47,ground,Medkit,1,0,0,0,0,13,39
1,47,ground,Ammo,1,0,0,0,0,14,37
1,47,ground,River Fish,5,0,0,0,0,25,41
1,47,ground,Bow,1,0,0,20,0,15,47
1,48,ground,Stick,1,18,0,0,0,56,79
1,48,ground,Smoke pot,2,0,0,0,0,28,17
1,48,ground,Throwing Rock,3,0,0,0,0,43,37
1,48,ground,Throwing Rock,3,0,0,0,0,54,19
1,48,ground,Hatchet,1,35,0,0,0,16,30
1,48,ground,Torch,1,90,0,0,0,14,29
1,48,ground,Pickaxe,1,32,0,0,0,16,59
1,48,ground,Root Drill,1,0,3,0,0,15,60
1,48,ground,Firecracker,2,0,0,0,0,10,51
1,48,ground,Sleep Meds,3,0,0,0,0,32,36
1,48,ground,Rake,1,400,0,0,0,54,56
1,48,ground,Bandage,2,0,0,0,0,57,52
1,48,ground,Medkit,1,0,0,0,0,7,20
1,48,ground,Wooden Maul,1,24,0,0,0,14,16
1,48,ground,Ammo,1,0,0,0,0,10,8
1,48,ground,Thorn Caltrops,2,0,0,0,0,61,64
1,49,ground,Stick,1,18,0,0,0,34,58
1,49,ground,Pickaxe,1,32,0,0,0,61,74
1,49,ground,Mushroom spores,2,0,0,0,0,56,85
1,49,ground,Sap jar,1,0,0,0,0,58,28
1,49,ground,Bomb,2,0,0,0,0,81,33
1,49,ground,Bandage,2,0,0,0,0,81,32
1,49,ground,Ammo,1,0,0,0,0,76,76
1,49,ground,Medkit,1,0,0,0,0,75,57
1,49,ground,Boomerang,1,0,0,0,0,75,10
1,49,ground,Ammo,1,0,0,0,0,84,14
1,49,ground,Medkit,1,0,0,0,0,13,65
1,49,ground,Sap jar,2,0,0,0,0,80,82
1,49,wall,Buckler,1,30,0,0,0,21,55
1,49,wall,Bandage,3,0,0,0,0,72,79
1,50,ground,Stick,1,18,0,0,0,57,59
1,50,ground,Mushroom spores,2,0,0,0,0,26,65
1,50,ground,Hunting Spear,1,45,0,0,0,32,9
1,50,ground,Stick,1,18,0,0,0,64,8
1,50,ground,Hatchet,1,35,0,0,0,51,73
1,50,ground,Torch,1,90,0,0,0,50,73
1,50,ground,Hatchet,1,35,0,0,0,83,73
1,50,ground,Root Drill,1,0,3,0,0,83,72
1,50,carried,Buckler,1,30,0,0,0,63,75
1,50,carried,Buckler,1,30,0,0,0,54,78
1,50,ground,Firecracker,2,0,0,0,0,62,82
1,50,ground,Seed Bag,1,0,6,0,0,12,74
1,50,ground,Rake,1,400,0,0,0,5,8
1,50,ground,Herb Bag,1,0,4,0,0,13,14
1,50,ground,Medkit,1,0,0,0,0,35,37
1,50,ground,Water flask,2,0,0,0,0,36,100
1,50,ground,Ammo,1,0,0,0,0,35,30
1,50,ground,River Fish,4,0,0,0,0,51,29
1,50,ground,River Fish,3,0,0,0,0,40,44
1,50,ground,River Fish,5,0,0,0,0,41,68
1,50,ground,River Fish,4,0,0,0,0,29,82
1,50,ground,River Fish,2,0,0,0,0,18,97
1,50,ground,Pickaxe,1,32,0,0,0,48,39
1,50,ground,Thorn Caltrops,2,0,0,0,0,55,33
1,50,ground,Resin Glue,1,0,0,0,0,10,109
1,50,wall,Wooden Maul,1,24,0,0,0,21,14
1,50,wall,Cooked Meat,2,0,0,0,0,7,17
1,50,wall,Hatchet,1,35,0,0,0,39,105
1,51,ground,Stick,1,18,0,0,0,77,58
1,51,ground,River Fish,6,0,0,0,0,37,36
1,51,ground,Fishing Line,1,0,20,0,0,33,38
1,51,ground,Shield Lantern,1,24,0,0,0,96,53
1,51,ground,Chili,1,0,0,0,0,79,35
1,51,ground,Pickaxe,1,32,0,0,0,58,34
1,51,ground,Ammo,1,0,0,0,0,53,30
1,51,ground,Ammo,1,0,0,0,0,9,35
1,51,ground,Medkit,1,0,0,0,0,12,12
1,51,ground,Fungal Bread,1,0,0,0,0,58,13
1,51,ground,Bear Trap,2,0,0,0,0,84,11
1,51,ground,River Fish,5,0,0,0,0,25,60
1,51,ground,River Fish,4,0,0,0,0,31,73
1,51,wall,Hatchet,1,35,0,0,0,21,26
1,51,wall,Stick,1,18,0,0,0,61,30
1,52,ground,Stick,1,18,0,0,0,79,36
1,52,ground,Hatchet,1,35,0,0,0,33,32
1,52,ground,Pickaxe,1,32,0,0,0,46,42
1,52,ground,Wooden Maul,1,24,0,0,0,32,37
1,52,ground,Hatchet,1,35,0,0,0,60,51
1,52,ground,Torch,1,90,0,0,0,61,51
1,52,ground,Digging Claws,1,200,0,0,0,29,51
1,52,ground,Root Drill,1,0,3,0,0,28,51
1,52,carried,Buckler,1,30,0,0,0,55,54
1,52,carried,Buckler,1,30,0,0,0,27,50
1,52,ground,Firecracker,2,0,0,0,0,34,49
1,52,ground,Torch,1,90,0,0,0,82,76
1,52,ground,Water flask,2,0,0,0,0,74,7
1,52,ground,Ammo,1,0,0,0,0,33,71
1,52,ground,Rake,1,400,0,0,0,11,52
1,52,ground,Ammo,1,0,0,0,0,14,62
1,52,ground,Medkit,1,0,0,0,0,33,102
1,52,ground,Bandage,2,0,0,0,0,72,56
1,52,ground,River Fish,3,0,0,0,0,70,62
1,52,ground,River Fish,4,0,0,0,0,61,79
1,52,ground,Wooden Maul,1,24,0,0,0,80,44
1,52,ground,Resin Glue,1,0,0,0,0,31,82
1,52,ground,Sap jar,2,0,0,0,0,77,73
1,52,ground,Lighter,1,0,20,0,0,46,105
1,53,ground,Stick,1,18,0,0,0,77,37
1,53,ground,Honey pot,1,0,0,0,0,74,77
1,53,ground,Sap jar,2,0,0,0,0,85,38
1,53,ground,Mushroom spores,2,0,0,0,0,84,58
1,53,ground,Herb Bag,1,0,4,0,0,76,56
1,53,ground,Sap jar,1,0,0,0,0,78,82
1,53,ground,Crossbow,1,0,0,1,16,81,10
1,53,ground,Ammo,1,0,0,0,0,74,19
1,53,ground,Herb Bag,1,0,4,0,0,61,81
1,53,ground,Ammo,1,0,0,0,0,35,79
1,53,stored,Resin Glue,1,0,0,0,0,56,75
1,53,stored,Rope Snare,2,0,0,0,0,31,102
1,53,stored,Honey pot,1,0,0,0,0,32,94
1,53,stored,Egg,3,0,0,0,0,37,98
1,53,wall,Fried Egg,2,0,0,0,0,85,52
1,54,ground,Stick,1,18,0,0,0,79,57
1,54,ground,River Fish,4,0,0,0,0,74,33
1,54,ground,Torch,1,90,0,0,0,59,78
1,54,ground,Bird Seed,1,0,0,0,0,81,71
1,54,ground,Fungal Bread,1,0,0,0,0,87,72
1,54,ground,Sap jar,1,0,0,0,0,98,77
1,54,ground,Herb Bag,1,0,4,0,0,58,83
1,54,ground,Bomb,2,0,0,0,0,120,81
1,54,ground,Ammo,1,0,0,0,0,126,79
1,54,ground,Ammo,1,0,0,0,0,13,83
1,54,ground,Thorn Caltrops,2,0,0,0,0,87,26
1,54,ground,Reflecting Pan,1,24,0,0,0,61,61
1,55,ground,Stick,1,18,0,0,0,78,59
1,55,ground,Flint Knife,1,60,0,0,0,53,28
1,55,ground,Straw Decoy,1,0,0,0,0,56,22
1,55,ground,River Fish,5,0,0,0,0,11,30
1,55,ground,Fishing Line,1,0,20,0,0,7,29
1,55,ground,Torch,1,90,0,0,0,77,62
1,55,ground,Oil flask,1,0,0,0,0,63,56
1,55,ground,Ammo,1,0,0,0,0,75,34
1,55,ground,Medkit,1,0,0,0,0,42,58
1,55,ground,Water flask,2,0,0,0,0,14,37
1,55,ground,Herb Bag,1,0,4,0,0,74,5
1,55,ground,Ammo,1,0,0,0,0,26,62
1,55,ground,River Fish,5,0,0,0,0,20,58
1,55,ground,Flint Knife,1,60,0,0,0,77,27
1,55,wall,Bow,1,0,0,20,0,18,25
1,55,wall,Water flask,2,0,0,0,0,10,45
1,56,ground,Stick,1,18,0,0,0,57,59
1,56,ground,Hatchet,1,35,0,0,0,39,82
1,56,ground,Torch,1,90,0,0,0,39,83
1,56,ground,Flint Knife,1,60,0,0,0,39,52
1,56,ground,Root Drill,1,0,3,0,0,37,51
1,56,carried,Buckler,1,30,0,0,0,43,81
1,56,carried,Buckler,1,30,0,0,0,36,71
1,56,ground,Firecracker,2,0,0,0,0,37,56
1,56,ground,Fungal Bread,2,0,0,0,0,39,56
1,56,ground,Straw Decoy,1,0,0,0,0,62,52
1,56,ground,Egg,3,0,0,0,0,54,75
1,56,ground,Fungal Bread,1,0,0,0,0,51,77
1,56,ground,Pickaxe,1,32,0,0,0,33,30
1,56,ground,Ammo,1,0,0,0,0,32,40
1,56,ground,Medkit,1,0,0,0,0,14,54
1,56,ground,Smoke pot,2,0,0,0,0,5,80
1,56,ground,Ammo,1,0,0,0,0,9,72
1,56,ground,River Fish,5,0,0,0,0,41,62
1,56,ground,River Fish,3,0,0,0,0,31,50
1,56,ground,River Fish,4,0,0,0,0,21,39
1,56,stored,Flint Knife,1,60,0,0,0,28,34
1,56,stored,Cooked Meat,2,0,0,0,0,37,28
1,56,stored,Seed Bag,1,0,6,0,0,60,41
1,56,wall,Throwing Rock,3,0,0,0,0,21,22
1,57,ground,Stick,1,18,0,0,0,34,59
1,57,ground,Flint Knife,1,60,0,0,0,100,75
1,57,ground,Throwing Net,2,0,0,0,0,101,75
1,57,ground,Torch,1,90,0,0,0,56,79
1,57,ground,River Fish,6,0,0,0,0,58,49
1,57,ground,Fishing Line,1,0,20,0,0,55,48
1,57,ground,River Fish,3,0,0,0,0,12,59
1,57,ground,Shield Lantern,1,24,0,0,0,28,52
1,57,ground,Mushroom spores,2,0,0,0,0,52,57
1,57,ground,Buckler,1,30,0,0,0,64,92
1,57,ground,Ammo,1,0,0,0,0,52,93
1,57,ground,Ammo,1,0,0,0,0,58,36
1,57,ground,Mushroom spores,2,0,0,0,0,9,64
1,57,ground,Bandage,2,0,0,0,0,64,13
1,57,ground,Medkit,1,0,0,0,0,88,55
1,57,ground,River Fish,4,0,0,0,0,48,30
1,57,ground,River Fish,2,0,0,0,0,34,8
1,57,ground,Bandage,3,0,0,0,0,63,38
1,57,ground,Lighter,1,0,20,0,0,14,49
1,57,wall,Herb Bag,1,0,4,0,0,43,22
1,57,wall,Stick,1,18,0,0,0,50,62
1,58,ground,Stick,1,18,0,0,0,33,81
1,58,ground,Bow,1,0,0,20,0,82,60
1,58,ground,Raw Meat,1,0,0,0,0,80,55
1,58,ground,Torch,1,90,0,0,0,50,77
1,58,ground,Rake,1,400,0,0,0,33,47
1,58,ground,Bandage,2,0,0,0,0,31,53
1,58,ground,Medkit,1,0,0,0,0,101,83
1,58,ground,Rake,1,400,0,0,0,54,83
1,58,ground,Ammo,1,0,0,0,0,7,62
1,58,ground,Ammo,1,0,0,0,0,98,73
1,58,ground,River Fish,3,0,0,0,0,72,67
1,58,ground,River Fish,5,0,0,0,0,51,81
1,58,ground,River Fish,2,0,0,0,0,43,91
1,58,ground,Flint Knife,1,60,0,0,0,53,73
1,58,ground,Water flask,2,0,0,0,0,56,50
1,58,ground,Water flask,2,0,0,0,0,79,79
1,58,ground,Bomb,2,0,0,0,0,70,58
1,58,ground,Fried Egg,2,0,0,0,0,39,100
1,59,ground,Stick,1,18,0,0,0,35,59
1,59,ground,Hunting Spear,1,45,0,0,0,56,16
1,59,ground,Rope Hook,1,0,24,0,0,57,16
1,59,ground,Torch,1,90,0,0,0,33,12
1,59,ground,River Fish,3,0,0,0,0,34,36
1,59,ground,River Fish,6,0,0,0,0,17,18
1,59,ground,Fishing Line,1,0,20,0,0,19,17
1,59,ground,Pickaxe,1,32,0,0,0,39,73
1,59,ground,Honey pot,1,0,0,0,0,39,81
1,59,ground,Seed Bag,1,0,6,0,0,6,9
1,59,ground,Water flask,2,0,0,0,0,33,33
1,59,ground,Bird Seed,1,0,0,0,0,31,71
1,59,ground,Herb Bag,1,0,4,0,0,34,83
1,59,ground,Fungal Bread,1,0,0,0,0,10,33
1,59,ground,Acorn Mine,2,0,0,0,0,61,72
1,59,ground,Ammo,1,0,0,0,0,60,87
1,59,ground,Ammo,1,0,0,0,0,7,80
1,59,ground,Fried Egg,2,0,0,0,0,14,60
1,59,wall,Hunting Horn,1,0,8,0,0,63,2
1,60,ground,Stick,1,18,0,0,0,35,37
1,60,ground,Sap jar,2,0,0,0,0,107,76
1,60,ground,Hatchet,1,35,0,0,0,75,74
1,60,ground,Digging Claws,1,200,0,0,0,79,74
1,60,ground,Flint Knife,1,60,0,0,0,84,79
1,60,ground,Bow,1,0,0,20,0,55,74
1,60,ground,Throwing Net,2,0,0,0,0,56,74
1,60,ground,Torch,1,90,0,0,0,34,78
1,60,ground,Reflecting Pan,1,24,0,0,0,100,81
1,60,ground,Reflecting Pan,1,24,0,0,0,14,36
1,60,ground,Herb Bag,1,0,4,0,0,11,31
1,60,ground,Bird Seed,1,0,0,0,0,32,52
1,60,ground,Bandage,2,0,0,0,0,36,61
1,60,ground,Ammo,1,0,0,0,0,11,10
1,60,ground,Ammo,1,0,0,0,0,52,101
1,60,ground,Mushroom spores,2,0,0,0,0,34,96
1,60,ground,Fried Egg,2,0,0,0,0,20,14
1,61,ground,Stick,1,18,0,0,0,79,57
1,61,ground,River Fish,5,0,0,0,0,5,48
1,61,ground,Fried Egg,2,0,0,0,0,16,37
1,61,ground,Bow,1,0,0,20,0,34,60
1,61,ground,Throwing Net,2,0,0,0,0,35,60
1,61,ground,Torch,1,90,0,0,0,55,55
1,61,ground,Pitch Bomb,2,0,0,0,0,22,60
1,61,ground,Hatchet,1,35,0,0,0,37,81
1,61,ground,Ammo,1,0,0,0,0,29,86
1,61,ground,Rake,1,400,0,0,0,3,82
1,61,ground,Herb Bag,1,0,4,0,0,8,75
1,61,ground,Shield Lantern,1,24,0,0,0,35,102
1,61,ground,Ammo,1,0,0,0,0,34,106
1,61,ground,Medkit,1,0,0,0,0,19,100
1,61,ground,Rake,1,400,0,0,0,29,77
1,61,wall,Cooked Meat,2,0,0,0,0,71,31
1,62,ground,Stick,1,18,0,0,0,34,80
1,62,ground,Hunting Spear,1,45,0,0,0,45,56
1,62,ground,Resin Glue,1,0,0,0,0,47,40
1,62,ground,Water flask,2,0,0,0,0,34,39
1,62,ground,River Fish,5,0,0,0,0,22,78
1,62,ground,Sleep Meds,3,0,0,0,0,16,61
1,62,ground,River Fish,6,0,0,0,0,84,56
1,62,ground,River Fish,5,0,0,0,0,58,16
1,62,ground,Boomerang,1,0,0,0,0,50,11
1,62,ground,Water flask,2,0,0,0,0,83,52
1,62,ground,Water flask,2,0,0,0,0,51,9
1,62,ground,Medkit,1,0,0,0,0,76,35
1,62,ground,Bandage,2,0,0,0,0,82,30
1,62,ground,Ammo,1,0,0,0,0,70,30
1,62,ground,River Fish,3,0,0,0,0,35,30
1,62,ground,River Fish,4,0,0,0,0,26,43
1,62,ground,River Fish,4,0,0,0,0,29,61
1,62,ground,River Fish,5,0,0,0,0,23,77
1,62,ground,Resin Glue,1,0,0,0,0,48,17
1,62,ground,Sap jar,2,0,0,0,0,61,11
1,62,ground,Pickaxe,1,32,0,0,0,36,88
1,62,wall,Cooked Meat,2,0,0,0,0,57,5
1,63,ground,Stick,1,18,0,0,0,56,35
1,63,ground,Medkit,1,0,0,0,0,81,11
1,63,ground,Shield Lantern,1,24,0,0,0,47,12
1,63,ground,Hatchet,1,35,0,0,0,84,17
1,63,ground,Raw Meat,1,0,0,0,0,36,32
1,63,ground,Bow,1,0,0,20,0,53,78
1,63,ground,Rake,1,400,0,0,0,33,59
1,63,ground,Ammo,1,0,0,0,0,35,57
1,63,ground,Rake,1,400,0,0,0,38,5
1,63,ground,Bandage,2,0,0,0,0,42,9
1,63,ground,Fungal Bread,1,0,0,0,0,59,65
1,63,ground,Throwing Net,2,0,0,0,0,7,55
1,63,ground,Ammo,1,0,0,0,0,9,55
1,63,stored,Mushroom spores,2,0,0,0,0,32,31
1,63,stored,Flint Knife,1,60,0,0,0,35,33
1,63,ground,Lighter,1,0,20,0,0,62,54
1,63,ground,Straw Decoy,1,0,0,0,0,41,62
1,63,ground,Pickaxe,1,32,0,0,0,28,10
1,63,ground,Buckler,1,30,0,0,0,32,16
1,63,wall,Bandage,3,0,0,0,0,31,37
1,63,wall,Thorn Caltrops,2,0,0,0,0,24,58
1,64,ground,Stick,1,18,0,0,0,11,80
1,64,ground,River Fish,3,0,0,0,0,31,76
1,64,ground,Hatchet,1,35,0,0,0,40,99
1,64,ground,Torch,1,90,0,0,0,42,77
1,64,ground,Pickaxe,1,32,0,0,0,32,102
1,64,ground,Hatchet,1,35,0,0,0,51,60
1,64,ground,Torch,1,90,0,0,0,50,60
1,64,ground,Stick,1,18,0,0,0,51,29
1,64,ground,Root Drill,1,0,3,0,0,50,29
1,64,carried,Buckler,1,30,0,0,0,51,38
1,64,carried,Buckler,1,30,0,0,0,62,32
1,64,ground,Fungal Bread,2,0,0,0,0,56,37
1,64,ground,Fungal Bread,2,0,0,0,0,59,53
1,64,ground,River Fish,4,0,0,0,0,33,57
1,64,ground,Hatchet,1,35,0,0,0,16,96
1,64,ground,Boomerang,1,0,0,0,0,30,125
1,64,ground,Ammo,1,0,0,0,0,14,93
1,64,ground,Bird Seed,1,0,0,0,0,62,85
1,64,ground,Bandage,2,0,0,0,0,63,81
1,64,ground,Ammo,1,0,0,0,0,57,95
1,64,ground,Medkit,1,0,0,0,0,58,124
1,64,ground,Water flask,2,0,0,0,0,29,62
1,65,ground,Stick,1,18,0,0,0,11,79
1,65,ground,River Fish,3,0,0,0,0,61,81
1,65,ground,Hunting Horn,1,0,8,0,0,82,75
1,65,ground,Boomerang,1,0,0,0,0,51,73
1,65,ground,River Fish,4,0,0,0,0,59,42
1,65,ground,Fishing Line,1,0,20,0,0,62,44
1,65,ground,Hunting Spear,1,45,0,0,0,87,73
1,65,ground,Bird Seed,1,0,0,0,0,11,48
1,65,ground,Bandage,2,0,0,0,0,13,64
1,65,ground,Rake,1,400,0,0,0,28,54
1,65,ground,Fungal Bread,1,0,0,0,0,41,57
1,65,ground,Ammo,1,0,0,0,0,34,39
1,65,ground,Fungal Bread,1,0,0,0,0,74,32
1,65,ground,Ammo,1,0,0,0,0,73,35
1,65,ground,River Fish,4,0,0,0,0,38,55
1,65,ground,Throwing Rock,3,0,0,0,0,49,42
1,65,wall,Pickaxe,1,32,0,0,0,34,22
1,66,ground,Stick,1,18,0,0,0,33,13
1,66,ground,River Fish,5,0,0,0,0,73,58
1,66,ground,Fishing Line,1,0,20,0,0,72,56
1,66,ground,River Fish,3,0,0,0,0,13,15
1,66,ground,Pickaxe,1,32,0,0,0,29,38
1,66,ground,Water flask,2,0,0,0,0,36,39
1,66,ground,Pickaxe,1,32,0,0,0,42,53
1,66,ground,Ammo,1,0,0,0,0,38,53
1,66,ground,Ammo,1,0,0,0,0,78,33
1,66,ground,Medkit,1,0,0,0,0,9,35
1,66,ground,Bandage,2,0,0,0,0,6,30
1,66,ground,River Fish,2,0,0,0,0,32,40
1,66,ground,River Fish,3,0,0,0,0,32,54
1,66,stored,Hatchet,1,35,0,0,0,83,55
1,66,stored,Sap jar,2,0,0,0,0,86,57
1,66,ground,Lighter,1,0,20,0,0,8,8
1,66,ground,Herb Bag,1,0,4,0,0,60,59
1,66,ground,Fried Egg,2,0,0,0,0,51,59
1,67,ground,Stick,1,18,0,0,0,78,57
1,67,ground,Hatchet,1,35,0,0,0,55,18
1,67,ground,Shield Lantern,1,24,0,0,0,75,29
1,67,ground,River Fish,5,0,0,0,0,50,51
1,67,ground,Bow,1,0,0,20,0,67,11
1,67,ground,Mushroom spores,2,0,0,0,0,59,56
1,67,ground,Ammo,1,0,0,0,0,97,38
1,67,ground,Ammo,1,0,0,0,0,52,81
1,67,ground,Medkit,1,0,0,0,0,32,86
1,67,ground,Buckler,1,30,0,0,0,97,12
1,67,ground,Rake,1,400,0,0,0,36,29
1,67,ground,Fungal Bread,1,0,0,0,0,32,29
1,67,wall,Sap jar,2,0,0,0,0,89,35
1,67,wall,Digging Claws,1,200,0,0,0,42,41
1,68,ground,Stick,1,18,0,0,0,79,57
1,68,ground,River Fish,5,0,0,0,0,83,83
1,68,ground,Fishing Line,1,0,20,0,0,86,81
1,68,ground,River Fish,6,0,0,0,0,30,31
1,68,ground,Fishing Line,1,0,20,0,0,30,33
1,68,ground,Wooden Maul,1,24,0,0,0,31,77
1,68,ground,Raw Meat,1,0,0,0,0,28,79
1,68,ground,Bow,1,0,0,20,0,71,70
1,68,ground,Ammo,1,0,0,0,0,55,55
1,68,ground,Mushroom spores,2,0,0,0,0,38,56
1,68,ground,Water flask,2,0,0,0,0,82,68
1,68,ground,Ammo,1,0,0,0,0,60,74
1,68,ground,Medkit,1,0,0,0,0,27,16
1,68,ground,Smoke pot,2,0,0,0,0,53,98
1,68,ground,Bandage,2,0,0,0,0,33,10
1,68,ground,River Fish,3,0,0,0,0,50,86
1,68,ground,River Fish,3,0,0,0,0,40,94
1,68,ground,River Fish,4,0,0,0,0,30,102
1,68,ground,River Fish,4,0,0,0,0,14,100
1,68,ground,Lighter,1,0,20,0,0,29,85
1,68,wall,Stick,1,18,0,0,0,64,57
1,69,ground,Stick,1,18,0,0,0,79,13
1,69,ground,Rope Snare,2,0,0,0,0,80,44
1,69,ground,Resin Glue,1,0,0,0,0,83,52
1,69,ground,Hatchet,1,35,0,0,0,66,43
1,69,ground,Fried Egg,2,0,0,0,0,34,13
1,69,ground,Bird Seed,3,0,0,0,0,53,14
1,69,ground,River Fish,5,0,0,0,0,37,34
1,69,ground,Fishing Line,1,0,20,0,0,37,31
1,69,ground,Torch,1,90,0,0,0,39,60
1,69,ground,Throwing Rock,3,0,0,0,0,10,28
1,69,ground,Water flask,2,0,0,0,0,40,27
1,69,ground,Medkit,1,0,0,0,0,11,30
1,69,ground,Torch,1,90,0,0,0,39,62
1,69,ground,Bandage,2,0,0,0,0,100,36
1,69,ground,Ammo,1,0,0,0,0,6,31
1,69,ground,River Fish,4,0,0,0,0,23,71
1,69,ground,Water flask,2,0,0,0,0,25,54
1,69,ground,Torch,1,90,0,0,0,33,37
1,69,ground,Pickaxe,1,32,0,0,0,30,43
1,69,wall,Pickaxe,1,32,0,0,0,15,19
1,69,wall,Fried Egg,2,0,0,0,0,104,28
1,70,ground,Stick,1,18,0,0,0,33,57
1,70,ground,Bow,1,0,0,20,0,57,18
1,70,ground,Torch,1,90,0,0,0,31,29
1,70,ground,Bird Seed,1,0,0,0,0,80,41
1,70,ground,Fungal Bread,1,0,0,0,0,79,36
1,70,ground,Medkit,1,0,0,0,0,79,47
1,70,ground,Bird Seed,1,0,0,0,0,109,33
1,70,ground,Ammo,1,0,0,0,0,79,54
1,70,ground,Rake,1,400,0,0,0,10,27
1,70,ground,Wooden Maul,1,24,0,0,0,76,84
1,70,ground,Water flask,2,0,0,0,0,11,41
1,70,wall,Smoke pot,2,0,0,0,0,92,37
1,70,wall,Cooked Meat,2,0,0,0,0,54,87
1,71,ground,Stick,1,18,0,0,0,77,80
1,71,ground,Smoke pot,2,0,0,0,0,62,35
1,71,ground,Bird Seed,3,0,0,0,0,72,54
1,71,ground,Rake,1,400,0,0,0,54,41
1,71,ground,River Fish,4,0,0,0,0,61,9
1,71,ground,River Fish,3,0,0,0,0,96,96
1,71,ground,Raw Meat,1,0,0,0,0,36,31
1,71,ground,Torch,1,90,0,0,0,109,63
1,71,ground,Bird Seed,1,0,0,0,0,98,76
1,71,ground,Herb Bag,1,0,4,0,0,98,78
1,71,ground,Resin Glue,1,0,0,0,0,98,52
1,71,ground,Ammo,1,0,0,0,0,102,64
1,71,ground,Bandage,2,0,0,0,0,41,35
1,71,ground,Ammo,1,0,0,0,0,10,43
1,71,ground,Pickaxe,1,32,0,0,0,110,107
1,71,ground,Bomb,2,0,0,0,0,33,38
1,71,wall,Hunting Spear,1,45,0,0,0,90,58
1,71,wall,Throwing Rock,3,0,0,0,0,94,64
1,72,ground,Stick,1,18,0,0,0,33,57
1,72,ground,Hatchet,1,35,0,0,0,96,52
1,72,ground,Torch,1,90,0,0,0,97,51
1,72,ground,Bow,1,0,0,20,0,96,81
1,72,ground,Root Drill,1,0,3,0,0,97,82
1,72,ground,Firecracker,2,0,0,0,0,102,79
1,72,ground,Fungal Bread,2,0,0,0,0,96,64
1,72,ground,Flint Knife,1,60,0,0,0,81,36
1,72,ground,Sap jar,2,0,0,0,0,37,60
1,72,ground,Sleep Meds,3,0,0,0,0,53,57
1,72,ground,Fungal Bread,1,0,0,0,0,60,55
1,72,ground,Ammo,1,0,0,0,0,73,59
1,72,ground,Rake,1,400,0,0,0,80,31
1,72,ground,Fungal Bread,1,0,0,0,0,81,26
1,72,ground,Rope Snare,2,0,0,0,0,12,9
1,72,ground,Ammo,1,0,0,0,0,15,18
1,72,wall,Reflecting Pan,1,24,0,0,0,86,34
1,72,wall,Bandage,3,0,0,0,0,48,52
1,73,ground,Stick,1,18,0,0,0,12,37
1,73,ground,Bomb,2,0,0,0,0,32,47
1,73,ground,Rope Hook,1,0,24,0,0,53,46
1,73,ground,Hatchet,1,35,0,0,0,56,55
1,73,ground,River Fish,3,0,0,0,0,34,8
1,73,ground,Hatchet,1,35,0,0,0,15,4
1,73,ground,Raw Meat,1,0,0,0,0,14,11
1,73,ground,Bow,1,0,0,20,0,70,35
1,73,ground,Rake,1,400,0,0,0,9,9
1,73,ground,Fungal Bread,1,0,0,0,0,12,20
1,73,ground,Mushroom spores,2,0,0,0,0,33,14
1,73,ground,Medkit,1,0,0,0,0,83,54
1,73,ground,Digging Claws,1,200,0,0,0,55,7
1,73,ground,Ammo,1,0,0,0,0,52,15
1,73,ground,Ammo,1,0,0,0,0,72,62
1,73,ground,Herb Bag,1,0,4,0,0,80,42
1,73,wall,Pitch Bomb,2,0,0,0,0,46,13
1,73,wall,Medkit,1,0,0,0,0,80,23
1,74,ground,Stick,1,18,0,0,0,56,35
1,74,ground,River Fish,4,0,0,0,0,101,29
1,74,ground,Raw Meat,1,0,0,0,0,51,52
1,74,ground,Digging Claws,1,200,0,0,0,37,30
1,74,ground,Rake,1,400,0,0,0,34,38
1,74,ground,Bandage,2,0,0,0,0,33,33
1,74,ground,Rake,1,400,0,0,0,57,48
1,74,ground,Herb Bag,1,0,4,0,0,62,54
1,74,ground,Ammo,1,0,0,0,0,75,9
1,74,ground,Ammo,1,0,0,0,0,103,78
1,74,ground,Fungal Bread,1,0,0,0,0,14,36
1,74,ground,River Fish,4,0,0,0,0,84,50
1,74,ground,River Fish,3,0,0,0,0,91,39
1,74,ground,River Fish,2,0,0,0,0,108,21
1,74,stored,Sleep Meds,3,0,0,0,0,103,57
1,74,ground,Water flask,2,0,0,0,0,73,16
1,74,ground,Hatchet,1,35,0,0,0,75,43
1,74,ground,Hatchet,1,35,0,0,0,94,73
1,74,wall,Pickaxe,1,32,0,0,0,68,6
1,75,ground,Stick,1,18,0,0,0,34,80
1,75,ground,River Fish,3,0,0,0,0,10,33
1,75,ground,Fishing Line,1,0,20,0,0,8,35
1,75,ground,Torch,1,90,0,0,0,35,57
1,75,ground,Water flask,2,0,0,0,0,31,58
1,75,ground,Fungal Bread,1,0,0,0,0,38,103
1,75,ground,Ammo,1,0,0,0,0,32,96
1,75,ground,Mushroom spores,2,0,0,0,0,18,34
1,75,ground,Bandage,2,0,0,0,0,60,58
1,75,ground,Bandage,2,0,0,0,0,82,62
1,75,ground,Ammo,1,0,0,0,0,79,83
1,75,ground,River Fish,5,0,0,0,0,13,57
1,75,ground,River Fish,3,0,0,0,0,5,82
1,75,ground,Resin Glue,1,0,0,0,0,74,61
1,75,wall,Stick,1,18,0,0,0,25,40
1,75,wall,Pickaxe,1,32,0,0,0,20,79
1,76,ground,Stick,1,18,0,0,0,77,57
1,76,ground,Pickaxe,1,32,0,0,0,41,65
1,76,ground,Smoke pot,2,0,0,0,0,73,79
1,76,ground,Chili,1,0,0,0,0,83,84
1,76,ground,Rake,1,400,0,0,0,72,96
1,76,ground,Bandage,2,0,0,0,0,80,94
1,76,ground,Medkit,1,0,0,0,0,32,96
1,76,ground,Ammo,1,0,0,0,0,32,34
1,76,ground,Ammo,1,0,0,0,0,13,74
1,76,ground,River Fish,2,0,0,0,0,40,47
1,76,ground,River Fish,2,0,0,0,0,57,53
1,76,ground,River Fish,3,0,0,0,0,65,68
1,76,ground,Pickaxe,1,32,0,0,0,79,106
1,76,ground,Fungal Bread,1,0,0,0,0,9,35
1,76,ground,Stick,1,18,0,0,0,37,37
1,77,ground,Stick,1,18,0,0,0,11,58
1,77,ground,Fried Egg,2,0,0,0,0,53,96
1,77,ground,Pickaxe,1,32,0,0,0,35,16
1,77,ground,Throwing Net,2,0,0,0,0,36,16
1,77,ground,Torch,1,90,0,0,0,12,11
1,77,ground,River Fish,4,0,0,0,0,5,75
1,77,ground,Seed Bag,1,0,6,0,0,53,20
1,77,ground,Splint,1,0,2,0,0,26,52
1,77,ground,Ammo,1,0,0,0,0,34,51
1,77,ground,Medkit,1,0,0,0,0,55,6
1,77,ground,Mushroom spores,2,0,0,0,0,10,78
1,77,ground,Bandage,2,0,0,0,0,50,11
1,77,ground,Ammo,1,0,0,0,0,53,17
1,77,ground,Pickaxe,1,32,0,0,0,18,80
1,77,wall,Digging Claws,1,200,0,0,0,7,25
1,78,ground,Stick,1,18,0,0,0,79,80
1,78,ground,River Fish,6,0,0,0,0,32,55
1,78,ground,Stick,1,18,0,0,0,37,81
1,78,ground,Rope Hook,1,0,24,0,0,38,56
1,78,ground,Hatchet,1,35,0,0,0,59,39
1,78,ground,Torch,1,90,0,0,0,59,38
1,78,ground,Bow,1,0,0,20,0,29,39
1,78,ground,Root Drill,1,0,3,0,0,28,39
1,78,carried,Buckler,1,30,0,0,0,40,30
1,78,ground,Fungal Bread,2,0,0,0,0,57,31
1,78,ground,Fungal Bread,2,0,0,0,0,54,35
1,78,ground,Fungal Bread,2,0,0,0,0,29,30
1,78,ground,Bow,1,0,0,20,0,62,10
1,78,ground,Hunting Horn,1,0,8,0,0,33,3
1,78,ground,Ammo,1,0,0,0,0,52,53
1,78,ground,Bear Trap,2,0,0,0,0,53,80
1,78,ground,Bandage,2,0,0,0,0,59,75
1,78,ground,Water flask,2,0,0,0,0,52,103
1,78,ground,Ammo,1,0,0,0,0,52,106
1,78,ground,Medkit,1,0,0,0,0,14,78
1,78,ground,Stick,1,18,0,0,0,13,81
1,78,ground,Resin Glue,1,0,0,0,0,57,70
1,78,ground,Flint Knife,1,60,0,0,0,76,46
1,78,wall,Water flask,2,0,0,0,0,21,80
1,79,ground,Stick,1,18,0,0,0,78,15
1,79,ground,River Fish,5,0,0,0,0,30,30
1,79,ground,River Fish,4,0,0,0,0,73,51
1,79,ground,Fishing Line,1,0,20,0,0,71,51
1,79,ground,Smoke pot,2,0,0,0,0,84,13
1,79,ground,Lighter,1,0,20,0,0,48,9
1,79,ground,Rake,1,400,0,0,0,54,38
1,79,ground,Bandage,2,0,0,0,0,53,38
1,79,ground,Fungal Bread,1,0,0,0,0,76,33
1,79,ground,Ammo,1,0,0,0,0,86,37
1,79,ground,Herb Bag,1,0,4,0,0,56,55
1,79,ground,Ammo,1,0,0,0,0,8,11
1,79,ground,River Fish,2,0,0,0,0,25,29
1,79,ground,River Fish,2,0,0,0,0,14,23
1,79,ground,Mushroom spores,2,0,0,0,0,29,17
1,80,ground,Stick,1,18,0,0,0,77,35
1,80,ground,Bandage,3,0,0,0,0,144,59
1,80,ground,Throwing Rock,3,0,0,0,0,149,61
1,80,ground,Hatchet,1,35,0,0,0,107,58
1,80,ground,Torch,1,90,0,0,0,97,36
1,80,ground,Torch,1,90,0,0,0,108,51
1,80,ground,Fungal Bread,1,0,0,0,0,30,27
1,80,ground,Medkit,1,0,0,0,0,58,3
1,80,ground,Ammo,1,0,0,0,0,60,10
1,80,ground,Medkit,1,0,0,0,0,18,36
1,80,ground,Ammo,1,0,0,0,0,11,35
1,80,ground,Rope Snare,2,0,0,0,0,103,30
1,80,ground,Pickaxe,1,32,0,0,0,103,62
1,80,ground,Seed Bag,1,0,6,0,0,52,38
1,81,ground,Stick,1,18,0,0,0,12,57
1,81,ground,Pickaxe,1,32,0,0,0,52,100
1,81,ground,Rake,1,400,0,0,0,64,52
1,81,ground,Sleep Meds,3,0,0,0,0,60,105
1,81,ground,Flint Knife,1,60,0,0,0,76,34
1,81,ground,Seed Bag,1,0,6,0,0,36,59
1,81,ground,Bandage,2,0,0,0,0,28,60
1,81,ground,Rake,1,400,0,0,0,9,33
1,81,ground,Herb Bag,1,0,4,0,0,13,35
1,81,ground,Ammo,1,0,0,0,0,75,33
1,81,ground,River Fish,4,0,0,0,0,35,60
1,81,ground,River Fish,4,0,0,0,0,47,68
1,81,ground,River Fish,5,0,0,0,0,52,83
1,81,ground,Bear Trap,2,0,0,0,0,33,42
1,81,wall,Bear Trap,2,0,0,0,0,45,54
1,82,ground,Stick,1,18,0,0,0,55,79
1,82,ground,River Fish,5,0,0,0,0,56,102
1,82,ground,Hatchet,1,35,0,0,0,71,92
1,82,ground,Fried Egg,2,0,0,0,0,47,95
1,82,ground,River Fish,3,0,0,0,0,34,82
1,82,ground,Buckler,1,30,0,0,0,38,55
1,82,ground,Water flask,2,0,0,0,0,37,80
1,82,ground,Bear Trap,2,0,0,0,0,43,37
1,82,ground,Ammo,1,0,0,0,0,29,30
1,82,ground,Fungal Bread,1,0,0,0,0,8,35
1,82,ground,Herb Bag,1,0,4,0,0,62,59
1,82,ground,Ammo,1,0,0,0,0,58,39
1,82,ground,Lighter,1,0,20,0,0,43,57
1,82,ground,Smoke pot,2,0,0,0,0,52,48
1,82,wall,Sap jar,2,0,0,0,0,39,27
1,83,ground,Stick,1,18,0,0,0,56,79
1,83,ground,Hunting Spear,1,45,0,0,0,61,12
1,83,ground,Rope Hook,1,0,24,0,0,62,12
1,83,ground,Torch,1,90,0,0,0,55,34
1,83,ground,Shield Lantern,1,24,0,0,0,58,36
1,83,ground,Lighter,1,0,20,0,0,33,53
1,83,ground,Ammo,1,0,0,0,0,27,56
1,83,ground,Rake,1,400,0,0,0,28,72
1,83,ground,Fungal Bread,1,0,0,0,0,34,85
1,83,ground,Medkit,1,0,0,0,0,77,15
1,83,ground,Hunting Spear,1,45,0,0,0,40,11
1,83,ground,Ammo,1,0,0,0,0,40,7
1,83,ground,River Fish,4,0,0,0,0,35,68
1,83,ground,River Fish,2,0,0,0,0,45,40
1,83,ground,River Fish,4,0,0,0,0,58,33
1,83,ground,Cooked Meat,2,0,0,0,0,51,55
1,83,ground,Rake,1,400,0,0,0,64,58
1,83,wall,Cooked Meat,2,0,0,0,0,32,19
1,83,wall,Pickaxe,1,32,0,0,0,56,107
1,84,ground,Stick,1,18,0,0,0,34,37
1,84,ground,Pitch Bomb,2,0,0,0,0,77,25
1,84,ground,Mushroom spores,2,0,0,0,0,35,63
1,84,ground,Rake,1,400,0,0,0,53,17
1,84,ground,Fungal Bread,1,0,0,0,0,52,7
1,84,ground,Bandage,2,0,0,0,0,73,39
1,84,ground,Wolf Whistle,1,0,8,0,0,17,76
1,84,ground,Ammo,1,0,0,0,0,15,79
1,84,ground,Ammo,1,0,0,0,0,72,8
1,84,ground,Bandage,3,0,0,0,0,79,33
1,84,ground,Hunting Spear,1,45,0,0,0,62,37
1,84,wall,Hunting Horn,1,0,8,0,0,84,29
1,85,ground,Stick,1,18,0,0,0,56,35
1,85,ground,River Fish,5,0,0,0,0,49,50
1,85,ground,Pickaxe,1,32,0,0,0,30,58
1,85,ground,Hatchet,1,35,0,0,0,54,49
1,85,ground,Pickaxe,1,32,0,0,0,78,75
1,85,ground,Resin Glue,1,0,0,0,0,83,76
1,85,ground,Lighter,1,0,20,0,0,85,56
1,85,ground,River Fish,6,0,0,0,0,19,30
1,85,ground,River Fish,5,0,0,0,0,77,30
1,85,ground,Fishing Line,1,0,20,0,0,81,30
1,85,ground,Buckler,1,30,0,0,0,104,30
1,85,ground,Hatchet,1,35,0,0,0,38,41
1,85,ground,Ammo,1,0,0,0,0,35,29
1,85,ground,Mushroom spores,2,0,0,0,0,13,44
1,85,ground,Buckler,1,30,0,0,0,12,10
1,85,ground,Ammo,1,0,0,0,0,9,15
1,85,ground,Medkit,1,0,0,0,0,101,33
1,85,ground,Fungal Bread,1,0,0,0,0,30,8
1,85,ground,Thorn Caltrops,2,0,0,0,0,30,38
1,86,ground,Stick,1,18,0,0,0,34,13
1,86,ground,Stick,1,18,0,0,0,39,66
1,86,ground,Lighter,1,0,20,0,0,53,63
1,86,ground,Sap jar,2,0,0,0,0,55,77
1,86,ground,Ammo,1,0,0,0,0,9,38
1,86,ground,Bitter Root,1,0,0,0,0,58,31
1,86,ground,Reflecting Pan,1,24,0,0,0,59,16
1,86,ground,Ammo,1,0,0,0,0,62,10
1,86,ground,Bird Seed,1,0,0,0,0,77,42
1,86,ground,Herb Bag,1,0,4,0,0,81,31
1,86,ground,Bandage,2,0,0,0,0,8,51
1,86,stored,Bomb,2,0,0,0,0,38,38
1,86,stored,Stick,1,18,0,0,0,10,51
1,86,stored,Torch,1,90,0,0,0,15,55
1,86,ground,Cooked Meat,2,0,0,0,0,83,38
1,86,ground,Bow,1,0,0,20,0,30,37
1,86,wall,Hatchet,1,35,0,0,0,36,20
1,86,wall,Bow,1,0,0,20,0,32,30
1,87,ground,Stick,1,18,0,0,0,33,35
1,87,ground,Rope Hook,1,0,24,0,0,74,26
1,87,ground,Bandaid,5,0,0,0,0,61,15
1,87,ground,Buckler,1,30,0,0,0,10,57
1,87,ground,Pickaxe,1,32,0,0,0,23,52
1,87,ground,Crossbow,1,0,0,1,16,6,51
1,87,ground,Hatchet,1,35,0,0,0,106,12
1,87,ground,Medkit,1,0,0,0,0,51,75
1,87,ground,Ammo,1,0,0,0,0,53,80
1,87,ground,Rake,1,400,0,0,0,32,6
1,87,ground,Herb Bag,1,0,4,0,0,34,15
1,87,ground,Medkit,1,0,0,0,0,95,17
1,87,ground,Stick,1,18,0,0,0,104,10
1,87,ground,Ammo,1,0,0,0,0,96,17
1,87,ground,River Fish,2,0,0,0,0,15,56
1,87,ground,River Fish,2,0,0,0,0,7,67
1,87,ground,Torch,1,90,0,0,0,41,9
1,87,ground,Seed Bag,1,0,6,0,0,26,46
1,87,wall,Water flask,2,0,0,0,0,22,18
1,87,wall,Hunting Spear,1,45,0,0,0,14,68
1,88,ground,Stick,1,18,0,0,0,78,58
1,88,ground,Bow,1,0,0,20,0,57,64
1,88,ground,Torch,1,90,0,0,0,59,13
1,88,ground,Rope Hook,1,0,24,0,0,60,13
1,88,ground,Torch,1,90,0,0,0,55,35
1,88,ground,Boomerang,1,0,0,0,0,36,54
1,88,ground,Rake,1,400,0,0,0,82,78
1,88,ground,Bandage,2,0,0,0,0,78,80
1,88,ground,Bitter Root,1,0,0,0,0,36,36
1,88,ground,Medkit,1,0,0,0,0,29,14
1,88,ground,Ammo,1,0,0,0,0,13,60
1,88,ground,Shield Lantern,1,24,0,0,0,53,104
1,88,ground,Ammo,1,0,0,0,0,59,104
1,88,ground,Torch,1,90,0,0,0,43,30
1,88,ground,Pitch Bomb,2,0,0,0,0,74,100
1,88,ground,Resin Glue,1,0,0,0,0,58,23
1,89,ground,Stick,1,18,0,0,0,77,58
1,89,ground,Pickaxe,1,32,0,0,0,21,64
1,89,ground,Fungal Bread,1,0,0,0,0,33,73
1,89,ground,Hatchet,1,35,0,0,0,50,53
1,89,ground,Torch,1,90,0,0,0,50,52
1,89,ground,Torch,1,90,0,0,0,50,83
1,89,ground,Root Drill,1,0,3,0,0,50,84
1,89,ground,Fungal Bread,2,0,0,0,0,61,75
1,89,ground,River Fish,6,0,0,0,0,5,36
1,89,ground,Bomb,2,0,0,0,0,39,80
1,89,ground,Water flask,2,0,0,0,0,13,32
1,89,ground,Medkit,1,0,0,0,0,62,100
1,89,ground,Bandage,2,0,0,0,0,63,102
1,89,ground,Pickaxe,1,32,0,0,0,55,100
1,89,ground,Ammo,1,0,0,0,0,64,102
1,89,ground,Rake,1,400,0,0,0,9,39
1,89,wall,Torch,1,90,0,0,0,14,45
1,90,ground,Stick,1,18,0,0,0,79,36
1,90,ground,River Fish,3,0,0,0,0,39,37
1,90,ground,Stick,1,18,0,0,0,17,31
1,90,ground,Rope Hook,1,0,24,0,0,32,32
1,90,ground,Chili,1,0,0,0,0,25,30
1,90,ground,Cooked Meat,2,0,0,0,0,31,39
1,90,ground,River Fish,5,0,0,0,0,5,50
1,90,ground,River Fish,4,0,0,0,0,76,59
1,90,ground,Bear Trap,2,0,0,0,0,28,39
1,90,ground,Bird Seed,1,0,0,0,0,47,34
1,90,ground,Herb Bag,1,0,4,0,0,60,32
1,90,ground,Mushroom spores,2,0,0,0,0,11,57
1,90,ground,Medkit,1,0,0,0,0,39,76
1,90,ground,Ammo,1,0,0,0,0,38,82
1,90,ground,River Fish,5,0,0,0,0,35,49
1,90,ground,River Fish,2,0,0,0,0,51,50
1,90,wall,Thorn Caltrops,2,0,0,0,0,27,59
1,91,ground,Stick,1,18,0,0,0,12,81
1,91,ground,River Fish,6,0,0,0,0,38,59
1,91,ground,Fishing Line,1,0,20,0,0,38,58
1,91,ground,River Fish,5,0,0,0,0,80,76
1,91,ground,Bow,1,0,0,20,0,38,39
1,91,ground,Sleep Meds,3,0,0,0,0,14,11
1,91,ground,Mushroom spores,2,0,0,0,0,32,57
1,91,ground,Rake,1,400,0,0,0,56,50
1,91,ground,Bandage,2,0,0,0,0,60,54
1,91,ground,Ammo,1,0,0,0,0,82,57
1,91,ground,Herb Bag,1,0,4,0,0,35,38
1,91,ground,Ammo,1,0,0,0,0,6,9
1,91,ground,River Fish,3,0,0,0,0,79,105
1,91,ground,Herb Bag,1,0,4,0,0,38,27
1,91,ground,Rake,1,400,0,0,0,41,10
1,91,wall,Flint Knife,1,60,0,0,0,51,52
1,91,wall,Straw Decoy,1,0,0,0,0,64,57
1,91,wall,Fried Egg,2,0,0,0,0,76,91
1,92,ground,Stick,1,18,0,0,0,55,13
1,92,ground,River Fish,6,0,0,0,0,78,35
1,92,ground,Rope Hook,1,0,24,0,0,38,52
1,92,ground,Water flask,2,0,0,0,0,81,31
1,92,ground,Seed Bag,1,0,6,0,0,79,12
1,92,ground,Ammo,1,0,0,0,0,132,7
1,92,ground,Straw Decoy,1,0,0,0,0,33,9
1,92,ground,Ammo,1,0,0,0,0,33,8
1,92,ground,Medkit,1,0,0,0,0,6,36
1,92,ground,Bandage,2,0,0,0,0,16,36
1,92,ground,River Fish,3,0,0,0,0,90,14
1,92,ground,Resin Glue,1,0,0,0,0,120,19
1,92,ground,Bow,1,0,0,20,0,55,29
1,93,ground,Stick,1,18,0,0,0,56,13
1,93,ground,Flint Knife,1,60,0,0,0,8,68
1,93,ground,Lighter,1,0,20,0,0,19,68
1,93,ground,Pickaxe,1,32,0,0,0,33,37
1,93,ground,Throwing Net,2,0,0,0,0,34,37
1,93,ground,Torch,1,90,0,0,0,55,33
1,93,ground,Flint Knife,1,60,0,0,0,7,82
1,93,ground,Lighter,1,0,20,0,0,36,12
1,93,ground,Medkit,1,0,0,0,0,57,59
1,93,ground,Wooden Maul,1,24,0,0,0,58,80
1,93,ground,Herb Bag,1,0,4,0,0,55,76
1,93,ground,Spring Trap,2,0,0,0,0,6,32
1,93,ground,Ammo,1,0,0,0,0,11,41
1,93,ground,Ammo,1,0,0,0,0,50,54
1,93,ground,Seed Bag,1,0,6,0,0,36,20
1,93,ground,Water flask,2,0,0,0,0,39,8
1,93,wall,Throwing Rock,3,0,0,0,0,43,30
1,93,wall,Flint Knife,1,60,0,0,0,46,77
1,94,ground,Stick,1,18,0,0,0,55,37
1,94,ground,Throwing Rock,3,0,0,0,0,17,45
1,94,ground,Hatchet,1,35,0,0,0,28,53
1,94,ground,Bandage,3,0,0,0,0,80,36
1,94,ground,Sticky Boots,1,0,4,0,0,73,36
1,94,ground,Throwing Rock,3,0,0,0,0,83,34
1,94,ground,Rake,1,400,0,0,0,60,8
1,94,ground,Bandage,2,0,0,0,0,56,13
1,94,ground,Digging Claws,1,200,0,0,0,95,32
1,94,ground,Herb Bag,1,0,4,0,0,102,40
1,94,ground,Acorn Mine,2,0,0,0,0,105,6
1,94,ground,Ammo,1,0,0,0,0,101,16
1,94,ground,Ammo,1,0,0,0,0,80,59
1,94,ground,River Fish,3,0,0,0,0,42,48
1,94,ground,River Fish,2,0,0,0,0,26,26
1,94,wall,Buckler,1,30,0,0,0,105,25
1,94,wall,Herb Bag,1,0,4,0,0,46,33
1,95,ground,Stick,1,18,0,0,0,78,79
1,95,ground,Hatchet,1,35,0,0,0,21,70
1,95,ground,Bird Seed,3,0,0,0,0,48,78
1,95,ground,Bandage,2,0,0,0,0,51,77
1,95,ground,Thorn Caltrops,1,0,0,0,0,11,54
1,95,ground,Medkit,1,0,0,0,0,14,30
1,95,ground,Water flask,2,0,0,0,0,29,99
1,95,ground,Ammo,1,0,0,0,0,37,92
1,95,ground,Ammo,1,0,0,0,0,11,38
1,95,ground,Hunting Horn,1,0,8,0,0,31,55
1,96,ground,Stick,1,18,0,0,0,57,13
1,96,ground,Torch,1,90,0,0,0,38,57
1,96,ground,Throwing Net,2,0,0,0,0,39,57
1,96,ground,Torch,1,90,0,0,0,34,33
1,96,ground,Hatchet,1,35,0,0,0,93,39
1,96,ground,Pickaxe,1,32,0,0,0,57,28
1,96,ground,Ammo,1,0,0,0,0,58,30
1,96,ground,Water flask,2,0,0,0,0,77,41
1,96,ground,Ammo,1,0,0,0,0,73,33
1,96,ground,Fungal Bread,1,0,0,0,0,77,12
1,96,ground,Medkit,1,0,0,0,0,13,78
1,96,ground,River Fish,4,0,0,0,0,93,16
1,96,ground,River Fish,5,0,0,0,0,84,6
1,96,ground,Lighter,1,0,20,0,0,33,83
1,96,ground,Rope Snare,2,0,0,0,0,83,17
1,96,wall,Pitch Bomb,2,0,0,0,0,102,24
1,97,ground,Stick,1,18,0,0,0,56,15
1,97,ground,Mushroom spores,2,0,0,0,0,74,50
1,97,ground,Pickaxe,1,32,0,0,0,85,30
1,97,ground,Hatchet,1,35,0,0,0,60,53
1,97,ground,Torch,1,90,0,0,0,58,52
1,97,ground,Stick,1,18,0,0,0,60,83
1,97,ground,Root Drill,1,0,3,0,0,60,84
1,97,ground,Fungal Bread,2,0,0,0,0,54,75
1,97,ground,Fungal Bread,2,0,0,0,0,60,66
1,97,ground,Fungal Bread,2,0,0,0,0,51,80
1,97,ground,River Fish,3,0,0,0,0,78,10
1,97,ground,River Fish,6,0,0,0,0,52,29
1,97,ground,Fishing Line,1,0,20,0,0,50,31
1,97,ground,Hatchet,1,35,0,0,0,105,32
1,97,ground,Water flask,2,0,0,0,0,76,10
1,97,ground,Mushroom spores,2,0,0,0,0,61,37
1,97,ground,Medkit,1,0,0,0,0,36,53
1,97,ground,Lantern Seed,1,0,0,0,0,9,26
1,97,ground,Ammo,1,0,0,0,0,9,25
1,97,ground,Bandage,2,0,0,0,0,32,51
1,97,ground,Ammo,1,0,0,0,0,34,55
1,97,wall,Cooked Meat,2,0,0,0,0,34,28
1,97,wall,Hatchet,1,35,0,0,0,44,55
1,98,ground,Stick,1,18,0,0,0,13,58
1,98,ground,Throwing Rock,3,0,0,0,0,34,101
1,98,ground,Lighter,1,0,20,0,0,19,98
1,98,ground,Lighter,1,0,20,0,0,9,105
1,98,ground,River Fish,4,0,0,0,0,36,76
1,98,ground,Torch,1,90,0,0,0,32,84
1,98,ground,Mushroom spores,2,0,0,0,0,16,79
1,98,ground,Rake,1,400,0,0,0,6,38
1,98,ground,Bandage,2,0,0,0,0,8,33
1,98,ground,Medkit,1,0,0,0,0,33,51
1,98,ground,Spring Trap,2,0,0,0,0,32,10
1,98,ground,Ammo,1,0,0,0,0,32,15
1,98,ground,Ammo,1,0,0,0,0,30,56
1,98,ground,River Fish,5,0,0,0,0,45,62
1,98,ground,River Fish,2,0,0,0,0,60,43
1,98,ground,Medkit,1,0,0,0,0,23,28
1,98,ground,Hatchet,1,35,0,0,0,40,27
1,98,wall,Sap jar,2,0,0,0,0,4,28
1,98,wall,Bomb,2,0,0,0,0,33,42
1,99,ground,Stick,1,18,0,0,0,57,81
1,99,ground,River Fish,6,0,0,0,0,51,96
1,99,ground,Fishing Line,1,0,20,0,0,48,95
1,99,ground,Honey pot,1,0,0,0,0,29,82
1,99,ground,Hatchet,1,35,0,0,0,42,57
1,99,ground,Mushroom spores,2,0,0,0,0,58,99
1,99,ground,Bomb,2,0,0,0,0,53,59
1,99,ground,Fungal Bread,1,0,0,0,0,52,55
1,99,ground,Fungal Bread,1,0,0,0,0,38,61
1,99,ground,Ammo,1,0,0,0,0,34,105
1,99,ground,Ammo,1,0,0,0,0,11,33
1,99,ground,River Fish,4,0,0,0,0,39,62
1,99,ground,River Fish,5,0,0,0,0,31,46
1,99,ground,River Fish,5,0,0,0,0,14,14
1,99,ground,Wooden Maul,1,24,0,0,0,38,33
1,99,ground,Splint,1,0,2,0,0,53,127
1,99,wall,Stick,1,18,0,0,0,16,21
1,100,ground,Stick,1,18,0,0,0,56,13
1,100,ground,Hatchet,1,35,0,0,0,12,16
1,100,ground,Rope Hook,1,0,24,0,0,13,16
1,100,ground,Torch,1,90,0,0,0,34,12
1,100,ground,Sap jar,2,0,0,0,0,98,37
1,100,ground,Resin Glue,1,0,0,0,0,95,40
1,100,ground,Resin Glue,1,0,0,0,0,101,29
1,100,ground,Bear Trap,2,0,0,0,0,81,28
1,100,ground,Flint Knife,1,60,0,0,0,105,40
1,100,ground,Hunting Spear,1,45,0,0,0,32,12
1,100,ground,Water flask,2,0,0,0,0,83,16
1,100,ground,Medkit,1,0,0,0,0,54,41
1,100,ground,Crossbow,1,0,0,1,16,38,64
1,100,ground,Ammo,1,0,0,0,0,37,50
1,100,ground,Bandage,2,0,0,0,0,55,42
1,100,ground,Hatchet,1,35,0,0,0,53,42
1,100,ground,Ammo,1,0,0,0,0,55,34
1,100,ground,River Fish,3,0,0,0,0,64,19
1,100,ground,River Fish,5,0,0,0,0,46,8
1,100,ground,River Fish,4,0,0,0,0,28,8
1,100,ground,Splint,1,0,2,0,0,39,30
1,100,wall,Boomerang,1,0,0,0,0,22,4
1,101,ground,Stick,1,18,0,0,0,55,57
1,101,ground,River Fish,5,0,0,0,0,107,101
1,101,ground,Hatchet,1,35,0,0,0,99,122
1,101,ground,Cooked Meat,2,0,0,0,0,91,113
1,101,ground,Resin Glue,1,0,0,0,0,107,107
1,101,ground,Bow,1,0,0,20,0,33,29
1,101,ground,Rope Hook,1,0,24,0,0,34,29
1,101,ground,Torch,1,90,0,0,0,55,35
1,101,ground,River Fish,4,0,0,0,0,82,95
1,101,ground,Fishing Line,1,0,20,0,0,81,91
1,101,ground,Hatchet,1,35,0,0,0,69,95
1,101,ground,Water flask,2,0,0,0,0,57,77
1,101,ground,Mushroom spores,2,0,0,0,0,81,104
1,101,ground,Bandage,2,0,0,0,0,83,126
1,101,ground,Medkit,1,0,0,0,0,9,7
1,101,ground,Ammo,1,0,0,0,0,13,15
1,101,ground,River Fish,3,0,0,0,0,78,76
1,101,ground,River Fish,4,0,0,0,0,93,69
1,101,ground,River Fish,2,0,0,0,0,101,55
1,101,stored,Thorn Caltrops,2,0,0,0,0,50,77
1,101,ground,Cooked Meat,2,0,0,0,0,82,79
1,101,wall,Mushroom spores,2,0,0,0,0,121,38
1,102,ground,Stick,1,18,0,0,0,13,59
1,102,ground,Bow,1,0,0,20,0,40,34
1,102,ground,Rake,1,400,0,0,0,33,28
1,102,ground,Torch,1,90,0,0,0,35,55
1,102,ground,Bow,1,0,0,20,0,41,13
1,102,ground,Water flask,2,0,0,0,0,36,77
1,102,ground,Herb Bag,1,0,4,0,0,33,70
1,102,ground,Bird Seed,1,0,0,0,0,29,98
1,102,ground,Bandage,2,0,0,0,0,35,98
1,102,ground,Wooden Maul,1,24,0,0,0,5,36
1,102,ground,Ammo,1,0,0,0,0,7,37
1,102,ground,Ammo,1,0,0,0,0,59,98
1,102,ground,Water flask,2,0,0,0,0,31,80
1,103,ground,Stick,1,18,0,0,0,35,79
1,103,ground,Digging Claws,1,200,0,0,0,73,42
1,103,ground,Hatchet,1,35,0,0,0,22,34
1,103,ground,Torch,1,90,0,0,0,11,32
1,103,ground,River Fish,5,0,0,0,0,58,88
1,103,ground,Boomerang,1,0,0,0,0,53,97
1,103,ground,Hatchet,1,35,0,0,0,52,96
1,103,ground,River Fish,4,0,0,0,0,40,49
1,103,ground,Bomb,2,0,0,0,0,57,100
1,103,ground,Water flask,2,0,0,0,0,37,55
1,103,ground,Medkit,1,0,0,0,0,55,11
1,103,ground,Bandage,2,0,0,0,0,58,17
1,103,ground,Digging Claws,1,200,0,0,0,52,6
1,103,ground,Ammo,1,0,0,0,0,52,9
1,103,ground,Bandage,3,0,0,0,0,84,6
1,103,wall,Reflecting Pan,1,24,0,0,0,37,66
1,104,ground,Stick,1,18,0,0,0,35,13
1,104,ground,River Fish,6,0,0,0,0,32,62
1,104,ground,Pickaxe,1,32,0,0,0,51,48
1,104,ground,Lighter,1,0,20,0,0,42,56
1,104,ground,Pickaxe,1,32,0,0,0,33,55
1,104,ground,Torch,1,90,0,0,0,55,81
1,104,ground,Rope Hook,1,0,24,0,0,56,81
1,104,ground,Torch,1,90,0,0,0,33,78
1,104,ground,River Fish,4,0,0,0,0,59,33
1,104,ground,Rope Hook,1,0,24,0,0,42,52
1,104,ground,Bird Seed,1,0,0,0,0,36,42
1,104,ground,Bandage,2,0,0,0,0,28,35
1,104,ground,Mushroom spores,2,0,0,0,0,54,29
1,104,ground,Medkit,1,0,0,0,0,5,77
1,104,ground,Ammo,1,0,0,0,0,16,77
1,104,ground,Sticky Boots,1,0,4,0,0,58,10
1,104,wall,Pickaxe,1,32,0,0,0,49,2
1,104,wall,Rope Snare,2,0,0,0,0,65,18
1,105,ground,Stick,1,18,0,0,0,12,57
1,105,ground,Flint Knife,1,60,0,0,0,56,83
1,105,ground,Throwing Net,2,0,0,0,0,57,83
1,105,ground,Torch,1,90,0,0,0,34,78
1,105,ground,Hatchet,1,35,0,0,0,37,37
1,105,ground,Torch,1,90,0,0,0,36,37
1,105,ground,Hatchet,1,35,0,0,0,37,9
1,105,ground,Root Drill,1,0,3,0,0,37,8
1,105,carried,Buckler,1,30,0,0,0,40,11
1,105,ground,Firecracker,2,0,0,0,0,33,35
1,105,ground,Flint Knife,1,60,0,0,0,11,31
1,105,ground,Water flask,2,0,0,0,0,36,52
1,105,ground,Bird Seed,1,0,0,0,0,62,13
1,105,ground,Herb Bag,1,0,4,0,0,58,9
1,105,ground,Ammo,1,0,0,0,0,55,36
1,105,ground,Bandage,2,0,0,0,0,4,37
1,105,ground,Ammo,1,0,0,0,0,13,17
1,105,ground,River Fish,2,0,0,0,0,69,20
1,105,ground,River Fish,2,0,0,0,0,79,12
1,105,ground,Resin Glue,1,0,0,0,0,38,57
1,105,wall,Hatchet,1,35,0,0,0,14,43
1,106,ground,Stick,1,18,0,0,0,57,57
1,106,ground,Flint Knife,1,60,0,0,0,81,34
1,106,ground,Resin Glue,1,0,0,0,0,82,58
1,106,ground,Hunting Horn,1,0,8,0,0,73,28
1,106,ground,Hatchet,1,35,0,0,0,83,8
1,106,ground,Torch,1,90,0,0,0,83,7
1,106,ground,Hatchet,1,35,0,0,0,51,8
1,106,ground,Root Drill,1,0,3,0,0,50,7
1,106,carried,Buckler,1,30,0,0,0,59,10
1,106,ground,Firecracker,2,0,0,0,0,56,14
1,106,ground,Firecracker,2,0,0,0,0,83,12
1,106,ground,Firecracker,2,0,0,0,0,83,17
1,106,ground,Flint Knife,1,60,0,0,0,57,68
1,106,ground,Bird Seed,1,0,0,0,0,59,74
1,106,ground,Herb Bag,1,0,4,0,0,58,69
1,106,ground,Throwing Net,2,0,0,0,0,56,94
1,106,ground,Ammo,1,0,0,0,0,59,104
1,106,ground,Chili,1,0,0,0,0,28,79
1,106,ground,Medkit,1,0,0,0,0,12,83
1,106,ground,Ammo,1,0,0,0,0,16,78
1,106,ground,Splint,1,0,2,0,0,59,83
1,106,wall,Sticky Boots,1,0,4,0,0,39,76
1,107,ground,Stick,1,18,0,0,0,35,80
1,107,ground,River Fish,6,0,0,0,0,31,10
1,107,ground,Fishing Line,1,0,20,0,0,34,10
1,107,ground,Smoke pot,2,0,0,0,0,41,31
1,107,ground,Ammo,1,0,0,0,0,32,52
1,107,ground,Sap jar,1,0,0,0,0,35,32
1,107,ground,Torch,1,90,0,0,0,17,81
1,107,ground,Medkit,1,0,0,0,0,52,14
1,107,ground,Fungal Bread,1,0,0,0,0,10,104
1,107,ground,Sleep Meds,3,0,0,0,0,19,12
1,107,ground,Ammo,1,0,0,0,0,10,16
1,107,ground,River Fish,5,0,0,0,0,43,70
1,107,ground,River Fish,2,0,0,0,0,40,115
1,107,stored,Seed Bag,1,0,6,0,0,2,91
1,107,stored,Lighter,1,0,20,0,0,2,85
1,107,ground,Rake,1,400,0,0,0,46,23
1,108,ground,Stick,1,18,0,0,0,11,81
1,108,ground,River Fish,6,0,0,0,0,35,49
1,108,ground,Raw Meat,1,0,0,0,0,53,31
1,108,ground,Torch,1,90,0,0,0,8,76
1,108,ground,Oil flask,1,0,0,0,0,29,80
1,108,ground,Rake,1,400,0,0,0,11,100
1,108,ground,Herb Bag,1,0,4,0,0,17,101
1,108,ground,Rope Hook,1,0,24,0,0,21,148
1,108,ground,Ammo,1,0,0,0,0,7,150
1,108,ground,Medkit,1,0,0,0,0,34,15
1,108,ground,Ammo,1,0,0,0,0,36,14
1,108,ground,River Fish,4,0,0,0,0,32,101
1,108,ground,River Fish,5,0,0,0,0,22,113
1,108,ground,River Fish,3,0,0,0,0,26,126
1,108,ground,River Fish,2,0,0,0,0,33,141
1,108,ground,Cooked Meat,2,0,0,0,0,14,41
1,108,ground,Hatchet,1,35,0,0,0,62,30
1,109,ground,Stick,1,18,0,0,0,11,57
1,109,ground,Straw Decoy,1,0,0,0,0,59,98
1,109,ground,Ammo,1,0,0,0,0,9,80
1,109,ground,Bird Seed,1,0,0,0,0,19,41
1,109,ground,Bandage,2,0,0,0,0,14,40
1,109,ground,Ammo,1,0,0,0,0,11,104
1,109,ground,Lighter,1,0,20,0,0,16,121
1,109,ground,Medkit,1,0,0,0,0,14,14
1,109,ground,Seed Bag,1,0,6,0,0,32,115
1,109,ground,Stick,1,18,0,0,0,58,128
1,109,ground,Stick,1,18,0,0,0,53,91
1,110,ground,Stick,1,18,0,0,0,34,58
1,110,ground,River Fish,4,0,0,0,0,56,51
1,110,ground,River Fish,6,0,0,0,0,13,37
1,110,ground,Hatchet,1,35,0,0,0,36,85
1,110,ground,Water flask,2,0,0,0,0,59,58
1,110,ground,Bird Seed,1,0,0,0,0,48,31
1,110,ground,Fungal Bread,1,0,0,0,0,63,35
1,110,ground,Ammo,1,0,0,0,0,33,41
1,110,ground,Medkit,1,0,0,0,0,34,16
1,110,ground,Ammo,1,0,0,0,0,30,12
1,110,ground,River Fish,3,0,0,0,0,63,31
1,110,ground,River Fish,2,0,0,0,0,64,49
1,110,ground,River Fish,3,0,0,0,0,57,64
1,110,ground,River Fish,3,0,0,0,0,54,80
1,110,ground,River Fish,2,0,0,0,0,59,96
1,110,ground,Bandage,3,0,0,0,0,32,97
1,111,ground,Stick,1,18,0,0,0,35,37
1,111,ground,River Fish,6,0,0,0,0,59,62
1,111,ground,Fishing Line,1,0,20,0,0,61,63
1,111,ground,River Fish,5,0,0,0,0,8,57
1,111,ground,Fishing Line,1,0,20,0,0,9,60
1,111,ground,Honey pot,1,0,0,0,0,86,35
1,111,ground,Boomerang,1,0,0,0,0,46,34
1,111,ground,Mushroom spores,2,0,0,0,0,53,31
1,111,ground,Mushroom spores,2,0,0,0,0,52,64
1,111,ground,Herb Bag,1,0,4,0,0,84,30
1,111,ground,Medkit,1,0,0,0,0,83,62
1,111,ground,Ammo,1,0,0,0,0,29,53
1,111,ground,Ammo,1,0,0,0,0,77,66
1,111,ground,River Fish,4,0,0,0,0,45,42
1,111,ground,River Fish,5,0,0,0,0,15,48
1,111,ground,Sap jar,2,0,0,0,0,47,55
1,111,wall,Fried Egg,2,0,0,0,0,15,28
1,112,ground,Stick,1,18,0,0,0,34,57
1,112,ground,Fried Egg,2,0,0,0,0,46,9
1,112,ground,Flint Knife,1,60,0,0,0,43,17
1,112,ground,Bomb,2,0,0,0,0,36,79
1,112,ground,Thorn Caltrops,2,0,0,0,0,13,76
1,112,ground,Bow,1,0,0,20,0,57,49
1,112,ground,Torch,1,90,0,0,0,13,56
1,112,ground,Medkit,1,0,0,0,0,58,59
1,112,ground,Bear Trap,2,0,0,0,0,72,37
1,112,ground,Ammo,1,0,0,0,0,71,35
1,112,ground,Bandage,2,0,0,0,0,62,56
1,112,ground,Wooden Maul,1,24,0,0,0,47,57
1,112,ground,Ammo,1,0,0,0,0,59,60
1,112,ground,Bear Trap,2,0,0,0,0,14,63
1,112,ground,Sap jar,2,0,0,0,0,17,52
1,112,ground,Lighter,1,0,20,0,0,5,53
1,112,ground,Thorn Caltrops,2,0,0,0,0,5,62
1,112,wall,Sap jar,2,0,0,0,0,23,59
1,113,ground,Stick,1,18,0,0,0,77,37
1,113,ground,River Fish,3,0,0,0,0,31,11
1,113,ground,Flint Knife,1,60,0,0,0,35,28
1,113,ground,Water flask,2,0,0,0,0,38,39
1,113,ground,Torch,1,90,0,0,0,61,11
1,113,ground,Rope Hook,1,0,24,0,0,62,11
1,113,ground,Torch,1,90,0,0,0,56,33
1,113,ground,Thorn Caltrops,2,0,0,0,0,57,23
1,113,ground,Bow,1,0,0,20,0,103,40
1,113,ground,Herb Bag,1,0,4,0,0,99,40
1,113,ground,Medkit,1,0,0,0,0,13,6
1,113,ground,Shield Lantern,1,24,0,0,0,116,15
1,113,ground,Ammo,1,0,0,0,0,121,12
1,113,ground,Water flask,2,0,0,0,0,105,17
1,113,ground,Ammo,1,0,0,0,0,13,15
1,113,stored,Sap jar,2,0,0,0,0,119,53
1,113,ground,Seed Bag,1,0,6,0,0,123,26
1,113,ground,Stick,1,18,0,0,0,128,52
1,113,wall,Water flask,2,0,0,0,0,98,19
1,114,ground,Stick,1,18,0,0,0,56,14
1,114,ground,Seed Bag,1,0,6,0,0,55,57
1,114,ground,Sleep Meds,3,0,0,0,0,59,59
1,114,ground,River Fish,5,0,0,0,0,83,16
1,114,ground,Fishing Line,1,0,20,0,0,82,18
1,114,ground,Hunting Spear,1,45,0,0,0,59,16
1,114,ground,Water flask,2,0,0,0,0,32,33
1,114,ground,Bitter Root,1,0,0,0,0,35,60
1,114,ground,Medkit,1,0,0,0,0,36,82
1,114,ground,Herb Bag,1,0,4,0,0,15,31
1,114,ground,Ammo,1,0,0,0,0,14,62
1,114,ground,Ammo,1,0,0,0,0,35,75
1,114,ground,River Fish,2,0,0,0,0,63,20
1,114,ground,River Fish,2,0,0,0,0,45,21
1,114,ground,River Fish,4,0,0,0,0,29,24
1,114,ground,River Fish,2,0,0,0,0,15,29
1,114,ground,Hatchet,1,35,0,0,0,84,36
1,114,ground,Buckler,1,30,0,0,0,72,61
1,114,ground,Wooden Maul,1,24,0,0,0,19,54
1,114,wall,Flint Knife,1,60,0,0,0,3,36
1,115,ground,Stick,1,18,0,0,0,12,35
1,115,ground,Flint Knife,1,60,0,0,0,34,81
1,115,ground,Rope Hook,1,0,24,0,0,35,81
1,115,ground,Torch,1,90,0,0,0,11,78
1,115,ground,Pickaxe,1,32,0,0,0,38,59
1,115,ground,Raw Meat,1,0,0,0,0,32,62
1,115,ground,Torch,1,90,0,0,0,9,52
1,115,ground,Bird Seed,1,0,0,0,0,33,58
1,115,ground,Fungal Bread,1,0,0,0,0,40,58
1,115,ground,Pitch Bomb,2,0,0,0,0,40,34
1,115,ground,Herb Bag,1,0,4,0,0,29,30
1,115,ground,Ammo,1,0,0,0,0,9,11
1,115,ground,Ammo,1,0,0,0,0,79,50
1,115,ground,Digging Claws,1,200,0,0,0,15,18
1,115,wall,Throwing Rock,3,0,0,0,0,11,45
1,115,wall,Hatchet,1,35,0,0,0,50,52
1,116,ground,Stick,1,18,0,0,0,56,35
1,116,ground,Mushroom spores,2,0,0,0,0,44,35
1,116,ground,Chili,1,0,0,0,0,76,36
1,116,ground,Mushroom spores,2,0,0,0,0,29,17
1,116,ground,Ammo,1,0,0,0,0,71,56
1,116,ground,Medkit,1,0,0,0,0,11,10
1,116,ground,Bomb,2,0,0,0,0,94,50
1,116,ground,Ammo,1,0,0,0,0,97,50
1,116,ground,Bandage,2,0,0,0,0,18,8
1,116,ground,Bandage,3,0,0,0,0,83,50
1,117,ground,Stick,1,18,0,0,0,78,59
1,117,ground,River Fish,5,0,0,0,0,60,54
1,117,ground,Bow,1,0,0,20,0,48,35
1,117,ground,River Fish,5,0,0,0,0,35,31
1,117,ground,Fishing Line,1,0,20,0,0,39,30
1,117,ground,Hatchet,1,35,0,0,0,81,63
1,117,ground,Rake,1,400,0,0,0,103,72
1,117,ground,Fungal Bread,1,0,0,0,0,105,75
1,117,ground,Lighter,1,0,20,0,0,53,88
1,117,ground,Ammo,1,0,0,0,0,59,79
1,117,ground,Medkit,1,0,0,0,0,75,8
1,117,ground,Ammo,1,0,0,0,0,74,7
1,117,ground,Fried Egg,2,0,0,0,0,83,35
1,117,ground,Bear Trap,2,0,0,0,0,37,56
1,117,wall,Wooden Maul,1,24,0,0,0,74,88
1,118,ground,Stick,1,18,0,0,0,12,57
1,118,ground,Flint Knife,1,60,0,0,0,59,40
1,118,ground,Bow,1,0,0,20,0,56,46
1,118,ground,Bow,1,0,0,20,0,35,31
1,118,ground,Throwing Net,2,0,0,0,0,36,31
1,118,ground,Torch,1,90,0,0,0,13,35
1,118,ground,Hatchet,1,35,0,0,0,73,61
1,118,ground,Ammo,1,0,0,0,0,31,52
1,118,ground,Sap jar,1,0,0,0,0,51,74
1,118,ground,Bird Seed,1,0,0,0,0,80,76
1,118,ground,Herb Bag,1,0,4,0,0,77,81
1,118,ground,Medkit,1,0,0,0,0,59,18
1,118,ground,Ammo,1,0,0,0,0,59,6
1,118,ground,Water flask,2,0,0,0,0,59,84
1,118,ground,Rope Snare,2,0,0,0,0,38,64
1,118,wall,Stick,1,18,0,0,0,10,46
1,119,ground,Stick,1,18,0,0,0,79,59
1,119,ground,Mushroom spores,2,0,0,0,0,31,60
1,119,ground,Ammo,1,0,0,0,0,76,42
1,119,ground,Honey pot,1,0,0,0,0,37,34
1,119,ground,Fungal Bread,1,0,0,0,0,31,30
1,119,ground,Water flask,2,0,0,0,0,56,53
1,119,ground,Ammo,1,0,0,0,0,58,54
1,119,ground,Herb Bag,1,0,4,0,0,99,53
1,119,ground,River Fish,4,0,0,0,0,57,58
1,119,stored,Mushroom spores,2,0,0,0,0,38,37
1,119,ground,Sleep Meds,3,0,0,0,0,80,38
1,119,ground,Shield Lantern,1,24,0,0,0,53,28
1,119,wall,Reflecting Pan,1,24,0,0,0,43,11
1,120,ground,Stick,1,18,0,0,0,55,36
1,120,ground,River Fish,6,0,0,0,0,106,35
1,120,ground,River Fish,3,0,0,0,0,100,83
1,120,ground,Fishing Line,1,0,20,0,0,97,81
1,120,ground,Shield Lantern,1,24,0,0,0,39,31
1,120,ground,Seed Bag,1,0,6,0,0,78,34
1,120,ground,Resin Glue,1,0,0,0,0,40,32
1,120,ground,Ammo,1,0,0,0,0,32,31
1,120,ground,Fungal Bread,1,0,0,0,0,104,58
1,120,ground,Medkit,1,0,0,0,0,125,74
1,120,ground,Hunting Horn,1,0,8,0,0,115,59
1,120,ground,Ammo,1,0,0,0,0,120,49
1,120,ground,River Fish,3,0,0,0,0,90,31
1,120,ground,River Fish,4,0,0,0,0,29,10
1,120,wall,Bow,1,0,0,20,0,102,51
1,121,ground,Stick,1,18,0,0,0,33,57
1,121,ground,Digging Claws,1,200,0,0,0,101,29
1,121,ground,Rope Hook,1,0,24,0,0,102,29
1,121,ground,Torch,1,90,0,0,0,78,33
1,121,ground,Stick,1,18,0,0,0,79,56
1,121,ground,Lighter,1,0,20,0,0,66,63
1,121,ground,Bomb,2,0,0,0,0,57,54
1,121,ground,Honey pot,1,0,0,0,0,19,50
1,121,ground,Torch,1,90,0,0,0,56,59
1,121,ground,Ammo,1,0,0,0,0,19,46
1,121,ground,Hatchet,1,35,0,0,0,18,74
1,121,ground,Ammo,1,0,0,0,0,18,78
1,121,ground,Medkit,1,0,0,0,0,59,33
1,121,ground,Bandage,2,0,0,0,0,57,41
1,121,ground,Digging Claws,1,200,0,0,0,54,29
1,121,ground,Pickaxe,1,32,0,0,0,13,47
1,121,ground,Stick,1,18,0,0,0,27,79
1,121,wall,Mushroom spores,2,0,0,0,0,84,13
1,122,ground,Stick,1,18,0,0,0,57,14
1,122,ground,Wooden Maul,1,24,0,0,0,82,41
1,122,ground,Bandaid,5,0,0,0,0,49,38
1,122,ground,Seed Bag,1,0,6,0,0,6,56
1,122,ground,Bird Seed,1,0,0,0,0,31,59
1,122,ground,Herb Bag,1,0,4,0,0,29,56
1,122,ground,Boomerang,1,0,0,0,0,37,11
1,122,ground,Ammo,1,0,0,0,0,31,15
1,122,ground,Medkit,1,0,0,0,0,29,29
1,122,ground,Water flask,2,0,0,0,0,14,62
1,122,ground,Ammo,1,0,0,0,0,41,37
1,122,ground,River Fish,3,0,0,0,0,20,54
1,122,ground,River Fish,5,0,0,0,0,33,60
1,122,ground,Hatchet,1,35,0,0,0,100,60
1,122,ground,Fried Egg,2,0,0,0,0,26,61
1,122,ground,Hatchet,1,35,0,0,0,27,51
1,122,ground,Fungal Bread,1,0,0,0,0,105,54
1,122,ground,Shield Lantern,1,24,0,0,0,36,50
1,122,wall,Throwing Rock,3,0,0,0,0,44,10
1,122,wall,Seed Bag,1,0,6,0,0,41,58
1,123,ground,Stick,1,18,0,0,0,56,59
1,123,ground,Torch,1,90,0,0,0,35,91
1,123,ground,Throwing Rock,3,0,0,0,0,47,85
1,123,ground,Pickaxe,1,32,0,0,0,83,12
1,123,ground,Throwing Net,2,0,0,0,0,84,12
1,123,ground,Torch,1,90,0,0,0,77,33
1,123,ground,Buckler,1,30,0,0,0,59,52
1,123,ground,Bird Seed,1,0,0,0,0,82,52
1,123,ground,Herb Bag,1,0,4,0,0,79,49
1,123,ground,Chili,1,0,0,0,0,82,75
1,123,ground,Throwing Net,2,0,0,0,0,99,39
1,123,ground,Ammo,1,0,0,0,0,99,38
1,123,ground,Medkit,1,0,0,0,0,33,122
1,123,ground,Ammo,1,0,0,0,0,41,121
1,123,ground,River Fish,3,0,0,0,0,64,55
1,123,ground,River Fish,2,0,0,0,0,46,27
1,123,ground,Sleep Meds,3,0,0,0,0,75,53
1,123,ground,Seed Bag,1,0,6,0,0,58,20
1,123,ground,Lighter,1,0,20,0,0,83,58
1,124,ground,Stick,1,18,0,0,0,13,35
1,124,ground,Hatchet,1,35,0,0,0,29,59
1,124,ground,Torch,1,90,0,0,0,29,60
1,124,ground,Torch,1,90,0,0,0,29,29
1,124,ground,Root Drill,1,0,3,0,0,29,28
1,124,ground,Fungal Bread,2,0,0,0,0,36,57
1,124,ground,Firecracker,2,0,0,0,0,37,27
1,124,ground,Fungal Bread,2,0,0,0,0,29,26
1,124,ground,River Fish,4,0,0,0,0,58,98
1,124,ground,Pickaxe,1,32,0,0,0,36,101
1,124,ground,Lantern Seed,1,0,0,0,0,14,51
1,124,ground,Straw Decoy,1,0,0,0,0,4,11
1,124,ground,Ammo,1,0,0,0,0,16,16
1,124,ground,Resin Glue,1,0,0,0,0,33,78
1,124,ground,Ammo,1,0,0,0,0,35,72
1,124,ground,Medkit,1,0,0,0,0,5,93
1,124,ground,Bandage,2,0,0,0,0,19,92
1,124,stored,Chili,1,0,0,0,0,18,52
1,124,ground,Sap jar,2,0,0,0,0,63,96
1,125,ground,Stick,1,18,0,0,0,77,13
1,125,ground,River Fish,5,0,0,0,0,40,59
1,125,ground,Fishing Line,1,0,20,0,0,38,59
1,125,ground,River Fish,3,0,0,0,0,15,37
1,125,ground,Fishing Line,1,0,20,0,0,16,33
1,125,ground,Pickaxe,1,32,0,0,0,9,9
1,125,ground,Hunting Horn,1,0,8,0,0,80,40
1,125,ground,Ammo,1,0,0,0,0,80,28
1,125,ground,Hatchet,1,35,0,0,0,53,33
1,125,ground,Ammo,1,0,0,0,0,60,34
1,125,ground,Lighter,1,0,20,0,0,36,39
1,125,ground,Medkit,1,0,0,0,0,15,8
1,125,ground,Bandage,2,0,0,0,0,42,17
1,125,ground,Stick,1,18,0,0,0,11,64
1,125,ground,Smoke pot,2,0,0,0,0,32,49
1,125,wall,Fried Egg,2,0,0,0,0,25,11
1,125,wall,Cooked Meat,2,0,0,0,0,52,43
1,126,ground,Stick,1,18,0,0,0,56,57
1,126,ground,Torch,1,90,0,0,0,32,3
1,126,ground,Ammo,1,0,0,0,0,83,58
1,126,ground,Lighter,1,0,20,0,0,48,40
1,126,ground,Ammo,1,0,0,0,0,59,29
1,126,ground,Rake,1,400,0,0,0,77,37
1,126,ground,Bandage,2,0,0,0,0,76,31
1,126,ground,Medkit,1,0,0,0,0,5,33
1,126,ground,River Fish,3,0,0,0,0,45,18
1,126,ground,Sticky Boots,1,0,4,0,0,39,41
1,126,ground,Pickaxe,1,32,0,0,0,49,11
1,126,ground,Pickaxe,1,32,0,0,0,59,38
1,126,wall,Throwing Rock,3,0,0,0,0,32,39
1,127,ground,Stick,1,18,0,0,0,34,35
1,127,ground,Pickaxe,1,32,0,0,0,8,55
1,127,ground,Throwing Net,2,0,0,0,0,9,55
1,127,ground,Torch,1,90,0,0,0,12,33
1,127,ground,River Fish,3,0,0,0,0,81,40
1,127,ground,River Fish,5,0,0,0,0,9,78
1,127,ground,Fishing Line,1,0,20,0,0,8,78
1,127,ground,Honey pot,1,0,0,0,0,93,61
1,127,ground,Sap jar,2,0,0,0,0,26,29
1,127,ground,Bear Trap,2,0,0,0,0,61,32
1,127,ground,Ammo,1,0,0,0,0,53,28
1,127,ground,Mushroom spores,2,0,0,0,0,77,42
1,127,ground,Fungal Bread,1,0,0,0,0,103,57
1,127,ground,Medkit,1,0,0,0,0,95,38
1,127,ground,Ammo,1,0,0,0,0,103,35
1,127,ground,River Fish,3,0,0,0,0,50,62
1,127,ground,River Fish,3,0,0,0,0,64,48
1,127,ground,River Fish,4,0,0,0,0,76,33
1,127,ground,River Fish,2,0,0,0,0,89,19
1,127,wall,Cooked Meat,2,0,0,0,0,75,50
1,128,ground,Stick,1,18,0,0,0,55,37
1,128,ground,Flint Knife,1,60,0,0,0,78,15
1,128,ground,Rope Hook,1,0,24,0,0,79,15
1,128,ground,Torch,1,90,0,0,0,55,11
1,128,ground,Bow,1,0,0,20,0,33,12
1,128,ground,Digging Claws,1,200,0,0,0,31,36
1,128,ground,Rotten Fruit,3,0,0,0,0,39,27
1,128,ground,Stick,1,18,0,0,0,37,37
1,128,ground,Hatchet,1,35,0,0,0,28,8
1,128,ground,River Fish,6,0,0,0,0,76,35
1,128,ground,Shield Lantern,1,24,0,0,0,94,14
1,128,ground,Medkit,1,0,0,0,0,96,9
1,128,ground,Mushroom spores,2,0,0,0,0,76,37
1,128,ground,Throwing Net,2,0,0,0,0,15,15
1,128,ground,Ammo,1,0,0,0,0,18,8
1,128,ground,Digging Claws,1,200,0,0,0,81,62
1,128,ground,Ammo,1,0,0,0,0,74,53
1,128,ground,Bandage,2,0,0,0,0,107,9
1,128,ground,River Fish,5,0,0,0,0,63,28
1,128,ground,Water flask,2,0,0,0,0,77,48
1,128,ground,Rope Snare,2,0,0,0,0,70,27
1,128,wall,Fried Egg,2,0,0,0,0,68,7
1,128,wall,Water flask,2,0,0,0,0,85,35
1,129,ground,Stick,1,18,0,0,0,77,58
1,129,ground,River Fish,6,0,0,0,0,53,50
1,129,ground,Bow,1,0,0,20,0,33,59
1,129,ground,Sap jar,2,0,0,0,0,53,47
1,129,ground,Bomb,2,0,0,0,0,76,3
1,129,ground,Sap jar,1,0,0,0,0,74,35
1,129,ground,Rake,1,400,0,0,0,19,55
1,129,ground,Fungal Bread,1,0,0,0,0,16,50
1,129,ground,Ammo,1,0,0,0,0,83,5
1,129,ground,Medkit,1,0,0,0,0,57,8
1,129,ground,Ammo,1,0,0,0,0,51,16
1,129,ground,River Fish,3,0,0,0,0,27,55
1,129,ground,River Fish,2,0,0,0,0,17,50
1,129,ground,River Fish,2,0,0,0,0,6,48
1,129,ground,Rake,1,400,0,0,0,87,9
1,129,ground,Bow,1,0,0,20,0,59,33
1,129,wall,Reflecting Pan,1,24,0,0,0,35,27
1,130,ground,Stick,1,18,0,0,0,56,15
1,130,ground,Hunting Spear,1,45,0,0,0,20,44
1,130,ground,Fungal Bread,1,0,0,0,0,22,39
1,130,ground,Hatchet,1,35,0,0,0,61,31
1,130,ground,Torch,1,90,0,0,0,61,30
1,130,ground,Flint Knife,1,60,0,0,0,61,59
1,130,ground,Root Drill,1,0,3,0,0,61,60
1,130,carried,Buckler,1,30,0,0,0,56,40
1,130,carried,Buckler,1,30,0,0,0,59,61
1,130,carried,Buckler,1,30,0,0,0,59,49
1,130,ground,Firecracker,2,0,0,0,0,53,29
1,130,ground,Torch,1,90,0,0,0,64,31
1,130,ground,Hunting Horn,1,0,8,0,0,52,78
1,130,ground,Ammo,1,0,0,0,0,56,77
1,130,ground,Medkit,1,0,0,0,0,35,83
1,130,ground,Oil flask,1,0,0,0,0,33,21
1,130,ground,Bandage,2,0,0,0,0,39,75
1,130,ground,Torch,1,90,0,0,0,39,76
1,130,ground,Ammo,1,0,0,0,0,37,80
1,130,ground,River Fish,2,0,0,0,0,4,44
1,130,ground,River Fish,2,0,0,0,0,13,32
1,130,ground,River Fish,2,0,0,0,0,28,26
1,130,ground,River Fish,4,0,0,0,0,49,5
1,130,ground,Bandage,3,0,0,0,0,37,11
1,130,ground,Resin Glue,1,0,0,0,0,59,2
1,130,ground,Water flask,2,0,0,0,0,41,6
1,131,ground,Stick,1,18,0,0,0,55,15
1,131,ground,Flint Knife,1,60,0,0,0,30,56
1,131,ground,Rope Hook,1,0,24,0,0,31,56
1,131,ground,Torch,1,90,0,0,0,35,33
1,131,ground,Throwing Rock,3,0,0,0,0,31,12
1,131,ground,Resin Glue,1,0,0,0,0,38,10
1,131,ground,Ammo,1,0,0,0,0,32,16
1,131,ground,Sap jar,1,0,0,0,0,60,26
1,131,ground,Ammo,1,0,0,0,0,64,56
1,131,ground,Fungal Bread,1,0,0,0,0,11,57
1,131,ground,Medkit,1,0,0,0,0,16,32
1,131,stored,Seed Bag,1,0,6,0,0,8,56
1,131,ground,Medkit,1,0,0,0,0,19,59
1,131,ground,Bandage,3,0,0,0,0,58,62
1,131,ground,Cooked Meat,2,0,0,0,0,53,27
1,131,ground,Fungal Bread,1,0,0,0,0,5,60
1,131,ground,Rake,1,400,0,0,0,14,41
1,131,ground,Thorn Caltrops,2,0,0,0,0,9,16
1,131,wall,Bomb,2,0,0,0,0,33,7
1,131,wall,Wooden Maul,1,24,0,0,0,11,23
1,132,ground,Stick,1,18,0,0,0,55,36
1,132,ground,Flint Knife,1,60,0,0,0,92,30
1,132,ground,Pickaxe,1,32,0,0,0,88,44
1,132,ground,Bow,1,0,0,20,0,16,76
1,132,ground,Lantern Seed,1,0,0,0,0,79,8
1,132,ground,Ammo,1,0,0,0,0,81,16
1,132,ground,Ammo,1,0,0,0,0,52,61
1,132,ground,Bird Seed,1,0,0,0,0,38,82
1,132,ground,Bandage,2,0,0,0,0,32,78
1,132,ground,Medkit,1,0,0,0,0,20,86
1,132,ground,Hunting Spear,1,45,0,0,0,5,70
1,132,ground,River Fish,2,0,0,0,0,86,61
1,132,ground,River Fish,3,0,0,0,0,97,54
1,132,ground,Sticky Boots,1,0,4,0,0,64,56
1,132,ground,Bandage,3,0,0,0,0,25,79
1,133,ground,Stick,1,18,0,0,0,33,57
1,133,ground,River Fish,5,0,0,0,0,50,52
1,133,ground,Water flask,2,0,0,0,0,77,61
1,133,ground,Egg,3,0,0,0,0,68,53
1,133,ground,Pickaxe,1,32,0,0,0,64,50
1,133,ground,Hunting Spear,1,45,0,0,0,74,13
1,133,ground,Throwing Net,2,0,0,0,0,75,13
1,133,ground,Torch,1,90,0,0,0,78,35
1,133,ground,Flint Knife,1,60,0,0,0,14,82
1,133,ground,Mushroom spores,2,0,0,0,0,16,62
1,133,ground,Rake,1,400,0,0,0,8,49
1,133,ground,Bow,1,0,0,20,0,18,84
1,133,ground,Torch,1,90,0,0,0,12,66
1,133,ground,Medkit,1,0,0,0,0,36,77
1,133,ground,Water flask,2,0,0,0,0,52,84
1,133,ground,Bandage,2,0,0,0,0,34,83
1,133,ground,Torch,1,90,0,0,0,39,80
1,133,ground,Ammo,1,0,0,0,0,36,80
1,133,ground,River Fish,3,0,0,0,0,50,61
1,133,ground,River Fish,2,0,0,0,0,44,45
1,133,ground,River Fish,4,0,0,0,0,20,25
1,133,ground,River Fish,5,0,0,0,0,11,12
1,133,ground,Digging Claws,1,200,0,0,0,32,34
1,133,ground,Seed Bag,1,0,6,0,0,48,2
1,134,ground,Stick,1,18,0,0,0,57,57
1,134,ground,Flint Knife,1,60,0,0,0,36,15
1,134,ground,Torch,1,90,0,0,0,83,30
1,134,ground,Ammo,2,0,0,0,0,77,52
1,134,ground,Herb Bag,1,0,4,0,0,75,55
1,134,ground,Rake,1,400,0,0,0,60,35
1,134,ground,Fungal Bread,1,0,0,0,0,59,39
1,134,ground,Ammo,1,0,0,0,0,16,28
1,134,ground,River Fish,4,0,0,0,0,95,46
1,134,ground,River Fish,3,0,0,0,0,66,45
1,134,ground,River Fish,3,0,0,0,0,49,46
1,134,ground,River Fish,4,0,0,0,0,42,57
1,134,stored,Buckler,1,30,0,0,0,57,28
1,134,ground,Hunting Horn,1,0,8,0,0,47,26
1,134,ground,Lighter,1,0,20,0,0,73,33
1,134,wall,Seed Bag,1,0,6,0,0,92,42
1,135,ground,Stick,1,18,0,0,0,56,36
1,135,ground,Pickaxe,1,32,0,0,0,79,55
1,135,ground,River Fish,4,0,0,0,0,29,83
1,135,ground,Stick,1,18,0,0,0,41,31
1,135,ground,Hatchet,1,35,0,0,0,42,55
1,135,ground,Rope Hook,1,0,24,0,0,37,51
1,135,ground,Ammo,1,0,0,0,0,28,58
1,135,ground,Ammo,1,0,0,0,0,32,35
1,135,ground,Bird Seed,1,0,0,0,0,75,28
1,135,ground,Herb Bag,1,0,4,0,0,74,32
1,135,ground,Fungal Bread,1,0,0,0,0,77,7
1,135,ground,River Fish,4,0,0,0,0,49,87
1,135,ground,Fried Egg,2,0,0,0,0,76,37
1,135,ground,Pickaxe,1,32,0,0,0,31,73
1,135,ground,Medkit,1,0,0,0,0,10,52
1,136,ground,Stick,1,18,0,0,0,77,57
1,136,ground,Wooden Maul,1,24,0,0,0,37,34
1,136,ground,Lighter,1,0,20,0,0,59,38
1,136,ground,Rake,1,400,0,0,0,54,33
1,136,ground,Flint Knife,1,60,0,0,0,57,5
1,136,ground,Buckler,1,30,0,0,0,60,51
1,136,ground,Fungal Bread,1,0,0,0,0,58,62
1,136,ground,Bird Seed,1,0,0,0,0,75,19
1,136,ground,Herb Bag,1,0,4,0,0,76,8
1,136,ground,Pitch Bomb,2,0,0,0,0,37,50
1,136,ground,Ammo,1,0,0,0,0,36,55
1,136,ground,Ammo,1,0,0,0,0,107,7
1,136,ground,River Fish,4,0,0,0,0,56,22
1,136,ground,River Fish,5,0,0,0,0,48,30
1,136,ground,Medkit,1,0,0,0,0,95,19
1,136,ground,Sleep Meds,3,0,0,0,0,104,13
1,136,wall,Hunting Spear,1,45,0,0,0,54,47
1,137,ground,Stick,1,18,0,0,0,57,81
1,137,ground,River Fish,3,0,0,0,0,39,83
1,137,ground,Hunting Spear,1,45,0,0,0,16,77
1,137,ground,Water flask,2,0,0,0,0,37,78
1,137,ground,Hatchet,1,35,0,0,0,41,71
1,137,ground,Honey pot,1,0,0,0,0,32,49
1,137,ground,Hatchet,1,35,0,0,0,71,72
1,137,ground,Lighter,1,0,20,0,0,36,56
1,137,ground,Resin Glue,1,0,0,0,0,61,56
1,137,ground,Ammo,1,0,0,0,0,55,61
1,137,ground,Bandage,2,0,0,0,0,79,72
1,137,ground,Medkit,1,0,0,0,0,81,60
1,137,ground,Ammo,1,0,0,0,0,74,54
1,137,stored,Pitch Bomb,2,0,0,0,0,14,102
1,137,ground,Fried Egg,2,0,0,0,0,50,41
1,137,wall,Fried Egg,2,0,0,0,0,49,27
1,138,ground,Stick,1,18,0,0,0,79,80
1,138,ground,River Fish,4,0,0,0,0,56,75
1,138,ground,River Fish,5,0,0,0,0,12,97
1,138,ground,Torch,1,90,0,0,0,79,85
1,138,ground,Water flask,2,0,0,0,0,55,73
1,138,ground,Torch,1,90,0,0,0,27,77
1,138,ground,Ammo,1,0,0,0,0,40,59
1,138,ground,Herb Bag,1,0,4,0,0,15,77
1,138,ground,Ammo,1,0,0,0,0,34,37
1,138,ground,Medkit,1,0,0,0,0,11,115
1,138,ground,Wooden Maul,1,24,0,0,0,31,12
1,138,stored,Fungal Bread,1,0,0,0,0,3,65
1,138,ground,Herb Bag,1,0,4,0,0,34,28
1,138,ground,Water flask,2,0,0,0,0,22,65
1,139,ground,Stick,1,18,0,0,0,33,58
1,139,ground,River Fish,5,0,0,0,0,55,76
1,139,ground,Bomb,2,0,0,0,0,75,71
1,139,ground,Cooked Meat,2,0,0,0,0,80,71
1,139,ground,Stick,1,18,0,0,0,77,53
1,139,ground,Rope Hook,1,0,24,0,0,78,53
1,139,ground,Torch,1,90,0,0,0,55,57
1,139,ground,Sap jar,2,0,0,0,0,35,61
1,139,ground,Mushroom spores,2,0,0,0,0,99,86
1,139,ground,Chili,1,0,0,0,0,35,38
1,139,ground,Medkit,1,0,0,0,0,56,92
1,139,ground,Fungal Bread,1,0,0,0,0,9,28
1,139,ground,Ammo,1,0,0,0,0,63,102
1,139,ground,River Fish,5,0,0,0,0,85,87
1,139,ground,River Fish,2,0,0,0,0,62,84
1,139,ground,River Fish,4,0,0,0,0,52,69
1,139,ground,River Fish,3,0,0,0,0,42,85
1,139,ground,Fried Egg,2,0,0,0,0,27,8
1,139,ground,Bandage,3,0,0,0,0,5,73
1,139,wall,Cooked Meat,2,0,0,0,0,93,76
1,140,ground,Stick,1,18,0,0,0,35,81
1,140,ground,Torch,1,90,0,0,0,61,78
1,140,ground,Rake,1,400,0,0,0,70,55
1,140,ground,River Fish,6,0,0,0,0,28,51
1,140,ground,Pickaxe,1,32,0,0,0,15,59
1,140,ground,Rope Snare,2,0,0,0,0,38,59
1,140,ground,Rake,1,400,0,0,0,17,49
1,140,ground,Hatchet,1,35,0,0,0,27,51
1,140,ground,Lighter,1,0,20,0,0,17,42
1,140,ground,Medkit,1,0,0,0,0,30,34
1,140,ground,Chili,1,0,0,0,0,51,14
1,140,ground,Ammo,1,0,0,0,0,52,17
1,140,ground,Bandage,2,0,0,0,0,30,35
1,140,ground,Pickaxe,1,32,0,0,0,36,32
1,140,ground,Ammo,1,0,0,0,0,35,27
1,140,ground,Mushroom spores,2,0,0,0,0,52,28
1,140,ground,Torch,1,90,0,0,0,13,32
1,140,wall,Pickaxe,1,32,0,0,0,8,41
1,141,ground,Stick,1,18,0,0,0,34,36
1,141,ground,Pickaxe,1,32,0,0,0,56,45
1,141,ground,River Fish,6,0,0,0,0,37,58
1,141,ground,Hatchet,1,35,0,0,0,14,52
1,141,ground,River Fish,6,0,0,0,0,74,74
1,141,ground,Sap jar,2,0,0,0,0,39,55
1,141,ground,Throwing Rock,3,0,0,0,0,34,13
1,141,ground,Ammo,1,0,0,0,0,40,8
1,141,ground,Water flask,2,0,0,0,0,82,78
1,141,ground,Medkit,1,0,0,0,0,48,78
1,141,ground,Bandage,2,0,0,0,0,54,74
1,141,ground,Pickaxe,1,32,0,0,0,48,74
1,141,ground,Ammo,1,0,0,0,0,57,80
1,141,ground,River Fish,3,0,0,0,0,78,59
1,141,ground,River Fish,2,0,0,0,0,84,47
1,141,ground,River Fish,2,0,0,0,0,84,35
1,141,ground,Bow,1,0,0,20,0,72,79
1,142,ground,Stick,1,18,0,0,0,78,57
1,142,ground,Pitch Bomb,2,0,0,0,0,40,62
1,142,ground,Water flask,2,0,0,0,0,47,58
1,142,ground,Rotten Fruit,3,0,0,0,0,55,68
1,142,ground,River Fish,6,0,0,0,0,85,29
1,142,ground,Torch,1,90,0,0,0,73,8
1,142,ground,Hatchet,1,35,0,0,0,72,13
1,142,ground,Throwing Rock,3,0,0,0,0,63,100
1,142,ground,Medkit,1,0,0,0,0,80,95
1,142,ground,Bandage,2,0,0,0,0,86,104
1,142,ground,Pickaxe,1,32,0,0,0,81,100
1,142,ground,Ammo,1,0,0,0,0,77,105
1,142,ground,Wooden Maul,1,24,0,0,0,13,48
1,142,ground,Stick,1,18,0,0,0,9,53
1,143,ground,Stick,1,18,0,0,0,57,37
1,143,ground,Throwing Rock,3,0,0,0,0,16,53
1,143,ground,Seed Bag,1,0,6,0,0,33,51
1,143,ground,Thorn Caltrops,2,0,0,0,0,27,35
1,143,ground,Pickaxe,1,32,0,0,0,104,56
1,143,ground,Flint Knife,1,60,0,0,0,77,49
1,143,ground,Wooden Maul,1,24,0,0,0,106,60
1,143,ground,Hatchet,1,35,0,0,0,31,6
1,143,ground,Torch,1,90,0,0,0,30,6
1,143,ground,Flint Knife,1,60,0,0,0,61,6
1,143,ground,Root Drill,1,0,3,0,0,61,5
1,143,carried,Buckler,1,30,0,0,0,37,4
1,143,carried,Buckler,1,30,0,0,0,59,11
1,143,ground,Firecracker,2,0,0,0,0,56,7
1,143,ground,Firecracker,2,0,0,0,0,56,17
1,143,ground,Pickaxe,1,32,0,0,0,91,56
1,143,ground,Egg,3,0,0,0,0,62,56
1,143,ground,Herb Bag,1,0,4,0,0,62,52
1,143,ground,Medkit,1,0,0,0,0,76,28
1,143,ground,Wooden Maul,1,24,0,0,0,77,27
1,143,ground,Ammo,1,0,0,0,0,80,35
1,143,ground,River Fish,4,0,0,0,0,4,42
1,143,ground,Bear Trap,2,0,0,0,0,59,61
1,143,ground,Pickaxe,1,32,0,0,0,1,35
1,143,ground,Rake,1,400,0,0,0,1,50
1,143,wall,Mushroom spores,2,0,0,0,0,37,21
1,144,ground,Stick,1,18,0,0,0,78,35
1,144,ground,River Fish,3,0,0,0,0,33,12
1,144,ground,Hunting Spear,1,45,0,0,0,22,77
1,144,ground,Rake,1,400,0,0,0,105,38
1,144,ground,Fungal Bread,1,0,0,0,0,92,35
1,144,ground,Cooked Meat,2,0,0,0,0,53,32
1,144,ground,Bandage,2,0,0,0,0,59,42
1,144,ground,Ammo,1,0,0,0,0,79,8
1,144,ground,Ammo,1,0,0,0,0,11,50
1,144,ground,Wooden Maul,1,24,0,0,0,49,11
1,144,ground,Torch,1,90,0,0,0,98,39
1,145,ground,Stick,1,18,0,0,0,13,37
1,145,ground,Smoke pot,2,0,0,0,0,56,65
1,145,ground,Lighter,1,0,20,0,0,31,64
1,145,ground,Oil flask,2,0,0,0,0,50,79
1,145,ground,Throwing Rock,3,0,0,0,0,73,51
1,145,ground,Lighter,1,0,20,0,0,12,57
1,145,ground,Medkit,1,0,0,0,0,84,54
1,145,ground,Oil flask,1,0,0,0,0,18,11
1,145,ground,Bandage,2,0,0,0,0,84,52
1,145,ground,Ammo,1,0,0,0,0,84,55
1,145,ground,River Fish,3,0,0,0,0,32,54
1,145,ground,River Fish,4,0,0,0,0,44,46
1,145,ground,River Fish,3,0,0,0,0,72,78
1,145,ground,Throwing Rock,3,0,0,0,0,88,80
1,145,ground,Digging Claws,1,200,0,0,0,10,8
1,145,ground,Hunting Spear,1,45,0,0,0,29,7
1,145,wall,Rope Hook,1,0,24,0,0,30,19
1,145,wall,Mushroom spores,2,0,0,0,0,59,25
1,146,ground,Stick,1,18,0,0,0,57,81
1,146,ground,River Fish,3,0,0,0,0,58,56
1,146,ground,Pickaxe,1,32,0,0,0,54,35
1,146,ground,Digging Claws,1,200,0,0,0,32,58
1,146,ground,Lighter,1,0,20,0,0,28,69
1,146,ground,Bow,1,0,0,20,0,39,51
1,146,ground,Hatchet,1,35,0,0,0,77,6
1,146,ground,Mushroom spores,2,0,0,0,0,55,11
1,146,ground,Medkit,1,0,0,0,0,73,8
1,146,ground,Bird Seed,1,0,0,0,0,9,55
1,146,ground,Herb Bag,1,0,4,0,0,13,54
1,146,ground,Rope Hook,1,0,24,0,0,32,14
1,146,ground,Ammo,1,0,0,0,0,40,7
1,146,ground,Ammo,1,0,0,0,0,78,14
1,146,ground,River Fish,2,0,0,0,0,62,8
1,146,ground,River Fish,2,0,0,0,0,70,18
1,146,ground,Rake,1,400,0,0,0,37,34
1,146,wall,Bear Trap,2,0,0,0,0,35,42
1,147,ground,Stick,1,18,0,0,0,57,59
1,147,ground,Torch,1,90,0,0,0,36,80
1,147,ground,Water flask,2,0,0,0,0,35,97
1,147,ground,Hunting Spear,1,45,0,0,0,73,99
1,147,ground,Rope Hook,1,0,24,0,0,74,99
1,147,ground,Torch,1,90,0,0,0,78,77
1,147,ground,River Fish,6,0,0,0,0,32,34
1,147,ground,Pickaxe,1,32,0,0,0,53,39
1,147,ground,Torch,1,90,0,0,0,79,76
1,147,ground,Mushroom spores,2,0,0,0,0,37,27
1,147,ground,Resin Glue,1,0,0,0,0,14,30
1,147,ground,Ammo,1,0,0,0,0,8,35
1,147,ground,Medkit,1,0,0,0,0,38,15
1,147,ground,Bandage,2,0,0,0,0,33,10
1,147,ground,Ammo,1,0,0,0,0,32,13
1,147,stored,Seed Bag,1,0,6,0,0,28,34
1,147,stored,Torch,1,90,0,0,0,34,40
1,147,ground,Bandage,3,0,0,0,0,24,37
1,147,wall,Cooked Meat,2,0,0,0,0,42,25
1,148,ground,Stick,1,18,0,0,0,11,35
1,148,ground,Hunting Spear,1,45,0,0,0,40,40
1,148,ground,Resin Glue,1,0,0,0,0,49,44
1,148,ground,Water flask,2,0,0,0,0,44,56
1,148,ground,River Fish,6,0,0,0,0,43,81
1,148,ground,Stick,1,18,0,0,0,48,74
1,148,ground,Hatchet,1,35,0,0,0,32,71
1,148,ground,Lighter,1,0,20,0,0,31,77
1,148,ground,River Fish,4,0,0,0,0,8,56
1,148,ground,Fishing Line,1,0,20,0,0,5,57
1,148,ground,Bomb,2,0,0,0,0,23,52
1,148,ground,Water flask,2,0,0,0,0,15,60
1,148,ground,Ammo,1,0,0,0,0,4,81
1,148,ground,Medkit,1,0,0,0,0,33,105
1,148,ground,Water flask,2,0,0,0,0,32,15
1,148,ground,Ammo,1,0,0,0,0,31,12
1,148,ground,Bandage,2,0,0,0,0,37,97
1,148,ground,Wooden Maul,1,24,0,0,0,33,95
1,148,ground,River Fish,5,0,0,0,0,25,41
1,148,ground,River Fish,4,0,0,0,0,44,26
1,148,ground,Water flask,2,0,0,0,0,16,82
1,148,ground,Stick,1,18,0,0,0,52,14
1,148,wall,Stick,1,18,0,0,0,6,86
1,148,wall,Seed Bag,1,0,6,0,0,13,89
1,149,ground,Stick,1,18,0,0,0,35,81
1,149,ground,Torch,1,90,0,0,0,33,37
1,149,ground,Bear Trap,2,0,0,0,0,34,51
1,149,ground,Throwing Rock,3,0,0,0,0,20,50
1,149,ground,Pickaxe,1,32,0,0,0,26,33
1,149,ground,Medkit,1,0,0,0,0,56,31
1,149,ground,Hatchet,1,35,0,0,0,63,98
1,149,ground,Ammo,1,0,0,0,0,49,92
1,149,ground,Rake,1,400,0,0,0,39,13
1,149,ground,Bandage,2,0,0,0,0,36,15
1,149,ground,Bow,1,0,0,20,0,56,29
1,149,ground,Ammo,1,0,0,0,0,54,33
1,149,ground,Pickaxe,1,32,0,0,0,33,104
1,149,ground,Straw Decoy,1,0,0,0,0,6,82
1,149,ground,Stick,1,18,0,0,0,32,7
1,150,ground,Stick,1,18,0,0,0,56,58
1,150,ground,Pickaxe,1,32,0,0,0,16,80
1,150,ground,Bow,1,0,0,20,0,29,95
1,150,ground,Bow,1,0,0,20,0,36,17
1,150,ground,Rake,1,400,0,0,0,43,35
1,150,ground,Pickaxe,1,32,0,0,0,56,39
1,150,ground,Rotten Fruit,3,0,0,0,0,32,59
1,150,ground,Fungal Bread,1,0,0,0,0,34,59
1,150,ground,Oil flask,1,0,0,0,0,14,51
1,150,ground,Fungal Bread,1,0,0,0,0,6,116
1,150,ground,Ammo,1,0,0,0,0,17,16
1,150,ground,River Fish,2,0,0,0,0,18,69
1,150,wall,Hunting Horn,1,0,8,0,0,15,126
1,151,ground,Stick,1,18,0,0,0,57,59
1,151,ground,River Fish,3,0,0,0,0,74,61
1,151,ground,Flint Knife,1,60,0,0,0,80,72
1,151,ground,Pickaxe,1,32,0,0,0,60,31
1,151,ground,Pitch Bomb,2,0,0,0,0,60,98
1,151,ground,Bird Seed,1,0,0,0,0,36,28
1,151,ground,Bandage,2,0,0,0,0,30,37
1,151,ground,Lighter,1,0,20,0,0,34,58
1,151,ground,Medkit,1,0,0,0,0,59,104
1,151,ground,Rope Hook,1,0,24,0,0,29,13
1,151,ground,Ammo,1,0,0,0,0,29,10
1,151,ground,Ammo,1,0,0,0,0,57,103
1,151,ground,River Fish,3,0,0,0,0,44,99
1,151,ground,River Fish,5,0,0,0,0,30,104
1,151,ground,Wooden Maul,1,24,0,0,0,74,91
1,151,ground,Herb Bag,1,0,4,0,0,62,84
1,151,wall,Bow,1,0,0,20,0,53,45
1,151,wall,Herb Bag,1,0,4,0,0,32,49
1,152,ground,Stick,1,18,0,0,0,55,37
1,152,ground,Pickaxe,1,32,0,0,0,58,100
1,152,ground,Oil flask,2,0,0,0,0,54,87
1,152,ground,Resin Glue,1,0,0,0,0,62,81
1,152,ground,Hatchet,1,35,0,0,0,83,53
1,152,ground,Torch,1,90,0,0,0,83,52
1,152,ground,Stick,1,18,0,0,0,83,83
1,152,ground,Root Drill,1,0,3,0,0,83,84
1,152,carried,Buckler,1,30,0,0,0,75,84
1,152,carried,Buckler,1,30,0,0,0,86,58
1,152,carried,Buckler,1,30,0,0,0,76,54
1,152,ground,Firecracker,2,0,0,0,0,79,77
1,152,ground,Firecracker,2,0,0,0,0,77,59
1,152,ground,Firecracker,2,0,0,0,0,81,52
1,152,ground,Hatchet,1,35,0,0,0,78,38
1,152,ground,Ammo,1,0,0,0,0,71,31
1,152,ground,Reflecting Pan,1,24,0,0,0,77,8
1,152,ground,Ammo,1,0,0,0,0,82,10
1,152,ground,Rake,1,400,0,0,0,35,99
1,152,ground,Fungal Bread,1,0,0,0,0,37,104
1,152,ground,Medkit,1,0,0,0,0,32,70
1,152,ground,Pickaxe,1,32,0,0,0,30,72
1,152,ground,River Fish,5,0,0,0,0,53,98
1,152,ground,River Fish,2,0,0,0,0,55,86
1,152,ground,Hatchet,1,35,0,0,0,31,102
1,152,ground,Mushroom spores,2,0,0,0,0,72,39
1,152,wall,Smoke pot,2,0,0,0,0,84,40
1,153,ground,Stick,1,18,0,0,0,34,58
1,153,ground,Sticky Boots,1,0,4,0,0,56,12
1,153,ground,Splint,1,0,2,0,0,54,19
1,153,ground,River Fish,3,0,0,0,0,33,36
1,153,ground,River Fish,5,0,0,0,0,77,83
1,153,ground,Fishing Line,1,0,20,0,0,76,85
1,153,ground,Digging Claws,1,200,0,0,0,52,76
1,153,ground,Honey pot,1,0,0,0,0,47,76
1,153,ground,Torch,1,90,0,0,0,61,53
1,153,ground,Rake,1,400,0,0,0,53,56
1,153,ground,Fungal Bread,1,0,0,0,0,56,55
1,153,ground,Water flask,2,0,0,0,0,38,29
1,153,ground,Ammo,1,0,0,0,0,11,36
1,153,ground,Medkit,1,0,0,0,0,9,18
1,153,ground,Ammo,1,0,0,0,0,10,10
1,153,ground,River Fish,2,0,0,0,0,40,25
1,153,ground,Sap jar,2,0,0,0,0,15,27
1,153,ground,Sap jar,2,0,0,0,0,25,39
1,153,wall,Flint Knife,1,60,0,0,0,32,26
1,154,ground,Stick,1,18,0,0,0,55,37
1,154,ground,Hatchet,1,35,0,0,0,72,30
1,154,ground,Torch,1,90,0,0,0,72,29
1,154,ground,Bow,1,0,0,20,0,72,59
1,154,ground,Root Drill,1,0,3,0,0,73,60
1,154,carried,Buckler,1,30,0,0,0,78,55
1,154,ground,Fungal Bread,2,0,0,0,0,75,36
1,154,ground,Fungal Bread,2,0,0,0,0,82,30
1,154,ground,Firecracker,2,0,0,0,0,75,29
1,154,ground,Wooden Maul,1,24,0,0,0,77,11
1,154,ground,Raw Meat,1,0,0,0,0,82,5
1,154,ground,Seed Bag,1,0,6,0,0,73,52
1,154,ground,Splint,1,0,2,0,0,57,59
1,154,ground,Ammo,1,0,0,0,0,58,60
1,154,ground,Lighter,1,0,20,0,0,32,58
1,154,ground,Herb Bag,1,0,4,0,0,32,54
1,154,ground,Ammo,1,0,0,0,0,35,75
1,154,ground,Medkit,1,0,0,0,0,54,80
1,154,ground,River Fish,5,0,0,0,0,70,42
1,154,ground,River Fish,5,0,0,0,0,64,31
1,154,ground,River Fish,2,0,0,0,0,56,21
1,154,ground,River Fish,5,0,0,0,0,49,11
1,154,ground,Resin Glue,1,0,0,0,0,40,84
1,154,ground,Mushroom spores,2,0,0,0,0,9,74
1,154,ground,Sap jar,2,0,0,0,0,33,81
1,154,wall,Pickaxe,1,32,0,0,0,71,20
1,155,ground,Stick,1,18,0,0,0,57,37
1,155,ground,River Fish,3,0,0,0,0,60,70
1,155,ground,Flint Knife,1,60,0,0,0,54,104
1,155,ground,Ammo,2,0,0,0,0,52,101
1,155,ground,Hatchet,1,35,0,0,0,59,11
1,155,ground,Bow,1,0,0,20,0,34,38
1,155,ground,Bird Seed,1,0,0,0,0,56,58
1,155,ground,Bandage,2,0,0,0,0,63,58
1,155,ground,Ammo,1,0,0,0,0,37,38
1,155,ground,Crossbow,1,0,0,1,16,9,29
1,155,ground,Ammo,1,0,0,0,0,9,39
1,155,ground,Medkit,1,0,0,0,0,32,78
1,155,ground,Pickaxe,1,32,0,0,0,38,78
1,155,ground,Thorn Caltrops,2,0,0,0,0,52,63
1,155,ground,Herb Bag,1,0,4,0,0,49,53
1,155,wall,Throwing Rock,3,0,0,0,0,46,16
1,156,ground,Stick,1,18,0,0,0,77,37
1,156,ground,Hunting Spear,1,45,0,0,0,61,47
1,156,ground,Water flask,2,0,0,0,0,54,40
1,156,ground,Torch,1,90,0,0,0,7,32
1,156,ground,Mushroom spores,2,0,0,0,0,107,34
1,156,ground,Rake,1,400,0,0,0,53,5
1,156,ground,Bandage,2,0,0,0,0,49,21
1,156,ground,Ammo,1,0,0,0,0,124,33
1,156,ground,Medkit,1,0,0,0,0,12,27
1,156,ground,Ammo,1,0,0,0,0,15,35
1,156,ground,River Fish,5,0,0,0,0,102,45
1,156,ground,Flint Knife,1,60,0,0,0,32,12
1,156,ground,Stick,1,18,0,0,0,109,29
1,156,ground,Fried Egg,2,0,0,0,0,96,28
1,156,ground,Digging Claws,1,200,0,0,0,98,60
1,157,ground,Stick,1,18,0,0,0,33,37
1,157,ground,Pickaxe,1,32,0,0,0,101,78
1,157,ground,Pickaxe,1,32,0,0,0,82,80
1,157,ground,Hatchet,1,35,0,0,0,104,83
1,157,ground,River Fish,6,0,0,0,0,36,53
1,157,ground,Fishing Line,1,0,20,0,0,38,50
1,157,ground,Seed Bag,1,0,6,0,0,36,31
1,157,ground,Mushroom spores,2,0,0,0,0,37,56
1,157,ground,Rake,1,400,0,0,0,30,82
1,157,ground,Herb Bag,1,0,4,0,0,35,85
1,157,ground,Bandage,2,0,0,0,0,16,78
1,157,ground,Ammo,1,0,0,0,0,108,58
1,157,ground,Ammo,1,0,0,0,0,100,27
1,157,ground,Cooked Meat,2,0,0,0,0,95,58
1,157,ground,Stick,1,18,0,0,0,52,83
1,158,ground,Stick,1,18,0,0,0,34,79
1,158,ground,River Fish,3,0,0,0,0,60,54
1,158,ground,River Fish,3,0,0,0,0,15,54
1,158,ground,Fishing Line,1,0,20,0,0,12,54
1,158,ground,Shield Lantern,1,24,0,0,0,53,13
1,158,ground,Water flask,2,0,0,0,0,42,55
1,158,ground,Water flask,2,0,0,0,0,58,56
1,158,ground,Herb Bag,1,0,4,0,0,48,36
1,158,ground,Fungal Bread,1,0,0,0,0,57,72
1,158,ground,Shield Lantern,1,24,0,0,0,8,33
1,158,ground,Ammo,1,0,0,0,0,10,34
1,158,ground,Ammo,1,0,0,0,0,55,10
1,158,ground,River Fish,2,0,0,0,0,27,58
1,158,ground,River Fish,2,0,0,0,0,14,63
1,158,ground,Hatchet,1,35,0,0,0,77,53
1,158,ground,Reflecting Pan,1,24,0,0,0,33,52
1,158,ground,Pickaxe,1,32,0,0,0,19,66
1,158,ground,Pickaxe,1,32,0,0,0,31,63
1,159,ground,Stick,1,18,0,0,0,79,57
1,159,ground,Hatchet,1,35,0,0,0,58,48
1,159,ground,Bandage,3,0,0,0,0,32,51
1,159,ground,Digging Claws,1,200,0,0,0,43,32
1,159,ground,Medkit,1,0,0,0,0,55,36
1,159,ground,River Fish,6,0,0,0,0,80,37
1,159,ground,River Fish,3,0,0,0,0,58,9
1,159,ground,Smoke pot,2,0,0,0,0,28,58
1,159,ground,Mushroom spores,2,0,0,0,0,76,38
1,159,ground,Mushroom spores,2,0,0,0,0,104,56
1,159,ground,Fungal Bread,1,0,0,0,0,81,6
1,159,ground,Fungal Bread,1,0,0,0,0,102,7
1,159,ground,Rope Hook,1,0,24,0,0,126,17
1,159,ground,Ammo,1,0,0,0,0,120,16
1,159,ground,Ammo,1,0,0,0,0,98,35
1,159,ground,River Fish,3,0,0,0,0,63,14
1,159,ground,River Fish,3,0,0,0,0,68,27
1,159,ground,River Fish,2,0,0,0,0,71,42
1,159,ground,Throwing Rock,3,0,0,0,0,49,8
1,160,ground,Stick,1,18,0,0,0,77,79
1,160,ground,Bear Trap,2,0,0,0,0,54,29
1,160,ground,Sap jar,1,0,0,0,0,78,56
1,160,ground,Spring Trap,2,0,0,0,0,61,73
1,160,ground,Ammo,1,0,0,0,0,59,75
1,160,ground,Rake,1,400,0,0,0,75,32
1,160,ground,Bandage,2,0,0,0,0,76,31
1,160,ground,Ammo,1,0,0,0,0,79,13
1,160,ground,Medkit,1,0,0,0,0,13,34
1,160,ground,Water flask,2,0,0,0,0,38,54
1,160,ground,Pickaxe,1,32,0,0,0,33,34
1,160,ground,Digging Claws,1,200,0,0,0,81,60
1,160,wall,Throwing Rock,3,0,0,0,0,37,27
1,161,ground,Stick,1,18,0,0,0,33,37
1,161,ground,Hatchet,1,35,0,0,0,59,67
1,161,ground,Resin Glue,1,0,0,0,0,35,60
1,161,ground,Resin Glue,1,0,0,0,0,38,73
1,161,ground,Water flask,2,0,0,0,0,46,74
1,161,ground,Bow,1,0,0,20,0,61,69
1,161,ground,Throwing Rock,3,0,0,0,0,56,33
1,161,ground,Bandage,2,0,0,0,0,57,40
1,161,ground,Shield Lantern,1,24,0,0,0,78,83
1,161,ground,Ammo,1,0,0,0,0,73,82
1,161,ground,Seed Bag,1,0,6,0,0,60,12
1,161,ground,Fungal Bread,1,0,0,0,0,73,6
1,161,ground,Ammo,1,0,0,0,0,99,16
1,161,ground,Cooked Meat,2,0,0,0,0,62,32
1,161,ground,Flint Knife,1,60,0,0,0,10,30
1,162,ground,Stick,1,18,0,0,0,35,59
1,162,ground,Hunting Spear,1,45,0,0,0,18,76
1,162,ground,Sticky Boots,1,0,4,0,0,16,101
1,162,ground,Water flask,2,0,0,0,0,20,93
1,162,ground,River Fish,3,0,0,0,0,63,10
1,162,ground,Hunting Spear,1,45,0,0,0,37,107
1,162,ground,Sap jar,1,0,0,0,0,54,77
1,162,ground,Bear Trap,2,0,0,0,0,9,58
1,162,ground,Bandage,2,0,0,0,0,7,61
1,162,ground,Ammo,1,0,0,0,0,59,106
1,162,ground,Ammo,1,0,0,0,0,53,38
1,162,ground,Medkit,1,0,0,0,0,36,14
1,162,ground,Mushroom spores,2,0,0,0,0,54,54
1,162,ground,Flint Knife,1,60,0,0,0,13,63
1,163,ground,Stick,1,18,0,0,0,35,81
1,163,ground,River Fish,3,0,0,0,0,58,99
1,163,ground,Fishing Line,1,0,20,0,0,62,99
1,163,ground,Buckler,1,30,0,0,0,61,21
1,163,ground,Ammo,1,0,0,0,0,38,102
1,163,ground,Water flask,2,0,0,0,0,54,72
1,163,ground,Rake,1,400,0,0,0,52,54
1,163,ground,Bandage,2,0,0,0,0,51,62
1,163,ground,Ammo,1,0,0,0,0,61,122
1,163,ground,Bandage,2,0,0,0,0,40,121
1,163,ground,River Fish,3,0,0,0,0,63,113
1,163,wall,Reflecting Pan,1,24,0,0,0,26,56
1,163,wall,Herb Bag,1,0,4,0,0,27,96
1,164,ground,Stick,1,18,0,0,0,77,80
1,164,ground,Fungal Bread,1,0,0,0,0,16,55
1,164,ground,Raw Meat,2,0,0,0,0,25,44
1,164,ground,River Fish,6,0,0,0,0,32,13
1,164,ground,Pickaxe,1,32,0,0,0,60,77
1,164,ground,Honey pot,1,0,0,0,0,60,76
1,164,ground,Boomerang,1,0,0,0,0,85,53
1,164,ground,Water flask,2,0,0,0,0,49,57
1,164,ground,Ammo,1,0,0,0,0,82,65
1,164,ground,Medkit,1,0,0,0,0,14,83
1,164,ground,Mushroom spores,2,0,0,0,0,29,11
1,164,ground,Bandage,2,0,0,0,0,9,85
1,164,ground,Ammo,1,0,0,0,0,12,72
1,164,ground,Water flask,2,0,0,0,0,86,59
1,164,ground,Hatchet,1,35,0,0,0,26,21
1,164,ground,Pickaxe,1,32,0,0,0,40,15
1,165,ground,Stick,1,18,0,0,0,55,81
1,165,ground,Hatchet,1,35,0,0,0,73,59
1,165,ground,Torch,1,90,0,0,0,73,60
1,165,ground,Stick,1,18,0,0,0,73,30
1,165,ground,Root Drill,1,0,3,0,0,74,29
1,165,carried,Buckler,1,30,0,0,0,78,60
1,165,carried,Buckler,1,30,0,0,0,85,58
1,165,ground,Firecracker,2,0,0,0,0,86,52
1,165,ground,Hunting Spear,1,45,0,0,0,54,51
1,165,ground,Rake,1,400,0,0,0,56,51
1,165,ground,Bandage,2,0,0,0,0,55,56
1,165,ground,Resin Glue,1,0,0,0,0,37,40
1,165,ground,Ammo,1,0,0,0,0,33,41
1,165,ground,Medkit,1,0,0,0,0,20,28
1,165,ground,Ammo,1,0,0,0,0,99,96
1,165,ground,River Fish,5,0,0,0,0,45,51
1,165,ground,River Fish,4,0,0,0,0,44,35
1,165,ground,River Fish,4,0,0,0,0,45,17
1,165,ground,River Fish,4,0,0,0,0,42,1
1,165,ground,Rope Hook,1,0,24,0,0,80,85
1,165,ground,Flint Knife,1,60,0,0,0,102,78
1,165,wall,Pickaxe,1,32,0,0,0,108,103
1,166,ground,Stick,1,18,0,0,0,57,36
1,166,ground,Hatchet,1,35,0,0,0,39,52
1,166,ground,Torch,1,90,0,0,0,40,52
1,166,ground,Stick,1,18,0,0,0,9,52
1,166,ground,Root Drill,1,0,3,0,0,9,51
1,166,ground,Firecracker,2,0,0,0,0,16,57
1,166,ground,River Fish,6,0,0,0,0,75,79
1,166,ground,Fishing Line,1,0,20,0,0,71,80
1,166,ground,Sleep Meds,3,0,0,0,0,15,59
1,166,ground,Ammo,1,0,0,0,0,57,60
1,166,ground,Ammo,1,0,0,0,0,71,56
1,166,ground,Bird Seed,1,0,0,0,0,105,55
1,166,ground,Bandage,2,0,0,0,0,108,54
1,166,ground,Medkit,1,0,0,0,0,127,58
1,166,ground,Bird Seed,1,0,0,0,0,54,15
1,166,ground,River Fish,5,0,0,0,0,48,46
1,166,ground,River Fish,4,0,0,0,0,38,11
1,166,ground,Flint Knife,1,60,0,0,0,35,30
1,166,ground,Water flask,2,0,0,0,0,78,54
1,166,wall,Fried Egg,2,0,0,0,0,54,5
1,166,wall,Throwing Rock,3,0,0,0,0,26,35
1,167,ground,Stick,1,18,0,0,0,13,80
1,167,ground,River Fish,4,0,0,0,0,61,36
1,167,ground,Bow,1,0,0,20,0,83,54
1,167,ground,Seed Bag,1,0,6,0,0,49,83
1,167,ground,Chili,1,0,0,0,0,30,79
1,167,ground,Bandage,2,0,0,0,0,30,73
1,167,ground,Bird Seed,1,0,0,0,0,61,81
1,167,ground,Herb Bag,1,0,4,0,0,62,75
1,167,ground,Ammo,1,0,0,0,0,51,49
1,167,ground,Ammo,1,0,0,0,0,84,36
1,167,ground,River Fish,4,0,0,0,0,42,80
1,167,ground,River Fish,2,0,0,0,0,38,95
1,167,wall,Flint Knife,1,60,0,0,0,78,66
1,168,ground,Stick,1,18,0,0,0,79,79
1,168,ground,Stick,1,18,0,0,0,13,61
1,168,ground,Throwing Net,2,0,0,0,0,14,61
1,168,ground,Torch,1,90,0,0,0,34,57
1,168,ground,River Fish,6,0,0,0,0,53,74
1,168,ground,River Fish,4,0,0,0,0,73,53
1,168,ground,Sap jar,2,0,0,0,0,59,71
1,168,ground,Sap jar,2,0,0,0,0,79,97
1,168,ground,Herb Bag,1,0,4,0,0,85,99
1,168,ground,Water flask,2,0,0,0,0,54,70
1,168,ground,Herb Bag,1,0,4,0,0,39,34
1,168,ground,Ammo,1,0,0,0,0,28,14
1,168,ground,River Fish,3,0,0,0,0,77,37
1,168,ground,River Fish,4,0,0,0,0,78,23
1,168,ground,Lighter,1,0,20,0,0,54,54
1,168,ground,Hatchet,1,35,0,0,0,37,29
1,169,ground,Stick,1,18,0,0,0,35,59
1,169,ground,Reflecting Pan,1,24,0,0,0,61,25
1,169,ground,Rake,1,400,0,0,0,10,61
1,169,ground,Herb Bag,1,0,4,0,0,15,61
1,169,ground,Lighter,1,0,20,0,0,54,54
1,169,ground,Ammo,1,0,0,0,0,60,25
1,169,ground,Ammo,1,0,0,0,0,54,79
1,169,ground,Bandage,2,0,0,0,0,79,72
1,169,ground,River Fish,5,0,0,0,0,77,56
1,169,ground,Medkit,1,0,0,0,0,85,83
1,169,ground,Fried Egg,2,0,0,0,0,57,10
1,169,ground,Sap jar,2,0,0,0,0,60,16
1,169,wall,Medkit,1,0,0,0,0,87,62
1,170,ground,Stick,1,18,0,0,0,11,81
1,170,ground,Throwing Rock,3,0,0,0,0,42,66
1,170,ground,Rake,1,400,0,0,0,53,74
1,170,ground,Sap jar,2,0,0,0,0,10,57
1,170,ground,Resin Glue,1,0,0,0,0,5,57
1,170,ground,Ammo,1,0,0,0,0,11,52
1,170,ground,Bird Seed,1,0,0,0,0,31,36
1,170,ground,Bandage,2,0,0,0,0,34,31
1,170,ground,Medkit,1,0,0,0,0,60,31
1,170,ground,Rope Hook,1,0,24,0,0,73,73
1,170,ground,Ammo,1,0,0,0,0,75,80
1,170,ground,Bear Trap,2,0,0,0,0,12,62
1,170,ground,Bow,1,0,0,20,0,39,33
1,170,ground,Hunting Spear,1,45,0,0,0,19,52
1,170,wall,Rope Hook,1,0,24,0,0,22,75
1,171,ground,Stick,1,18,0,0,0,77,57
1,171,ground,River Fish,3,0,0,0,0,26,29
1,171,ground,Mushroom spores,2,0,0,0,0,5,38
1,171,ground,Hatchet,1,35,0,0,0,15,32
1,171,ground,River Fish,6,0,0,0,0,104,73
1,171,ground,Fishing Line,1,0,20,0,0,107,76
1,171,ground,Digging Claws,1,200,0,0,0,105,56
1,171,ground,Shield Lantern,1,24,0,0,0,18,75
1,171,ground,Oil flask,1,0,0,0,0,60,32
1,171,ground,Mushroom spores,2,0,0,0,0,106,75
1,171,ground,Medkit,1,0,0,0,0,58,5
1,171,ground,Scarecrow,1,0,0,0,0,10,64
1,171,ground,Ammo,1,0,0,0,0,12,63
1,171,ground,Bandage,2,0,0,0,0,63,14
1,171,ground,Ammo,1,0,0,0,0,59,22
1,171,ground,River Fish,4,0,0,0,0,77,75
1,171,ground,River Fish,2,0,0,0,0,59,76
1,171,ground,River Fish,2,0,0,0,0,43,73
1,171,ground,Hatchet,1,35,0,0,0,67,73
1,171,ground,Straw Decoy,1,0,0,0,0,90,79
1,171,wall,Sap jar,2,0,0,0,0,92,60
1,172,ground,Stick,1,18,0,0,0,11,79
1,172,ground,Bow,1,0,0,20,0,45,98
1,172,ground,Digging Claws,1,200,0,0,0,38,84
1,172,ground,River Fish,6,0,0,0,0,8,38
1,172,ground,Flint Knife,1,60,0,0,0,11,2
1,172,ground,Torch,1,90,0,0,0,45,90
1,172,ground,Boomerang,1,0,0,0,0,11,50
1,172,ground,Bandage,2,0,0,0,0,6,52
1,172,ground,Acorn Mine,2,0,0,0,0,35,51
1,172,ground,Ammo,1,0,0,0,0,38,59
1,172,ground,Medkit,1,0,0,0,0,11,98
1,172,ground,Stick,1,18,0,0,0,14,95
1,172,ground,Ammo,1,0,0,0,0,18,105
1,172,ground,River Fish,3,0,0,0,0,16,50
1,172,ground,Bear Trap,2,0,0,0,0,23,84
1,172,wall,Wooden Maul,1,24,0,0,0,47,111
1,173,ground,Stick,1,18,0,0,0,35,15
1,173,ground,Hatchet,1,35,0,0,0,56,54
1,173,ground,Bow,1,0,0,20,0,50,51
1,173,ground,River Fish,5,0,0,0,0,34,76
1,173,ground,Digging Claws,1,200,0,0,0,39,78
1,173,ground,Firecracker,3,0,0,0,0,35,30
1,173,ground,Fungal Bread,1,0,0,0,0,41,40
1,173,ground,Chili,1,0,0,0,0,57,35
1,173,ground,Buckler,1,30,0,0,0,11,12
1,173,ground,Ammo,1,0,0,0,0,8,12
1,173,ground,Ammo,1,0,0,0,0,62,78
1,173,ground,Medkit,1,0,0,0,0,106,35
1,173,stored,Buckler,1,30,0,0,0,26,31
1,173,stored,Seed Bag,1,0,6,0,0,36,29
1,173,stored,Bandage,3,0,0,0,0,34,37
1,173,ground,Thorn Caltrops,2,0,0,0,0,32,41
1,173,ground,Boomerang,1,0,0,0,0,39,27
1,173,wall,Sap jar,2,0,0,0,0,54,46
1,174,ground,Stick,1,18,0,0,0,78,80
1,174,ground,River Fish,3,0,0,0,0,51,61
1,174,ground,Fishing Line,1,0,20,0,0,49,58
1,174,ground,River Fish,5,0,0,0,0,40,53
1,174,ground,Pickaxe,1,32,0,0,0,77,83
1,174,ground,Ammo,1,0,0,0,0,63,78
1,174,ground,Water flask,2,0,0,0,0,52,62
1,174,ground,Bear Trap,2,0,0,0,0,58,32
1,174,ground,Ammo,1,0,0,0,0,60,39
1,174,ground,Water flask,2,0,0,0,0,37,58
1,174,ground,Medkit,1,0,0,0,0,31,12
1,174,ground,Bandage,2,0,0,0,0,35,14
1,174,ground,Sticky Boots,1,0,4,0,0,26,28
1,175,ground,Stick,1,18,0,0,0,34,80
1,175,ground,Reflecting Pan,1,24,0,0,0,39,135
1,175,ground,Ammo,1,0,0,0,0,38,101
1,175,ground,Pickaxe,1,32,0,0,0,15,75
1,175,ground,Ammo,1,0,0,0,0,6,72
1,175,ground,Rake,1,400,0,0,0,31,127
1,175,ground,Fungal Bread,1,0,0,0,0,37,116
1,175,ground,Herb Bag,1,0,4,0,0,52,103
1,175,ground,Fried Egg,2,0,0,0,0,14,50
1,175,ground,Digging Claws,1,200,0,0,0,15,61
1,175,wall,Fried Egg,2,0,0,0,0,8,40
1,175,wall,Digging Claws,1,200,0,0,0,36,107
1,176,ground,Stick,1,18,0,0,0,55,57
1,176,ground,Throwing Rock,3,0,0,0,0,26,45
1,176,ground,Bird Seed,1,0,0,0,0,28,57
1,176,ground,Bandage,2,0,0,0,0,32,59
1,176,ground,Bow,1,0,0,20,0,58,30
1,176,ground,Fungal Bread,1,0,0,0,0,64,38
1,176,ground,Rope Hook,1,0,24,0,0,75,33
1,176,ground,Ammo,1,0,0,0,0,72,33
1,176,ground,Ammo,1,0,0,0,0,34,70
1,176,ground,River Fish,4,0,0,0,0,38,39
1,176,ground,River Fish,4,0,0,0,0,28,45
1,176,ground,River Fish,4,0,0,0,0,10,59
1,176,ground,Medkit,1,0,0,0,0,65,29
1,176,wall,Bow,1,0,0,20,0,28,30
1,176,wall,Cooked Meat,2,0,0,0,0,27,70
1,177,ground,Stick,1,18,0,0,0,34,80
1,177,ground,Throwing Rock,3,0,0,0,0,13,56
1,177,ground,Throwing Rock,3,0,0,0,0,49,47
1,177,ground,Rake,1,400,0,0,0,52,60
1,177,ground,Bandage,2,0,0,0,0,52,54
1,177,ground,Wolf Whistle,1,0,8,0,0,8,93
1,177,ground,Ammo,1,0,0,0,0,9,96
1,177,ground,Medkit,1,0,0,0,0,18,30
1,177,ground,Stick,1,18,0,0,0,8,30
1,177,ground,Ammo,1,0,0,0,0,15,27
1,177,ground,River Fish,5,0,0,0,0,40,65
1,177,ground,River Fish,5,0,0,0,0,30,59
1,177,ground,River Fish,4,0,0,0,0,21,51
1,177,ground,River Fish,2,0,0,0,0,7,51
1,177,ground,Thorn Caltrops,2,0,0,0,0,43,54
1,177,ground,Thorn Caltrops,2,0,0,0,0,57,73
1,177,ground,Wooden Maul,1,24,0,0,0,49,40
1,177,wall,Fungal Bread,1,0,0,0,0,16,46
1,178,ground,Stick,1,18,0,0,0,77,37
1,178,ground,River Fish,6,0,0,0,0,78,60
1,178,ground,Throwing Rock,3,0,0,0,0,73,101
1,178,ground,Mushroom spores,2,0,0,0,0,72,52
1,178,ground,Bird Seed,1,0,0,0,0,60,36
1,178,ground,Bandage,2,0,0,0,0,59,38
1,178,ground,Fungal Bread,1,0,0,0,0,33,38
1,178,ground,Ammo,1,0,0,0,0,19,30
1,178,ground,Ammo,1,0,0,0,0,38,55
1,178,ground,River Fish,3,0,0,0,0,66,53
1,178,ground,River Fish,3,0,0,0,0,33,50
1,178,ground,River Fish,2,0,0,0,0,17,48
1,178,ground,Torch,1,90,0,0,0,62,81
1,178,ground,Fungal Bread,1,0,0,0,0,13,39
1,178,ground,Pitch Bomb,2,0,0,0,0,7,45
1,178,ground,Hatchet,1,35,0,0,0,78,78
1,178,wall,Bandage,3,0,0,0,0,37,26
1,179,ground,Stick,1,18,0,0,0,13,58
1,179,ground,River Fish,5,0,0,0,0,53,32
1,179,ground,Bear Trap,2,0,0,0,0,50,34
1,179,ground,Torch,1,90,0,0,0,38,49
1,179,ground,Hunting Horn,1,0,8,0,0,13,18
1,179,ground,Ammo,1,0,0,0,0,14,6
1,179,ground,Lighter,1,0,20,0,0,57,76
1,179,ground,Ammo,1,0,0,0,0,52,71
1,179,ground,Medkit,1,0,0,0,0,15,83
1,179,ground,Bandage,2,0,0,0,0,8,84
1,179,ground,Lighter,1,0,20,0,0,7,38
1,179,ground,Seed Bag,1,0,6,0,0,54,40
1,179,wall,Cooked Meat,2,0,0,0,0,64,37
1,180,ground,Stick,1,18,0,0,0,79,79
1,180,ground,Hatchet,1,35,0,0,0,18,59
1,180,ground,Bow,1,0,0,20,0,29,72
1,180,ground,Lighter,1,0,20,0,0,20,54
1,180,ground,River Fish,3,0,0,0,0,51,78
1,180,ground,Pitch Bomb,2,0,0,0,0,57,98
1,180,ground,Bow,1,0,0,20,0,60,71
1,180,ground,River Fish,3,0,0,0,0,40,36
1,180,ground,Raw Meat,1,0,0,0,0,48,43
1,180,ground,Shield Lantern,1,24,0,0,0,49,102
1,180,ground,Rope Snare,2,0,0,0,0,78,54
1,180,ground,Ammo,1,0,0,0,0,77,52
1,180,ground,Scarecrow,1,0,0,0,0,56,52
1,180,ground,Bandage,2,0,0,0,0,60,57
1,180,ground,Thorn Caltrops,1,0,0,0,0,48,28
1,180,ground,Medkit,1,0,0,0,0,57,16
1,180,ground,Ammo,1,0,0,0,0,59,11
1,180,ground,River Fish,2,0,0,0,0,26,24
1,180,ground,Mushroom spores,2,0,0,0,0,58,38
1,180,ground,Pickaxe,1,32,0,0,0,31,39
1,180,ground,Reflecting Pan,1,24,0,0,0,21,19
1,180,ground,Reflecting Pan,1,24,0,0,0,1,10
1,180,ground,Stick,1,18,0,0,0,49,36
1,181,ground,Stick,1,18,0,0,0,12,15
1,181,ground,Smoke pot,2,0,0,0,0,83,25
1,181,ground,Mushroom spores,2,0,0,0,0,32,53
1,181,ground,Firecracker,3,0,0,0,0,35,28
1,181,ground,Pickaxe,1,32,0,0,0,14,38
1,181,ground,Sap jar,2,0,0,0,0,40,15
1,181,ground,Rake,1,400,0,0,0,38,8
1,181,ground,Herb Bag,1,0,4,0,0,30,14
1,181,ground,Lantern Seed,1,0,0,0,0,49,55
1,181,ground,Medkit,1,0,0,0,0,78,59
1,181,ground,Wooden Maul,1,24,0,0,0,6,50
1,181,ground,Ammo,1,0,0,0,0,9,53
1,181,ground,Ammo,1,0,0,0,0,70,61
1,181,ground,Water flask,2,0,0,0,0,33,19
1,181,wall,Straw Decoy,1,0,0,0,0,26,8
1,181,wall,Smoke pot,2,0,0,0,0,7,31
1,182,ground,Stick,1,18,0,0,0,33,35
1,182,ground,Hatchet,1,35,0,0,0,77,52
1,182,ground,Throwing Net,2,0,0,0,0,78,52
1,182,ground,Torch,1,90,0,0,0,55,56
1,182,ground,River Fish,4,0,0,0,0,17,40
1,182,ground,Fishing Line,1,0,20,0,0,17,37
1,182,ground,Sap jar,2,0,0,0,0,51,60
1,182,ground,Bird Seed,1,0,0,0,0,73,29
1,182,ground,Fungal Bread,1,0,0,0,0,86,38
1,182,ground,Mushroom spores,2,0,0,0,0,7,35
1,182,ground,Medkit,1,0,0,0,0,34,52
1,182,ground,Sticky Boots,1,0,4,0,0,105,40
1,182,ground,Ammo,1,0,0,0,0,108,35
1,182,ground,Ammo,1,0,0,0,0,37,49
1,182,ground,River Fish,5,0,0,0,0,27,60
1,182,ground,River Fish,5,0,0,0,0,46,83
1,182,ground,Hunting Horn,1,0,8,0,0,44,66
1,182,ground,Water flask,2,0,0,0,0,79,37
1,182,wall,Cooked Meat,2,0,0,0,0,85,71
1,182,wall,Hunting Horn,1,0,8,0,0,71,79
1,183,ground,Stick,1,18,0,0,0,77,15
1,183,ground,Hunting Spear,1,45,0,0,0,103,17
1,183,ground,Rope Snare,2,0,0,0,0,123,22
1,183,ground,Hatchet,1,35,0,0,0,60,18
1,183,ground,Torch,1,90,0,0,0,61,18
1,183,ground,Bow,1,0,0,20,0,29,18
1,183,ground,Root Drill,1,0,3,0,0,28,18
1,183,ground,Fungal Bread,2,0,0,0,0,41,15
1,183,ground,Firecracker,2,0,0,0,0,48,10
1,183,ground,Firecracker,2,0,0,0,0,34,12
1,183,ground,Buckler,1,30,0,0,0,31,38
1,183,ground,Rake,1,400,0,0,0,29,32
1,183,ground,Herb Bag,1,0,4,0,0,33,34
1,183,ground,Medkit,1,0,0,0,0,13,26
1,183,ground,Lantern Seed,1,0,0,0,0,142,14
1,183,ground,Ammo,1,0,0,0,0,13,29
1,183,ground,Fried Egg,2,0,0,0,0,143,20
1,183,ground,Water flask,2,0,0,0,0,140,7
1,183,wall,Flint Knife,1,60,0,0,0,34,27
1,184,ground,Stick,1,18,0,0,0,79,58
1,184,ground,River Fish,5,0,0,0,0,96,54
1,184,ground,Hatchet,1,35,0,0,0,106,35
1,184,ground,Splint,1,0,2,0,0,103,58
1,184,ground,Cooked Meat,2,0,0,0,0,33,77
1,184,ground,Resin Glue,1,0,0,0,0,49,68
1,184,ground,Resin Glue,1,0,0,0,0,58,76
1,184,ground,Bomb,2,0,0,0,0,55,51
1,184,ground,Torch,1,90,0,0,0,35,52
1,184,ground,Mushroom spores,2,0,0,0,0,130,57
1,184,ground,Ammo,1,0,0,0,0,123,55
1,184,ground,Medkit,1,0,0,0,0,17,32
1,184,ground,Bandage,2,0,0,0,0,17,35
1,184,ground,Hunting Spear,1,45,0,0,0,12,36
1,184,ground,Ammo,1,0,0,0,0,9,29
1,184,ground,Rake,1,400,0,0,0,32,38
1,184,ground,Stick,1,18,0,0,0,35,32
1,184,wall,Bow,1,0,0,20,0,26,30
1,184,wall,Seed Bag,1,0,6,0,0,43,36
1,185,ground,Stick,1,18,0,0,0,56,81
1,185,ground,Bow,1,0,0,20,0,60,46
1,185,ground,Fried Egg,2,0,0,0,0,46,33
1,185,ground,Seed Bag,1,0,6,0,0,13,55
1,185,ground,Wooden Maul,1,24,0,0,0,6,49
1,185,ground,Sap jar,2,0,0,0,0,84,37
1,185,ground,Bitter Root,1,0,0,0,0,34,81
1,185,ground,Straw Decoy,1,0,0,0,0,28,11
1,185,ground,Fungal Bread,1,0,0,0,0,38,16
1,185,ground,Ammo,1,0,0,0,0,71,38
1,185,ground,Medkit,1,0,0,0,0,50,12
1,185,ground,Ammo,1,0,0,0,0,61,10
1,185,stored,Bandage,3,0,0,0,0,31,13
1,185,stored,Rake,1,400,0,0,0,37,11
1,185,ground,Fried Egg,2,0,0,0,0,32,70
1,185,ground,Medkit,1,0,0,0,0,75,32
1,185,wall,Wooden Maul,1,24,0,0,0,31,85
1,186,ground,Stick,1,18,0,0,0,57,36
1,186,ground,River Fish,6,0,0,0,0,56,59
1,186,ground,Mushroom spores,2,0,0,0,0,38,60
1,186,ground,River Fish,4,0,0,0,0,43,72
1,186,ground,Fishing Line,1,0,20,0,0,41,71
1,186,ground,River Fish,4,0,0,0,0,13,11
1,186,ground,Mushroom spores,2,0,0,0,0,8,54
1,186,ground,Ammo,1,0,0,0,0,27,37
1,186,ground,Water flask,2,0,0,0,0,36,79
1,186,ground,Ammo,1,0,0,0,0,59,83
1,186,ground,Mushroom spores,2,0,0,0,0,49,104
1,186,ground,Herb Bag,1,0,4,0,0,80,63
1,186,ground,Medkit,1,0,0,0,0,5,59
1,186,ground,River Fish,3,0,0,0,0,32,25
1,186,ground,River Fish,3,0,0,0,0,66,66
1,186,ground,River Fish,3,0,0,0,0,77,80
1,186,ground,Rake,1,400,0,0,0,68,74
1,186,ground,Sleep Meds,3,0,0,0,0,53,95
1,186,ground,Resin Glue,1,0,0,0,0,44,36
1,186,ground,Stick,1,18,0,0,0,72,50
1,186,wall,Sticky Boots,1,0,4,0,0,36,44
1,187,ground,Stick,1,18,0,0,0,78,79
1,187,ground,River Fish,5,0,0,0,0,29,82
1,187,ground,Digging Claws,1,200,0,0,0,40,59
1,187,ground,Pickaxe,1,32,0,0,0,26,79
1,187,ground,Smoke pot,2,0,0,0,0,32,80
1,187,ground,Rake,1,400,0,0,0,82,103
1,187,ground,Fungal Bread,1,0,0,0,0,85,98
1,187,ground,Seed Bag,1,0,6,0,0,57,80
1,187,ground,Medkit,1,0,0,0,0,12,78
1,187,ground,Ammo,1,0,0,0,0,102,92
1,187,ground,Ammo,1,0,0,0,0,8,84
1,187,wall,Reflecting Pan,1,24,0,0,0,37,31
1,188,ground,Stick,1,18,0,0,0,55,79
1,188,ground,Buckler,1,30,0,0,0,29,83
1,188,ground,Bird Seed,1,0,0,0,0,59,37
1,188,ground,Bandage,2,0,0,0,0,63,30
1,188,ground,Water flask,2,0,0,0,0,30,82
1,188,ground,Ammo,1,0,0,0,0,15,81
1,188,ground,Fungal Bread,1,0,0,0,0,10,55
1,188,ground,Ammo,1,0,0,0,0,77,29
1,188,ground,River Fish,3,0,0,0,0,45,85
1,188,ground,Hunting Horn,1,0,8,0,0,74,39
1,188,ground,Bow,1,0,0,20,0,16,71
1,188,wall,Bear Trap,2,0,0,0,0,83,28
1,189,ground,Stick,1,18,0,0,0,77,36
1,189,ground,River Fish,6,0,0,0,0,13,61
1,189,ground,Torch,1,90,0,0,0,58,79
1,189,ground,Splint,1,0,2,0,0,103,37
1,189,ground,Ammo,1,0,0,0,0,106,40
1,189,ground,Lighter,1,0,20,0,0,71,55
1,189,ground,Bird Seed,1,0,0,0,0,56,50
1,189,ground,Fungal Bread,1,0,0,0,0,53,59
1,189,ground,Fungal Bread,1,0,0,0,0,100,59
1,189,ground,Ammo,1,0,0,0,0,85,79
1,189,ground,River Fish,3,0,0,0,0,29,78
1,189,stored,Smoke pot,2,0,0,0,0,10,50
1,189,ground,Lighter,1,0,20,0,0,80,83
1,189,ground,Fungal Bread,1,0,0,0,0,44,85
1,190,ground,Stick,1,18,0,0,0,79,79
1,190,ground,Pickaxe,1,32,0,0,0,96,36
1,190,ground,Torch,1,90,0,0,0,72,54
1,190,ground,Bird Seed,1,0,0,0,0,51,78
1,190,ground,Fungal Bread,1,0,0,0,0,52,82
1,190,ground,Ammo,1,0,0,0,0,99,31
1,190,ground,Herb Bag,1,0,4,0,0,36,98
1,190,ground,Buckler,1,30,0,0,0,12,85
1,190,ground,Ammo,1,0,0,0,0,17,72
1,190,wall,Cooked Meat,2,0,0,0,0,30,88
1,191,ground,Stick,1,18,0,0,0,55,58
1,191,ground,Stick,1,18,0,0,0,85,82
1,191,ground,Lighter,1,0,20,0,0,90,96
1,191,ground,Rope Hook,1,0,24,0,0,29,33
1,191,ground,Chili,1,0,0,0,0,79,48
1,191,ground,Torch,1,90,0,0,0,57,74
1,191,ground,Fungal Bread,1,0,0,0,0,80,33
1,191,ground,Medkit,1,0,0,0,0,53,101
1,191,ground,Ammo,1,0,0,0,0,63,99
1,191,ground,River Fish,2,0,0,0,0,53,12
1,191,ground,River Fish,5,0,0,0,0,63,2
1,191,ground,Smoke pot,2,0,0,0,0,56,30
1,191,ground,Stick,1,18,0,0,0,53,19
1,191,wall,Hunting Spear,1,45,0,0,0,77,26
1,192,ground,Stick,1,18,0,0,0,78,79
1,192,ground,Flint Knife,1,60,0,0,0,24,71
1,192,ground,Rake,1,400,0,0,0,34,70
1,192,ground,Hatchet,1,35,0,0,0,83,59
1,192,ground,Torch,1,90,0,0,0,84,60
1,192,ground,Flint Knife,1,60,0,0,0,51,59
1,192,ground,Root Drill,1,0,3,0,0,50,59
1,192,ground,Fungal Bread,2,0,0,0,0,53,55
1,192,ground,Fungal Bread,2,0,0,0,0,80,49
1,192,ground,Seed Bag,1,0,6,0,0,34,65
1,192,ground,Chili,1,0,0,0,0,62,72
1,192,ground,Hatchet,1,35,0,0,0,56,38
1,192,ground,Ammo,1,0,0,0,0,52,28
1,192,ground,Medkit,1,0,0,0,0,57,8
1,192,ground,Ammo,1,0,0,0,0,52,105
1,192,ground,Bandage,2,0,0,0,0,55,13
1,192,ground,River Fish,5,0,0,0,0,41,35
1,192,ground,River Fish,4,0,0,0,0,57,37
1,192,ground,Stick,1,18,0,0,0,83,43
1,192,ground,Stick,1,18,0,0,0,48,34
1,192,wall,Flint Knife,1,60,0,0,0,59,110
1,193,ground,Stick,1,18,0,0,0,35,79
1,193,ground,Reflecting Pan,1,24,0,0,0,24,52
1,193,ground,Raw Meat,2,0,0,0,0,25,47
1,193,ground,Hatchet,1,35,0,0,0,23,32
1,193,ground,Medkit,1,0,0,0,0,58,61
1,193,ground,Rake,1,400,0,0,0,8,8
1,193,ground,Ammo,1,0,0,0,0,7,10
1,193,ground,Reflecting Pan,1,24,0,0,0,16,101
1,193,ground,Ammo,1,0,0,0,0,15,93
1,193,ground,Bandage,2,0,0,0,0,51,53
1,193,ground,Stick,1,18,0,0,0,60,57
1,193,ground,River Fish,5,0,0,0,0,43,34
1,193,ground,River Fish,4,0,0,0,0,41,51
1,193,ground,Bandage,3,0,0,0,0,47,61
1,194,ground,Stick,1,18,0,0,0,13,59
1,194,ground,River Fish,3,0,0,0,0,8,36
1,194,ground,Torch,1,90,0,0,0,17,17
1,194,ground,River Fish,5,0,0,0,0,28,39
1,194,ground,River Fish,4,0,0,0,0,35,16
1,194,ground,Fishing Line,1,0,20,0,0,36,18
1,194,ground,Sap jar,2,0,0,0,0,33,60
1,194,ground,Lighter,1,0,20,0,0,12,87
1,194,ground,Ammo,1,0,0,0,0,7,83
1,194,ground,Ammo,1,0,0,0,0,38,55
1,194,ground,Rake,1,400,0,0,0,30,74
1,194,ground,Bandage,2,0,0,0,0,27,83
1,194,ground,Medkit,1,0,0,0,0,84,79
1,194,ground,River Fish,4,0,0,0,0,10,24
1,194,ground,Mushroom spores,2,0,0,0,0,55,83
1,194,ground,Resin Glue,1,0,0,0,0,45,76
1,194,wall,Torch,1,90,0,0,0,26,3
1,194,wall,Flint Knife,1,60,0,0,0,38,10
1,195,ground,Stick,1,18,0,0,0,77,79
1,195,ground,Digging Claws,1,200,0,0,0,78,38
1,195,ground,Rope Hook,1,0,24,0,0,79,38
1,195,ground,Torch,1,90,0,0,0,57,35
1,195,ground,Pitch Bomb,2,0,0,0,0,72,30
1,195,ground,Rake,1,400,0,0,0,54,77
1,195,ground,Fungal Bread,1,0,0,0,0,58,84
1,195,ground,Lantern Seed,1,0,0,0,0,48,63
1,195,ground,Bandage,2,0,0,0,0,36,75
1,195,ground,Ammo,1,0,0,0,0,36,18
1,195,ground,River Fish,4,0,0,0,0,46,72
1,195,ground,Throwing Rock,3,0,0,0,0,11,58
1,195,ground,Torch,1,90,0,0,0,55,48
1,195,ground,Cooked Meat,2,0,0,0,0,62,64
1,195,wall,Flint Knife,1,60,0,0,0,41,62
1,196,ground,Stick,1,18,0,0,0,78,59
1,196,ground,Hatchet,1,35,0,0,0,106,52
1,196,ground,Torch,1,90,0,0,0,106,51
1,196,ground,Hatchet,1,35,0,0,0,106,82
1,196,ground,Root Drill,1,0,3,0,0,106,83
1,196,carried,Buckler,1,30,0,0,0,100,84
1,196,ground,Fungal Bread,2,0,0,0,0,101,69
1,196,ground,Firecracker,2,0,0,0,0,108,83
1,196,ground,Fungal Bread,2,0,0,0,0,103,74
1,196,ground,River Fish,3,0,0,0,0,22,31
1,196,ground,Thorn Caltrops,2,0,0,0,0,131,90
1,196,ground,Chili,1,0,0,0,0,83,36
1,196,ground,Straw Decoy,1,0,0,0,0,106,102
1,196,ground,Ammo,1,0,0,0,0,101,98
1,196,ground,Water flask,2,0,0,0,0,57,42
1,196,ground,Bandage,2,0,0,0,0,37,26
1,196,ground,Medkit,1,0,0,0,0,9,55
1,196,ground,Ammo,1,0,0,0,0,17,58
1,196,ground,River Fish,3,0,0,0,0,65,45
1,196,ground,River Fish,2,0,0,0,0,100,54
1,196,ground,River Fish,3,0,0,0,0,107,69
1,196,wall,Stick,1,18,0,0,0,127,82
1,197,ground,Stick,1,18,0,0,0,12,80
1,197,ground,Rope Snare,2,0,0,0,0,35,119
1,197,ground,Rake,1,400,0,0,0,9,48
1,197,ground,Herb Bag,1,0,4,0,0,16,58
1,197,ground,Resin Glue,1,0,0,0,0,34,61
1,197,ground,Ammo,1,0,0,0,0,29,51
1,197,ground,Fungal Bread,1,0,0,0,0,59,56
1,197,ground,Fungal Bread,1,0,0,0,0,51,75
1,197,ground,Ammo,1,0,0,0,0,52,77
1,197,ground,Digging Claws,1,200,0,0,0,26,72
1,197,ground,Pickaxe,1,32,0,0,0,38,78
1,197,wall,Fried Egg,2,0,0,0,0,32,92
1,198,ground,Stick,1,18,0,0,0,12,15
1,198,ground,River Fish,3,0,0,0,0,37,78
1,198,ground,River Fish,6,0,0,0,0,77,11
1,198,ground,Fishing Line,1,0,20,0,0,77,8
1,198,ground,Seed Bag,1,0,6,0,0,62,18
1,198,ground,Thorn Caltrops,2,0,0,0,0,36,8
1,198,ground,Fungal Bread,1,0,0,0,0,34,13
1,198,ground,Seed Bag,1,0,6,0,0,52,9
1,198,ground,Ammo,1,0,0,0,0,37,33
1,198,ground,Ammo,1,0,0,0,0,61,31
1,198,ground,Medkit,1,0,0,0,0,79,34
1,198,ground,Bandage,3,0,0,0,0,51,55
1,199,ground,Stick,1,18,0,0,0,56,57
1,199,ground,Boomerang,1,0,0,0,0,105,46
1,199,ground,Bow,1,0,0,20,0,35,26
1,199,ground,Rake,1,400,0,0,0,50,34
1,199,ground,Bandage,2,0,0,0,0,58,29
1,199,ground,Bird Seed,1,0,0,0,0,66,77
1,199,ground,Fungal Bread,1,0,0,0,0,61,75
1,199,ground,Ammo,1,0,0,0,0,35,85
1,199,ground,Ammo,1,0,0,0,0,17,41
1,199,stored,Bandaid,5,0,0,0,0,82,23
1,200,ground,Stick,1,18,0,0,0,35,35
1,200,ground,Flint Knife,1,60,0,0,0,62,38
1,200,ground,Stink Bomb,2,0,0,0,0,58,33
1,200,ground,Medkit,1,0,0,0,0,74,46
1,200,ground,Rake,1,400,0,0,0,67,56
1,200,ground,Hatchet,1,35,0,0,0,51,17
1,200,ground,Torch,1,90,0,0,0,50,17
1,200,ground,Stick,1,18,0,0,0,83,17
1,200,ground,Root Drill,1,0,3,0,0,84,17
1,200,carried,Buckler,1,30,0,0,0,53,13
1,200,carried,Buckler,1,30,0,0,0,72,9
1,200,ground,Fungal Bread,2,0,0,0,0,83,8
1,200,ground,River Fish,5,0,0,0,0,40,56
1,200,ground,Rope Snare,2,0,0,0,0,57,63
1,200,ground,Water flask,2,0,0,0,0,31,56
1,200,ground,Bitter Root,1,0,0,0,0,12,56
1,200,ground,Medkit,1,0,0,0,0,36,14
1,200,ground,Bandage,2,0,0,0,0,38,14
1,200,ground,Ammo,1,0,0,0,0,38,12
1,200,ground,River Fish,4,0,0,0,0,23,71
1,200,ground,River Fish,4,0,0,0,0,18,81
1,200,ground,Lighter,1,0,20,0,0,52,72
1,200,ground,Torch,1,90,0,0,0,15,49
1,200,ground,Water flask,2,0,0,0,0,28,47
1,201,ground,Stick,1,18,0,0,0,13,59
1,201,ground,Medkit,1,0,0,0,0,47,75
1,201,ground,Hatchet,1,35,0,0,0,53,81
1,201,ground,Stink Bomb,2,0,0,0,0,56,100
1,201,ground,River Fish,5,0,0,0,0,32,57
1,201,ground,Fishing Line,1,0,20,0,0,29,57
1,201,ground,Bow,1,0,0,20,0,34,31
1,201,ground,Mushroom spores,2,0,0,0,0,40,56
1,201,ground,Rake,1,400,0,0,0,59,50
1,201,ground,Ammo,1,0,0,0,0,48,55
1,201,ground,Bandage,2,0,0,0,0,55,42
1,201,ground,Medkit,1,0,0,0,0,36,34
1,201,ground,Ammo,1,0,0,0,0,29,31
1,201,ground,Rope Hook,1,0,24,0,0,10,79
1,202,ground,Stick,1,18,0,0,0,57,58
1,202,ground,Pickaxe,1,32,0,0,0,11,63
1,202,ground,Lighter,1,0,20,0,0,36,69
1,202,ground,Hatchet,1,35,0,0,0,75,40
1,202,ground,Torch,1,90,0,0,0,75,39
1,202,ground,Torch,1,90,0,0,0,104,40
1,202,ground,Root Drill,1,0,3,0,0,105,40
1,202,carried,Buckler,1,30,0,0,0,99,38
1,202,carried,Buckler,1,30,0,0,0,71,37
1,202,carried,Buckler,1,30,0,0,0,73,34
1,202,ground,Fungal Bread,2,0,0,0,0,99,31
1,202,ground,Fungal Bread,2,0,0,0,0,82,30
1,202,ground,River Fish,3,0,0,0,0,42,38
1,202,ground,Flint Knife,1,60,0,0,0,28,77
1,202,ground,Bird Seed,1,0,0,0,0,58,33
1,202,ground,Fungal Bread,1,0,0,0,0,50,39
1,202,ground,Water flask,2,0,0,0,0,40,35
1,202,ground,Ammo,1,0,0,0,0,80,59
1,202,ground,Medkit,1,0,0,0,0,97,6
1,202,ground,Ammo,1,0,0,0,0,97,11
1,202,ground,River Fish,3,0,0,0,0,33,56
1,202,ground,River Fish,5,0,0,0,0,20,49
1,202,ground,River Fish,3,0,0,0,0,3,25
1,202,ground,Herb Bag,1,0,4,0,0,83,55
1,202,ground,Rake,1,400,0,0,0,74,60
1,202,wall,Bow,1,0,0,20,0,46,55
1,203,ground,Stick,1,18,0,0,0,56,15
1,203,ground,Hatchet,1,35,0,0,0,13,22
1,203,ground,Splint,1,0,2,0,0,37,23
1,203,ground,Stick,1,18,0,0,0,95,13
1,203,ground,Water flask,2,0,0,0,0,94,8
1,203,ground,Bow,1,0,0,20,0,103,17
1,203,ground,River Fish,3,0,0,0,0,38,72
1,203,ground,Fishing Line,1,0,20,0,0,36,73
1,203,ground,Mushroom spores,2,0,0,0,0,13,11
1,203,ground,Digging Claws,1,200,0,0,0,62,37
1,203,ground,Ammo,1,0,0,0,0,55,40
1,203,ground,Mushroom spores,2,0,0,0,0,35,79
1,203,ground,Medkit,1,0,0,0,0,8,72
1,203,ground,Bandage,2,0,0,0,0,18,81
1,203,ground,Hunting Spear,1,45,0,0,0,16,71
1,203,ground,Ammo,1,0,0,0,0,17,85
1,203,ground,River Fish,4,0,0,0,0,54,53
1,203,ground,River Fish,5,0,0,0,0,68,44
1,203,ground,River Fish,4,0,0,0,0,80,33
1,203,ground,River Fish,2,0,0,0,0,93,23
1,203,ground,Hatchet,1,35,0,0,0,87,30
1,203,ground,Pickaxe,1,32,0,0,0,45,63
1,203,ground,Pickaxe,1,32,0,0,0,29,81
1,203,wall,Bomb,2,0,0,0,0,78,40
1,204,ground,Stick,1,18,0,0,0,35,81
1,204,ground,Flint Knife,1,60,0,0,0,7,116
1,204,ground,Bandaid,5,0,0,0,0,17,91
1,204,ground,Egg,3,0,0,0,0,13,109
1,204,ground,River Fish,3,0,0,0,0,53,78
1,204,ground,Fishing Line,1,0,20,0,0,51,75
1,204,ground,Flint Knife,1,60,0,0,0,12,82
1,204,ground,Honey pot,1,0,0,0,0,12,86
1,204,ground,Flint Knife,1,60,0,0,0,40,74
1,204,ground,Seed Bag,1,0,6,0,0,9,76
1,204,ground,Thorn Caltrops,1,0,0,0,0,55,101
1,204,ground,Fungal Bread,1,0,0,0,0,56,28
1,204,ground,Medkit,1,0,0,0,0,34,62
1,204,ground,Ammo,1,0,0,0,0,34,64
1,204,ground,River Fish,4,0,0,0,0,46,78
1,204,ground,River Fish,5,0,0,0,0,22,64
1,204,ground,River Fish,2,0,0,0,0,20,47
1,204,ground,Bow,1,0,0,20,0,50,105
1,204,ground,Smoke pot,2,0,0,0,0,50,59
1,204,wall,Stick,1,18,0,0,0,61,30
1,205,ground,Stick,1,18,0,0,0,11,37
1,205,ground,Reflecting Pan,1,24,0,0,0,32,85
1,205,ground,Flint Knife,1,60,0,0,0,16,84
1,205,ground,Stick,1,18,0,0,0,12,55
1,205,ground,River Fish,5,0,0,0,0,74,80
1,205,ground,Hatchet,1,35,0,0,0,45,110
1,205,ground,Seed Bag,1,0,6,0,0,28,58
1,205,ground,Medkit,1,0,0,0,0,55,51
1,205,ground,Mushroom spores,2,0,0,0,0,71,86
1,205,ground,Throwing Net,2,0,0,0,0,13,14
1,205,ground,Ammo,1,0,0,0,0,2,10
1,205,ground,Bandage,2,0,0,0,0,50,59
1,205,ground,Ammo,1,0,0,0,0,55,56
1,205,ground,River Fish,2,0,0,0,0,66,91
1,205,ground,River Fish,4,0,0,0,0,15,104
1,205,ground,Buckler,1,30,0,0,0,41,60
1,205,ground,Throwing Rock,3,0,0,0,0,78,72
1,205,wall,Torch,1,90,0,0,0,28,51
1,206,ground,Stick,1,18,0,0,0,55,58
1,206,ground,Bow,1,0,0,20,0,31,13
1,206,ground,Scarecrow,1,0,0,0,0,30,35
1,206,ground,Stick,1,18,0,0,0,29,9
1,206,ground,River Fish,5,0,0,0,0,37,75
1,206,ground,River Fish,6,0,0,0,0,7,16
1,206,ground,Fishing Line,1,0,20,0,0,10,16
1,206,ground,Reflecting Pan,1,24,0,0,0,13,72
1,206,ground,Lighter,1,0,20,0,0,35,53
1,206,ground,Water flask,2,0,0,0,0,37,74
1,206,ground,Bear Trap,2,0,0,0,0,69,58
1,206,ground,Ammo,1,0,0,0,0,82,52
1,206,ground,Medkit,1,0,0,0,0,59,69
1,206,ground,Herb Bag,1,0,4,0,0,9,57
1,206,ground,Ammo,1,0,0,0,0,54,83
1,206,ground,River Fish,4,0,0,0,0,24,15
1,206,ground,River Fish,4,0,0,0,0,25,32
1,206,ground,Mushroom spores,2,0,0,0,0,23,21
1,207,ground,Stick,1,18,0,0,0,56,57
1,207,ground,Hatchet,1,35,0,0,0,29,52
1,207,ground,Torch,1,90,0,0,0,31,51
1,207,ground,Flint Knife,1,60,0,0,0,29,81
1,207,ground,Root Drill,1,0,3,0,0,28,81
1,207,carried,Buckler,1,30,0,0,0,41,75
1,207,carried,Buckler,1,30,0,0,0,37,54
1,207,ground,Fungal Bread,2,0,0,0,0,26,54
1,207,ground,River Fish,4,0,0,0,0,35,32
1,207,ground,River Fish,4,0,0,0,0,28,9
1,207,ground,Wooden Maul,1,24,0,0,0,33,59
1,207,ground,Reflecting Pan,1,24,0,0,0,54,78
1,207,ground,Fungal Bread,1,0,0,0,0,50,81
1,207,ground,Medkit,1,0,0,0,0,38,99
1,207,ground,Water flask,2,0,0,0,0,34,31
1,207,ground,Ammo,1,0,0,0,0,36,105
1,207,ground,River Fish,5,0,0,0,0,72,58
1,207,ground,River Fish,5,0,0,0,0,63,46
1,207,ground,River Fish,5,0,0,0,0,49,38
1,207,ground,River Fish,4,0,0,0,0,57,25
1,207,ground,River Fish,5,0,0,0,0,64,11
1,207,ground,Fried Egg,2,0,0,0,0,41,21
1,207,ground,Pickaxe,1,32,0,0,0,35,4
1,207,ground,Shield Lantern,1,24,0,0,0,56,87
1,207,wall,Hatchet,1,35,0,0,0,68,50
1,208,ground,Stick,1,18,0,0,0,34,81
1,208,ground,River Fish,5,0,0,0,0,41,58
1,208,ground,Hatchet,1,35,0,0,0,52,49
1,208,ground,Resin Glue,1,0,0,0,0,54,57
1,208,ground,Chili,1,0,0,0,0,31,53
1,208,ground,Pickaxe,1,32,0,0,0,30,77
1,208,ground,Digging Claws,1,200,0,0,0,49,36
1,208,ground,Fungal Bread,1,0,0,0,0,50,37
1,208,ground,Medkit,1,0,0,0,0,95,58
1,208,ground,Fried Egg,2,0,0,0,0,57,9
1,208,ground,Rope Hook,1,0,24,0,0,32,36
1,208,ground,Ammo,1,0,0,0,0,35,39
1,208,ground,Ammo,1,0,0,0,0,100,55
1,208,ground,River Fish,3,0,0,0,0,75,31
1,208,ground,River Fish,3,0,0,0,0,58,29
1,208,ground,River Fish,5,0,0,0,0,45,24
1,208,ground,River Fish,3,0,0,0,0,16,25
1,208,wall,Seed Bag,1,0,6,0,0,90,40
1,208,wall,Water flask,2,0,0,0,0,72,52
1,209,ground,Stick,1,18,0,0,0,57,14
1,209,ground,River Fish,6,0,0,0,0,83,4
1,209,ground,Hunting Horn,1,0,8,0,0,92,16
1,209,ground,Bow,1,0,0,20,0,92,9
1,209,ground,Fried Egg,2,0,0,0,0,100,14
1,209,ground,Wooden Maul,1,24,0,0,0,100,10
1,209,ground,Ammo,1,0,0,0,0,106,34
1,209,ground,Lighter,1,0,20,0,0,102,59
1,209,ground,Rake,1,400,0,0,0,56,39
1,209,ground,Bandage,2,0,0,0,0,52,29
1,209,ground,Ammo,1,0,0,0,0,26,31
1,209,ground,Medkit,1,0,0,0,0,129,39
1,209,ground,River Fish,5,0,0,0,0,21,21
1,209,ground,River Fish,5,0,0,0,0,14,11
1,209,wall,Rope Snare,2,0,0,0,0,87,33
1,210,ground,Stick,1,18,0,0,0,34,59
1,210,ground,Bow,1,0,0,20,0,100,17
1,210,ground,Throwing Net,2,0,0,0,0,101,17
1,210,ground,Torch,1,90,0,0,0,57,13
1,210,ground,Hatchet,1,35,0,0,0,39,9
1,210,ground,Torch,1,90,0,0,0,40,9
1,210,ground,Hatchet,1,35,0,0,0,7,9
1,210,ground,Root Drill,1,0,3,0,0,7,8
1,210,ground,Fungal Bread,2,0,0,0,0,23,14
1,210,ground,Firecracker,2,0,0,0,0,36,11
1,210,ground,Fungal Bread,2,0,0,0,0,10,20
1,210,ground,River Fish,5,0,0,0,0,28,33
1,210,ground,River Fish,6,0,0,0,0,4,56
1,210,ground,Bear Trap,2,0,0,0,0,42,21
1,210,ground,Water flask,2,0,0,0,0,34,28
1,210,ground,Medkit,1,0,0,0,0,56,36
1,210,ground,Mushroom spores,2,0,0,0,0,18,54
1,210,ground,Bandage,2,0,0,0,0,54,33
1,210,ground,Ammo,1,0,0,0,0,65,33
1,210,ground,Bandage,3,0,0,0,0,11,26
1,210,ground,Bandage,3,0,0,0,0,47,17
1,210,ground,Stick,1,18,0,0,0,23,26
1,210,wall,Fried Egg,2,0,0,0,0,33,47
1,211,ground,Stick,1,18,0,0,0,11,58
1,211,ground,Sticky Boots,1,0,4,0,0,39,18
1,211,ground,Flint Knife,1,60,0,0,0,18,14
1,211,ground,River Fish,6,0,0,0,0,54,52
1,211,ground,Fishing Line,1,0,20,0,0,52,50
1,211,ground,Digging Claws,1,200,0,0,0,28,75
1,211,ground,Rake,1,400,0,0,0,11,72
1,211,ground,Herb Bag,1,0,4,0,0,9,72
1,211,ground,Digging Claws,1,200,0,0,0,12,98
1,211,ground,Ammo,1,0,0,0,0,17,91
1,211,ground,Hatchet,1,35,0,0,0,55,33
1,211,ground,Ammo,1,0,0,0,0,56,26
1,211,ground,Medkit,1,0,0,0,0,57,16
1,211,ground,River Fish,2,0,0,0,0,41,67
1,211,ground,River Fish,3,0,0,0,0,25,105
1,211,wall,Fried Egg,2,0,0,0,0,21,82
1,212,ground,Stick,1,18,0,0,0,13,58
1,212,ground,Pickaxe,1,32,0,0,0,54,54
1,212,ground,Water flask,2,0,0,0,0,64,69
1,212,ground,River Fish,3,0,0,0,0,30,75
1,212,ground,River Fish,4,0,0,0,0,58,15
1,212,ground,Fishing Line,1,0,20,0,0,61,14
1,212,ground,Mushroom spores,2,0,0,0,0,39,75
1,212,ground,Mushroom spores,2,0,0,0,0,36,80
1,212,ground,Fungal Bread,1,0,0,0,0,8,82
1,212,ground,Ammo,1,0,0,0,0,15,75
1,212,ground,Pickaxe,1,32,0,0,0,35,28
1,212,ground,Ammo,1,0,0,0,0,31,31
1,212,ground,Medkit,1,0,0,0,0,77,102
1,212,ground,Bandage,2,0,0,0,0,80,102
1,212,ground,Hatchet,1,35,0,0,0,53,95
1,212,ground,Sap jar,2,0,0,0,0,35,54
1,212,ground,Fungal Bread,1,0,0,0,0,52,12
1,213,ground,Stick,1,18,0,0,0,35,15
1,213,ground,Pickaxe,1,32,0,0,0,73,33
1,213,ground,Throwing Net,2,0,0,0,0,74,33
1,213,ground,Torch,1,90,0,0,0,78,12
1,213,ground,Bomb,2,0,0,0,0,33,59
1,213,ground,Rake,1,400,0,0,0,28,39
1,213,ground,Bandage,2,0,0,0,0,25,38
1,213,ground,Mushroom spores,2,0,0,0,0,36,54
1,213,ground,Herb Bag,1,0,4,0,0,15,58
1,213,ground,Ammo,1,0,0,0,0,76,52
1,213,ground,River Fish,2,0,0,0,0,43,25
1,213,ground,River Fish,4,0,0,0,0,24,25
1,213,ground,River Fish,3,0,0,0,0,10,25
1,213,ground,Rope Snare,2,0,0,0,0,57,19
1,213,ground,Rake,1,400,0,0,0,10,71
1,213,wall,Flint Knife,1,60,0,0,0,54,5
1,214,ground,Stick,1,18,0,0,0,35,58
1,214,ground,Sap jar,2,0,0,0,0,40,128
1,214,ground,River Fish,4,0,0,0,0,9,4
1,214,ground,Raw Meat,1,0,0,0,0,11,58
1,214,ground,Hatchet,1,35,0,0,0,26,8
1,214,ground,Lighter,1,0,20,0,0,11,51
1,214,ground,Ammo,1,0,0,0,0,9,40
1,214,ground,Lantern Seed,1,0,0,0,0,34,84
1,214,ground,Fungal Bread,1,0,0,0,0,32,34
1,214,ground,Medkit,1,0,0,0,0,33,16
1,214,ground,Sleep Meds,3,0,0,0,0,59,123
1,214,ground,Ammo,1,0,0,0,0,57,123
1,214,ground,River Fish,4,0,0,0,0,24,24
1,214,ground,River Fish,2,0,0,0,0,42,92
1,214,ground,Shield Lantern,1,24,0,0,0,13,11
1,214,ground,Water flask,2,0,0,0,0,6,9
1,214,ground,Sleep Meds,3,0,0,0,0,23,33
1,214,wall,Hunting Spear,1,45,0,0,0,4,16
1,214,wall,Hatchet,1,35,0,0,0,13,66
1,215,ground,Stick,1,18,0,0,0,77,59
1,215,ground,Sap jar,2,0,0,0,0,11,36
1,215,ground,Hatchet,1,35,0,0,0,26,39
1,215,ground,Resin Glue,1,0,0,0,0,18,29
1,215,ground,Torch,1,90,0,0,0,40,36
1,215,ground,Bandaid,5,0,0,0,0,73,33
1,215,ground,Herb Bag,1,0,4,0,0,82,32
1,215,ground,Stick,1,18,0,0,0,52,34
1,215,ground,Herb Bag,1,0,4,0,0,55,32
1,215,ground,Ammo,1,0,0,0,0,83,11
1,215,ground,River Fish,3,0,0,0,0,41,31
1,215,ground,Torch,1,90,0,0,0,31,53
1,215,ground,Bow,1,0,0,20,0,59,60
1,215,wall,Seed Bag,1,0,6,0,0,67,12
1,215,wall,Water flask,2,0,0,0,0,58,43
1,216,ground,Stick,1,18,0,0,0,78,36
1,216,ground,Pickaxe,1,32,0,0,0,117,32
1,216,ground,Hatchet,1,35,0,0,0,118,37
1,216,ground,Hatchet,1,35,0,0,0,59,8
1,216,ground,Torch,1,90,0,0,0,60,9
1,216,ground,Stick,1,18,0,0,0,29,8
1,216,ground,Root Drill,1,0,3,0,0,28,8
1,216,carried,Buckler,1,30,0,0,0,43,11
1,216,ground,Firecracker,2,0,0,0,0,52,14
1,216,ground,Firecracker,2,0,0,0,0,63,13
1,216,ground,Fungal Bread,2,0,0,0,0,53,14
1,216,ground,Pickaxe,1,32,0,0,0,106,13
1,216,ground,Honey pot,1,0,0,0,0,95,11
1,216,ground,Sap jar,2,0,0,0,0,121,62
1,216,ground,Rake,1,400,0,0,0,78,13
1,216,ground,Bandage,2,0,0,0,0,84,4
1,216,ground,Medkit,1,0,0,0,0,13,7
1,216,ground,Thorn Caltrops,1,0,0,0,0,107,7
1,216,ground,Ammo,1,0,0,0,0,18,10
1,216,ground,River Fish,5,0,0,0,0,96,56
1,217,ground,Stick,1,18,0,0,0,57,57
1,217,ground,River Fish,4,0,0,0,0,61,80
1,217,ground,Hatchet,1,35,0,0,0,79,13
1,217,ground,Water flask,2,0,0,0,0,51,81
1,217,ground,Bird Seed,1,0,0,0,0,26,37
1,217,ground,Fungal Bread,1,0,0,0,0,35,39
1,217,ground,Ammo,1,0,0,0,0,78,26
1,217,ground,Bandage,2,0,0,0,0,11,39
1,217,ground,Ammo,1,0,0,0,0,29,81
1,217,stored,Sap jar,2,0,0,0,0,58,35
1,217,stored,Medkit,1,0,0,0,0,58,29
1,217,ground,Resin Glue,1,0,0,0,0,71,32
1,218,ground,Stick,1,18,0,0,0,79,58
1,218,ground,River Fish,3,0,0,0,0,77,28
1,218,ground,Bow,1,0,0,20,0,106,38
1,218,ground,Hatchet,1,35,0,0,0,83,33
1,218,ground,Bandage,3,0,0,0,0,83,29
1,218,ground,Hatchet,1,35,0,0,0,97,50
1,218,ground,Torch,1,90,0,0,0,96,50
1,218,ground,Flint Knife,1,60,0,0,0,127,50
1,218,ground,Root Drill,1,0,3,0,0,128,49
1,218,carried,Buckler,1,30,0,0,0,131,58
1,218,carried,Buckler,1,30,0,0,0,100,62
1,218,ground,Fungal Bread,2,0,0,0,0,130,61
1,218,ground,Firecracker,2,0,0,0,0,104,53
1,218,ground,Firecracker,2,0,0,0,0,120,50
1,218,ground,Bow,1,0,0,20,0,101,47
1,218,ground,Rake,1,400,0,0,0,53,40
1,218,ground,Bandage,2,0,0,0,0,51,31
1,218,ground,Bird Seed,1,0,0,0,0,83,80
1,218,ground,Herb Bag,1,0,4,0,0,77,72
1,218,ground,Ammo,1,0,0,0,0,40,39
1,218,ground,Ammo,1,0,0,0,0,15,34
1,218,wall,Flint Knife,1,60,0,0,0,29,38
1,219,ground,Stick,1,18,0,0,0,77,59
1,219,ground,Flint Knife,1,60,0,0,0,44,16
1,219,ground,Fungal Bread,1,0,0,0,0,39,25
1,219,ground,River Fish,4,0,0,0,0,76,15
1,219,ground,River Fish,3,0,0,0,0,32,74
1,219,ground,Reflecting Pan,1,24,0,0,0,86,83
1,219,ground,Ammo,1,0,0,0,0,83,30
1,219,ground,Mushroom spores,2,0,0,0,0,81,5
1,219,ground,Bird Seed,1,0,0,0,0,61,55
1,219,ground,Bandage,2,0,0,0,0,60,62
1,219,ground,Ammo,1,0,0,0,0,52,71
1,219,ground,Medkit,1,0,0,0,0,28,53
1,219,ground,River Fish,3,0,0,0,0,70,16
1,219,ground,River Fish,2,0,0,0,0,62,4
1,219,ground,River Fish,5,0,0,0,0,42,4
1,219,ground,Cooked Meat,2,0,0,0,0,73,23
1,219,ground,Pickaxe,1,32,0,0,0,78,76
1,219,wall,Water flask,2,0,0,0,0,76,46
1,220,ground,Stick,1,18,0,0,0,35,57
1,220,ground,Pickaxe,1,32,0,0,0,56,54
1,220,ground,Torch,1,90,0,0,0,102,32
1,220,ground,Bird Seed,1,0,0,0,0,51,55
1,220,ground,Fungal Bread,1,0,0,0,0,51,60
1,220,ground,Lantern Seed,1,0,0,0,0,86,56
1,220,ground,Medkit,1,0,0,0,0,96,34
1,220,ground,Oil flask,2,0,0,0,0,75,81
1,220,ground,Ammo,1,0,0,0,0,76,76
1,220,ground,Ammo,1,0,0,0,0,96,37
1,220,ground,River Fish,4,0,0,0,0,70,15
1,220,ground,River Fish,3,0,0,0,0,43,18
1,220,ground,River Fish,4,0,0,0,0,31,11
1,220,ground,River Fish,4,0,0,0,0,16,15
1,220,ground,Mushroom spores,2,0,0,0,0,11,29
1,220,ground,Bow,1,0,0,20,0,79,19
1,220,wall,Mushroom spores,2,0,0,0,0,61,59
1,221,ground,Stick,1,18,0,0,0,57,81
1,221,ground,Reflecting Pan,1,24,0,0,0,94,82
1,221,ground,Buckler,1,30,0,0,0,82,84
1,221,ground,Mushroom spores,2,0,0,0,0,97,77
1,221,ground,Flint Knife,1,60,0,0,0,99,9
1,221,ground,Lantern Seed,1,0,0,0,0,103,7
1,221,ground,Pickaxe,1,32,0,0,0,95,6
1,221,ground,River Fish,5,0,0,0,0,38,77
1,221,ground,Fishing Line,1,0,20,0,0,37,75
1,221,ground,Hunting Spear,1,45,0,0,0,32,100
1,221,ground,Mushroom spores,2,0,0,0,0,34,79
1,221,ground,Cooked Meat,2,0,0,0,0,107,56
1,221,ground,Bandage,2,0,0,0,0,93,58
1,221,ground,Medkit,1,0,0,0,0,83,108
1,221,ground,Ammo,1,0,0,0,0,83,96
1,222,ground,Stick,1,18,0,0,0,55,36
1,222,ground,Stick,1,18,0,0,0,99,51
1,222,ground,Torch,1,90,0,0,0,84,53
1,222,ground,Boomerang,1,0,0,0,0,88,31
1,222,ground,Hatchet,1,35,0,0,0,34,14
1,222,ground,Hatchet,1,35,0,0,0,29,30
1,222,ground,Buckler,1,30,0,0,0,40,8
1,222,ground,Throwing Rock,3,0,0,0,0,95,44
1,222,ground,Medkit,1,0,0,0,0,12,18
1,222,ground,Boomerang,1,0,0,0,0,75,83
1,222,ground,Ammo,1,0,0,0,0,82,84
1,222,ground,Bandage,2,0,0,0,0,12,16
1,222,ground,Bow,1,0,0,20,0,12,19
1,222,ground,Ammo,1,0,0,0,0,16,13
1,222,ground,Sap jar,2,0,0,0,0,117,62
1,223,ground,Stick,1,18,0,0,0,55,37
1,223,ground,Hatchet,1,35,0,0,0,94,58
1,223,ground,Bird Seed,1,0,0,0,0,33,38
1,223,ground,Fungal Bread,1,0,0,0,0,34,30
1,223,ground,Ammo,1,0,0,0,0,59,56
1,223,ground,Reflecting Pan,1,24,0,0,0,84,61
1,223,ground,Herb Bag,1,0,4,0,0,79,62
1,223,ground,Ammo,1,0,0,0,0,76,82
1,223,ground,Straw Decoy,1,0,0,0,0,53,50
1,223,ground,Rake,1,400,0,0,0,56,76
1,223,ground,Water flask,2,0,0,0,0,15,13
1,223,wall,Thorn Caltrops,2,0,0,0,0,75,68
1,224,ground,Stick,1,18,0,0,0,35,36
1,224,ground,Stick,1,18,0,0,0,50,55
1,224,ground,Rope Hook,1,0,24,0,0,59,57
1,224,ground,River Fish,3,0,0,0,0,75,74
1,224,ground,Sap jar,2,0,0,0,0,82,60
1,224,ground,Bandage,3,0,0,0,0,78,60
1,224,ground,Stick,1,18,0,0,0,80,51
1,224,ground,River Fish,6,0,0,0,0,51,37
1,224,ground,Throwing Rock,3,0,0,0,0,37,39
1,224,ground,Mushroom spores,2,0,0,0,0,57,40
1,224,ground,Medkit,1,0,0,0,0,38,107
1,224,ground,Rope Snare,2,0,0,0,0,13,14
1,224,ground,Ammo,1,0,0,0,0,10,17
1,224,ground,Bandage,2,0,0,0,0,30,98
1,224,ground,Wooden Maul,1,24,0,0,0,30,104
1,224,ground,Ammo,1,0,0,0,0,28,104
1,224,ground,Sap jar,2,0,0,0,0,63,100
1,224,wall,Rope Snare,2,0,0,0,0,45,15
1,225,ground,Stick,1,18,0,0,0,33,36
1,225,ground,Torch,1,90,0,0,0,12,57
1,225,ground,Rake,1,400,0,0,0,27,55
1,225,ground,Cooked Meat,2,0,0,0,0,31,55
1,225,ground,Hunting Spear,1,45,0,0,0,77,59
1,225,ground,Throwing Net,2,0,0,0,0,78,59
1,225,ground,Torch,1,90,0,0,0,56,57
1,225,ground,Hunting Spear,1,45,0,0,0,103,55
1,225,ground,Seed Bag,1,0,6,0,0,104,58
1,225,ground,River Fish,6,0,0,0,0,32,10
1,225,ground,Pickaxe,1,32,0,0,0,72,96
1,225,ground,Ammo,1,0,0,0,0,74,73
1,225,ground,Hunting Horn,1,0,8,0,0,54,33
1,225,ground,Ammo,1,0,0,0,0,59,29
1,225,ground,Medkit,1,0,0,0,0,80,101
1,225,ground,Mushroom spores,2,0,0,0,0,41,10
1,225,ground,Bandage,2,0,0,0,0,76,103
1,225,ground,Wooden Maul,1,24,0,0,0,85,100
1,225,ground,River Fish,2,0,0,0,0,51,18
1,225,ground,River Fish,4,0,0,0,0,75,40
1,225,ground,River Fish,4,0,0,0,0,87,51
1,225,ground,River Fish,4,0,0,0,0,101,60
1,225,ground,Cooked Meat,2,0,0,0,0,67,28
1,225,wall,Water flask,2,0,0,0,0,39,4
1,226,ground,Stick,1,18,0,0,0,34,81
1,226,ground,Pickaxe,1,32,0,0,0,39,48
1,226,ground,Splint,1,0,2,0,0,26,56
1,226,ground,Flint Knife,1,60,0,0,0,14,94
1,226,ground,Pitch Bomb,2,0,0,0,0,33,65
1,226,ground,Bird Seed,1,0,0,0,0,15,76
1,226,ground,Herb Bag,1,0,4,0,0,12,76
1,226,ground,Lantern Seed,1,0,0,0,0,12,93
1,226,ground,Medkit,1,0,0,0,0,38,5
1,226,ground,Ammo,1,0,0,0,0,38,98
1,226,ground,Ammo,1,0,0,0,0,33,7
1,226,ground,Sleep Meds,3,0,0,0,0,34,105
1,226,ground,Splint,1,0,2,0,0,7,83
1,226,ground,Pitch Bomb,2,0,0,0,0,6,75
1,227,ground,Stick,1,18,0,0,0,33,59
1,227,ground,River Fish,3,0,0,0,0,60,83
1,227,ground,Pickaxe,1,32,0,0,0,54,104
1,227,ground,Sap jar,2,0,0,0,0,58,88
1,227,ground,Pickaxe,1,32,0,0,0,53,79
1,227,ground,Mushroom spores,2,0,0,0,0,17,39
1,227,ground,Bird Seed,1,0,0,0,0,59,55
1,227,ground,Fungal Bread,1,0,0,0,0,61,52
1,227,ground,Medkit,1,0,0,0,0,30,103
1,227,ground,Pickaxe,1,32,0,0,0,57,127
1,227,ground,Ammo,1,0,0,0,0,53,116
1,227,ground,Ammo,1,0,0,0,0,14,39
1,227,ground,River Fish,4,0,0,0,0,72,66
1,227,ground,River Fish,5,0,0,0,0,83,75
1,227,ground,Lighter,1,0,20,0,0,36,31
1,227,ground,Torch,1,90,0,0,0,86,91
1,227,wall,Pickaxe,1,32,0,0,0,14,26
1,228,ground,Stick,1,18,0,0,0,57,14
1,228,ground,Stick,1,18,0,0,0,11,30
1,228,ground,Raw Meat,1,0,0,0,0,91,15
1,228,ground,Sap jar,2,0,0,0,0,10,30
1,228,ground,Oil flask,1,0,0,0,0,101,13
1,228,ground,Rake,1,400,0,0,0,121,35
1,228,ground,Fungal Bread,1,0,0,0,0,113,30
1,228,ground,Medkit,1,0,0,0,0,95,43
1,228,ground,Egg,3,0,0,0,0,77,38
1,228,ground,Ammo,1,0,0,0,0,82,32
1,228,ground,Ammo,1,0,0,0,0,94,40
1,228,ground,Hunting Horn,1,0,8,0,0,72,14
1,228,ground,Torch,1,90,0,0,0,119,55
1,228,ground,Rake,1,400,0,0,0,82,18
1,228,wall,Flint Knife,1,60,0,0,0,120,45
1,229,ground,Stick,1,18,0,0,0,13,79
1,229,ground,River Fish,6,0,0,0,0,37,27
1,229,ground,Pickaxe,1,32,0,0,0,31,10
1,229,ground,Stick,1,18,0,0,0,15,33
1,229,ground,Rope Hook,1,0,24,0,0,16,33
1,229,ground,Torch,1,90,0,0,0,11,57
1,229,ground,Hatchet,1,35,0,0,0,34,56
1,229,ground,Resin Glue,1,0,0,0,0,37,77
1,229,ground,River Fish,4,0,0,0,0,56,80
1,229,ground,Fishing Line,1,0,20,0,0,59,77
1,229,ground,Pitch Bomb,2,0,0,0,0,5,59
1,229,ground,Water flask,2,0,0,0,0,53,82
1,229,ground,Medkit,1,0,0,0,0,54,32
1,229,ground,Bandage,2,0,0,0,0,51,32
1,229,ground,Hatchet,1,35,0,0,0,56,35
1,229,ground,Ammo,1,0,0,0,0,60,30
1,229,ground,Torch,1,90,0,0,0,8,17
1,229,ground,Pickaxe,1,32,0,0,0,5,5
1,229,ground,Rope Hook,1,0,24,0,0,19,13
1,229,wall,Reflecting Pan,1,24,0,0,0,2,11
1,230,ground,Stick,1,18,0,0,0,79,37
1,230,ground,Bow,1,0,0,20,0,71,65
1,230,ground,River Fish,3,0,0,0,0,34,52
1,230,ground,Pickaxe,1,32,0,0,0,16,57
1,230,ground,Water flask,2,0,0,0,0,13,63
1,230,ground,River Fish,6,0,0,0,0,54,36
1,230,ground,Throwing Rock,3,0,0,0,0,33,54
1,230,ground,Mushroom spores,2,0,0,0,0,58,36
1,230,ground,Bird Seed,1,0,0,0,0,60,12
1,230,ground,Fungal Bread,1,0,0,0,0,51,9
1,230,ground,Medkit,1,0,0,0,0,9,34
1,230,ground,Ammo,1,0,0,0,0,33,40
1,230,ground,Ammo,1,0,0,0,0,8,30
1,230,ground,Pickaxe,1,32,0,0,0,65,10
1,230,ground,Torch,1,90,0,0,0,36,9
1,230,wall,Seed Bag,1,0,6,0,0,15,17
1,231,ground,Stick,1,18,0,0,0,79,80
1,231,ground,River Fish,5,0,0,0,0,53,73
1,231,ground,River Fish,3,0,0,0,0,6,34
1,231,ground,Fishing Line,1,0,20,0,0,7,31
1,231,ground,Buckler,1,30,0,0,0,38,70
1,231,ground,Splint,1,0,2,0,0,74,102
1,231,ground,Ammo,1,0,0,0,0,77,104
1,231,ground,Mushroom spores,2,0,0,0,0,47,78
1,231,ground,Egg,3,0,0,0,0,40,77
1,231,ground,Fungal Bread,1,0,0,0,0,39,84
1,231,ground,Medkit,1,0,0,0,0,38,27
1,231,ground,Ammo,1,0,0,0,0,57,60
1,231,ground,River Fish,3,0,0,0,0,41,67
1,231,ground,Lighter,1,0,20,0,0,27,74
1,232,ground,Stick,1,18,0,0,0,57,37
1,232,ground,River Fish,5,0,0,0,0,54,54
1,232,ground,River Fish,4,0,0,0,0,54,83
1,232,ground,Sleep Meds,3,0,0,0,0,18,51
1,232,ground,Water flask,2,0,0,0,0,61,54
1,232,ground,Mushroom spores,2,0,0,0,0,58,77
1,232,ground,Ammo,1,0,0,0,0,17,75
1,232,ground,Honey pot,1,0,0,0,0,34,94
1,232,ground,Ammo,1,0,0,0,0,31,98
1,232,ground,Herb Bag,1,0,4,0,0,12,108
1,232,ground,Medkit,1,0,0,0,0,10,37
1,232,ground,River Fish,2,0,0,0,0,65,44
1,232,ground,River Fish,5,0,0,0,0,58,74
1,232,ground,River Fish,2,0,0,0,0,58,92
1,233,ground,Stick,1,18,0,0,0,34,14
1,233,ground,River Fish,4,0,0,0,0,49,32
1,233,ground,Hatchet,1,35,0,0,0,38,74
1,233,ground,Digging Claws,1,200,0,0,0,20,10
1,233,ground,Ammo,1,0,0,0,0,19,10
1,233,ground,Resin Glue,1,0,0,0,0,33,33
1,233,ground,Herb Bag,1,0,4,0,0,32,35
1,233,ground,Chili,1,0,0,0,0,32,65
1,233,ground,Fungal Bread,1,0,0,0,0,29,53
1,233,ground,Ammo,1,0,0,0,0,82,37
1,233,ground,River Fish,3,0,0,0,0,91,15
1,233,ground,River Fish,4,0,0,0,0,101,21
1,233,ground,Reflecting Pan,1,24,0,0,0,77,25
1,233,ground,Boomerang,1,0,0,0,0,64,15
1,233,wall,Hatchet,1,35,0,0,0,58,5
1,233,wall,Throwing Rock,3,0,0,0,0,53,28
1,234,ground,Stick,1,18,0,0,0,35,37
1,234,ground,Sleep Meds,3,0,0,0,0,79,16
1,234,ground,Lighter,1,0,20,0,0,63,5
1,234,ground,Torch,1,90,0,0,0,59,16
1,234,ground,Pickaxe,1,32,0,0,0,83,8
1,234,ground,River Fish,6,0,0,0,0,31,55
1,234,ground,Fishing Line,1,0,20,0,0,29,56
1,234,ground,Throwing Rock,3,0,0,0,0,29,87
1,234,ground,Water flask,2,0,0,0,0,35,54
1,234,ground,Oil flask,2,0,0,0,0,31,85
1,234,ground,Herb Bag,1,0,4,0,0,37,87
1,234,ground,Ammo,1,0,0,0,0,46,37
1,234,ground,Throwing Net,2,0,0,0,0,13,75
1,234,ground,Ammo,1,0,0,0,0,10,83
1,234,ground,Medkit,1,0,0,0,0,98,56
1,234,ground,River Fish,4,0,0,0,0,14,53
1,234,stored,Digging Claws,1,200,0,0,0,36,51
1,234,stored,Flint Knife,1,60,0,0,0,33,59
1,234,stored,Sap jar,2,0,0,0,0,49,32
1,234,ground,Pickaxe,1,32,0,0,0,55,56
1,234,ground,Fried Egg,2,0,0,0,0,32,70
1,234,wall,Sap jar,2,0,0,0,0,46,54
1,235,ground,Stick,1,18,0,0,0,34,57
1,235,ground,River Fish,3,0,0,0,0,53,33
1,235,ground,Seed Bag,1,0,6,0,0,54,82
1,235,ground,Rake,1,400,0,0,0,63,53
1,235,ground,Herb Bag,1,0,4,0,0,58,49
1,235,ground,Raw Meat,2,0,0,0,0,74,57
1,235,ground,Herb Bag,1,0,4,0,0,77,56
1,235,ground,Hunting Horn,1,0,8,0,0,100,84
1,235,ground,Ammo,1,0,0,0,0,97,85
1,235,ground,Ammo,1,0,0,0,0,95,35
1,235,ground,River Fish,5,0,0,0,0,45,50
1,235,ground,River Fish,3,0,0,0,0,50,79
1,235,ground,Digging Claws,1,200,0,0,0,10,38
1,235,ground,Mushroom spores,2,0,0,0,0,44,43
1,236,ground,Stick,1,18,0,0,0,77,58
1,236,ground,Hatchet,1,35,0,0,0,29,40
1,236,ground,Lighter,1,0,20,0,0,54,34
1,236,ground,Raw Meat,1,0,0,0,0,59,5
1,236,ground,Rope Hook,1,0,24,0,0,83,61
1,236,ground,Bird Seed,1,0,0,0,0,58,58
1,236,ground,Fungal Bread,1,0,0,0,0,51,52
1,236,ground,Rake,1,400,0,0,0,82,31
1,236,ground,Fungal Bread,1,0,0,0,0,75,31
1,236,ground,Ammo,1,0,0,0,0,35,14
1,236,wall,Throwing Rock,3,0,0,0,0,30,74
1,236,wall,Throwing Rock,3,0,0,0,0,39,77
1,237,ground,Stick,1,18,0,0,0,57,79
1,237,ground,Bow,1,0,0,20,0,123,97
1,237,ground,Throwing Rock,3,0,0,0,0,103,76
1,237,ground,Wooden Maul,1,24,0,0,0,95,82
1,237,ground,River Fish,3,0,0,0,0,38,50
1,237,ground,Flint Knife,1,60,0,0,0,3,37
1,237,ground,Throwing Rock,3,0,0,0,0,63,38
1,237,ground,Pickaxe,1,32,0,0,0,56,49
1,237,ground,Ammo,1,0,0,0,0,58,55
1,237,ground,Mushroom spores,2,0,0,0,0,37,53
1,237,ground,Hunting Horn,1,0,8,0,0,18,60
1,237,ground,Ammo,1,0,0,0,0,4,56
1,237,ground,Medkit,1,0,0,0,0,38,11
1,237,ground,Bandage,2,0,0,0,0,33,16
1,237,ground,River Fish,2,0,0,0,0,61,39
1,237,ground,Lighter,1,0,20,0,0,42,36
1,237,ground,Hatchet,1,35,0,0,0,72,45
1,237,ground,Bandage,3,0,0,0,0,76,79
1,237,ground,Bow,1,0,0,20,0,85,44
1,238,ground,Stick,1,18,0,0,0,56,57
1,238,ground,Torch,1,90,0,0,0,40,29
1,238,ground,Scarecrow,1,0,0,0,0,49,17
1,238,ground,Lighter,1,0,20,0,0,39,21
1,238,ground,Pitch Bomb,2,0,0,0,0,9,79
1,238,ground,Wolf Whistle,1,0,8,0,0,12,49
1,238,ground,River Fish,4,0,0,0,0,41,65
1,238,ground,Shield Lantern,1,24,0,0,0,5,60
1,238,ground,Water flask,2,0,0,0,0,79,57
1,238,ground,Herb Bag,1,0,4,0,0,82,56
1,238,ground,Water flask,2,0,0,0,0,31,49
1,238,ground,Medkit,1,0,0,0,0,20,41
1,238,ground,Pickaxe,1,32,0,0,0,71,78
1,238,ground,Ammo,1,0,0,0,0,84,87
1,238,ground,Ammo,1,0,0,0,0,15,41
1,238,ground,Resin Glue,1,0,0,0,0,24,54
1,239,ground,Stick,1,18,0,0,0,57,80
1,239,ground,Rope Hook,1,0,24,0,0,9,35
1,239,ground,Pickaxe,1,32,0,0,0,24,33
1,239,ground,Hatchet,1,35,0,0,0,5,40
1,239,ground,Shield Lantern,1,24,0,0,0,51,76
1,239,ground,Ammo,1,0,0,0,0,63,105
1,239,ground,Torch,1,90,0,0,0,57,58
1,239,ground,Bandage,2,0,0,0,0,54,55
1,239,ground,Rake,1,400,0,0,0,33,51
1,239,ground,Ammo,1,0,0,0,0,30,59
1,239,ground,Digging Claws,1,200,0,0,0,83,97
1,239,ground,Fungal Bread,1,0,0,0,0,40,83
1,239,ground,River Fish,2,0,0,0,0,69,45
1,239,ground,River Fish,5,0,0,0,0,78,37
1,239,ground,Mushroom spores,2,0,0,0,0,55,106
1,239,ground,Buckler,1,30,0,0,0,74,43
1,239,ground,Fried Egg,2,0,0,0,0,29,77
1,239,wall,Pickaxe,1,32,0,0,0,46,55
1,239,wall,Cooked Meat,2,0,0,0,0,47,97
1,240,ground,Stick,1,18,0,0,0,77,81
1,240,ground,Hunting Horn,1,0,8,0,0,54,30
1,240,ground,Hatchet,1,35,0,0,0,51,74
1,240,ground,Torch,1,90,0,0,0,51,73
1,240,ground,Hatchet,1,35,0,0,0,51,105
1,240,ground,Root Drill,1,0,3,0,0,50,105
1,240,carried,Buckler,1,30,0,0,0,48,82
1,240,ground,Firecracker,2,0,0,0,0,55,94
1,240,ground,Bow,1,0,0,20,0,28,56
1,240,ground,Pitch Bomb,2,0,0,0,0,40,27
1,240,ground,Bird Seed,1,0,0,0,0,36,60
1,240,ground,Fungal Bread,1,0,0,0,0,28,59
1,240,ground,Crossbow,1,0,0,1,16,32,77
1,240,ground,Ammo,1,0,0,0,0,39,79
1,240,ground,Flint Knife,1,60,0,0,0,99,71
1,240,ground,Bandage,2,0,0,0,0,94,81
1,240,ground,Ammo,1,0,0,0,0,9,33
1,240,ground,River Fish,2,0,0,0,0,41,65
1,240,ground,River Fish,2,0,0,0,0,60,84
1,240,ground,River Fish,3,0,0,0,0,82,100
1,240,ground,Bomb,2,0,0,0,0,75,98
1,240,ground,Hatchet,1,35,0,0,0,59,48
1,241,ground,Stick,1,18,0,0,0,12,59
1,241,ground,Pickaxe,1,32,0,0,0,47,63
1,241,ground,Mushroom spores,2,0,0,0,0,30,59
1,241,ground,Thorn Caltrops,2,0,0,0,0,51,51
1,241,ground,Straw Decoy,1,0,0,0,0,76,103
1,241,ground,Resin Glue,1,0,0,0,0,4,31
1,241,ground,Ammo,1,0,0,0,0,5,31
1,241,ground,Pickaxe,1,32,0,0,0,30,81
1,241,ground,Ammo,1,0,0,0,0,39,78
1,241,ground,Fungal Bread,1,0,0,0,0,57,80
1,241,ground,Fungal Bread,1,0,0,0,0,37,31
1,241,ground,River Fish,4,0,0,0,0,42,37
1,241,ground,River Fish,3,0,0,0,0,63,58
1,241,ground,River Fish,4,0,0,0,0,70,72
1,241,ground,River Fish,3,0,0,0,0,79,84
1,241,ground,Wooden Maul,1,24,0,0,0,9,34
1,242,ground,Stick,1,18,0,0,0,33,58
1,242,ground,Hatchet,1,35,0,0,0,58,79
1,242,ground,Bow,1,0,0,20,0,38,12
1,242,ground,Rope Hook,1,0,24,0,0,39,12
1,242,ground,Torch,1,90,0,0,0,33,34
1,242,ground,Straw Decoy,1,0,0,0,0,25,38
1,242,ground,Rake,1,400,0,0,0,40,76
1,242,ground,Ammo,1,0,0,0,0,35,80
1,242,ground,Bird Seed,1,0,0,0,0,71,63
1,242,ground,Fungal Bread,1,0,0,0,0,70,49
1,242,ground,Medkit,1,0,0,0,0,86,76
1,242,ground,Digging Claws,1,200,0,0,0,11,8
1,242,ground,Ammo,1,0,0,0,0,17,8
1,242,wall,Sticky Boots,1,0,4,0,0,66,39
1,243,ground,Stick,1,18,0,0,0,55,57
1,243,ground,Torch,1,90,0,0,0,104,47
1,243,ground,Thorn Caltrops,2,0,0,0,0,76,56
1,243,ground,Flint Knife,1,60,0,0,0,103,36
1,243,ground,Hatchet,1,35,0,0,0,55,83
1,243,ground,Rope Hook,1,0,24,0,0,56,83
1,243,ground,Torch,1,90,0,0,0,77,77
1,243,ground,Hatchet,1,35,0,0,0,39,60
1,243,ground,Torch,1,90,0,0,0,39,61
1,243,ground,Flint Knife,1,60,0,0,0,39,29
1,243,ground,Root Drill,1,0,3,0,0,39,28
1,243,carried,Buckler,1,30,0,0,0,41,46
1,243,carried,Buckler,1,30,0,0,0,27,37
1,243,ground,Firecracker,2,0,0,0,0,36,32
1,243,ground,Firecracker,2,0,0,0,0,41,36
1,243,ground,Torch,1,90,0,0,0,11,60
1,243,ground,Bird Seed,1,0,0,0,0,18,64
1,243,ground,Fungal Bread,1,0,0,0,0,10,57
1,243,ground,Bird Seed,1,0,0,0,0,79,3
1,243,ground,Fungal Bread,1,0,0,0,0,71,20
1,243,ground,Ammo,1,0,0,0,0,54,35
1,243,ground,River Fish,2,0,0,0,0,49,40
1,243,ground,River Fish,3,0,0,0,0,38,24
1,243,ground,River Fish,2,0,0,0,0,21,13
1,243,ground,Stick,1,18,0,0,0,82,7
1,243,wall,Pickaxe,1,32,0,0,0,66,50
1,243,wall,Boomerang,1,0,0,0,0,5,52
1,243,wall,Hunting Spear,1,45,0,0,0,21,58
1,244,ground,Stick,1,18,0,0,0,56,13
1,244,ground,River Fish,3,0,0,0,0,97,58
1,244,ground,Digging Claws,1,200,0,0,0,82,27
1,244,ground,Sap jar,2,0,0,0,0,79,12
1,244,ground,Herb Bag,1,0,4,0,0,80,13
1,244,ground,Rake,1,400,0,0,0,54,38
1,244,ground,Bandage,2,0,0,0,0,50,39
1,244,ground,Ammo,1,0,0,0,0,50,58
1,244,ground,Ammo,1,0,0,0,0,125,34
1,244,ground,River Fish,4,0,0,0,0,87,65
1,244,ground,River Fish,5,0,0,0,0,58,74
1,244,ground,River Fish,5,0,0,0,0,44,79
1,244,stored,Lighter,1,0,20,0,0,58,56
1,244,stored,Mushroom spores,2,0,0,0,0,49,56
1,244,stored,Water flask,2,0,0,0,0,72,50
1,244,ground,Straw Decoy,1,0,0,0,0,70,38
1,244,ground,Sticky Boots,1,0,4,0,0,59,29
1,245,ground,Stick,1,18,0,0,0,35,13
1,245,ground,Bow,1,0,0,20,0,37,78
1,245,ground,Throwing Net,2,0,0,0,0,38,78
1,245,ground,Torch,1,90,0,0,0,35,56
1,245,ground,River Fish,6,0,0,0,0,37,34
1,245,ground,Fishing Line,1,0,20,0,0,37,37
1,245,ground,River Fish,4,0,0,0,0,6,54
1,245,ground,Torch,1,90,0,0,0,61,59
1,245,ground,Water flask,2,0,0,0,0,39,37
1,245,ground,Shield Lantern,1,24,0,0,0,12,6
1,245,ground,Ammo,1,0,0,0,0,10,9
1,245,ground,Rake,1,400,0,0,0,12,28
1,245,ground,Herb Bag,1,0,4,0,0,12,36
1,245,ground,Medkit,1,0,0,0,0,10,73
1,245,ground,Ammo,1,0,0,0,0,11,72
1,245,ground,River Fish,4,0,0,0,0,2,69
1,245,stored,Splint,1,0,2,0,0,24,57
1,245,ground,Medkit,1,0,0,0,0,58,63
1,245,ground,Boomerang,1,0,0,0,0,4,64
1,245,wall,Hatchet,1,35,0,0,0,20,49
1,246,ground,Stick,1,18,0,0,0,34,80
1,246,ground,River Fish,3,0,0,0,0,81,83
1,246,ground,Pickaxe,1,32,0,0,0,75,64
1,246,ground,Boomerang,1,0,0,0,0,53,45
1,246,ground,Bird Seed,1,0,0,0,0,32,54
1,246,ground,Fungal Bread,1,0,0,0,0,39,59
1,246,ground,Rake,1,400,0,0,0,56,51
1,246,ground,Ammo,1,0,0,0,0,55,56
1,246,ground,Herb Bag,1,0,4,0,0,59,83
1,246,ground,Crossbow,1,0,0,1,16,94,81
1,246,ground,Ammo,1,0,0,0,0,101,77
1,247,ground,Stick,1,18,0,0,0,78,35
1,247,ground,River Fish,4,0,0,0,0,74,15
1,247,ground,River Fish,3,0,0,0,0,61,74
1,247,ground,Bomb,2,0,0,0,0,74,27
1,247,ground,Water flask,2,0,0,0,0,71,10
1,247,ground,Cooked Meat,2,0,0,0,0,108,54
1,247,ground,Ammo,1,0,0,0,0,95,47
1,247,ground,Ammo,1,0,0,0,0,59,48
1,247,ground,Bird Seed,1,0,0,0,0,34,55
1,247,ground,Herb Bag,1,0,4,0,0,40,55
1,247,ground,Herb Bag,1,0,4,0,0,32,72
1,247,ground,Flint Knife,1,60,0,0,0,54,62
1,248,ground,Stick,1,18,0,0,0,56,35
1,248,ground,Herb Bag,1,0,4,0,0,32,57
1,248,ground,River Fish,5,0,0,0,0,51,7
1,248,ground,Fishing Line,1,0,20,0,0,50,9
1,248,ground,River Fish,5,0,0,0,0,35,16
1,248,ground,Digging Claws,1,200,0,0,0,62,12
1,248,ground,Rope Snare,2,0,0,0,0,58,74
1,248,ground,Ammo,1,0,0,0,0,52,77
1,248,ground,Bird Seed,1,0,0,0,0,35,37
1,248,ground,Bandage,2,0,0,0,0,40,28
1,248,ground,Ammo,1,0,0,0,0,18,57
1,248,ground,Medkit,1,0,0,0,0,10,80
1,248,ground,Bow,1,0,0,20,0,43,22
1,248,ground,Digging Claws,1,200,0,0,0,30,72
1,248,ground,Throwing Rock,3,0,0,0,0,35,82
1,248,ground,Lighter,1,0,20,0,0,6,49
1,249,ground,Stick,1,18,0,0,0,57,36
1,249,ground,River Fish,6,0,0,0,0,37,101
1,249,ground,Raw Meat,1,0,0,0,0,54,60
1,249,ground,Hatchet,1,35,0,0,0,58,101
1,249,ground,Rake,1,400,0,0,0,77,35
1,249,ground,Ammo,1,0,0,0,0,85,42
1,249,ground,Lantern Seed,1,0,0,0,0,51,56
1,249,ground,Bandage,2,0,0,0,0,51,84
1,249,ground,Ammo,1,0,0,0,0,60,95
1,249,ground,Medkit,1,0,0,0,0,35,20
1,249,ground,River Fish,2,0,0,0,0,52,73
1,249,ground,Seed Bag,1,0,6,0,0,40,46
1,249,ground,Boomerang,1,0,0,0,0,78,28
1,250,ground,Stick,1,18,0,0,0,56,57
1,250,ground,Bow,1,0,0,20,0,84,58
1,250,ground,Water flask,2,0,0,0,0,86,61
1,250,ground,Torch,1,90,0,0,0,36,30
1,250,ground,Bird Seed,1,0,0,0,0,56,41
1,250,ground,Fungal Bread,1,0,0,0,0,53,36
1,250,ground,Lighter,1,0,20,0,0,36,40
1,250,ground,Ammo,1,0,0,0,0,41,30
1,250,ground,Ammo,1,0,0,0,0,126,73
1,250,ground,Medkit,1,0,0,0,0,13,21
1,250,ground,Buckler,1,30,0,0,0,30,28
1,250,ground,Hatchet,1,35,0,0,0,25,40
1,250,wall,Bandage,3,0,0,0,0,59,28
1,250,wall,Medkit,1,0,0,0,0,5,31
1,251,ground,Stick,1,18,0,0,0,57,80
1,251,ground,Throwing Rock,3,0,0,0,0,38,68
1,251,ground,Mushroom spores,2,0,0,0,0,79,39
1,251,ground,Torch,1,90,0,0,0,79,62
1,251,ground,Wooden Maul,1,24,0,0,0,38,99
1,251,ground,Bear Trap,2,0,0,0,0,80,77
1,251,ground,Ammo,1,0,0,0,0,83,81
1,251,ground,Medkit,1,0,0,0,0,59,58
1,251,ground,Ammo,1,0,0,0,0,32,102
1,251,ground,Bandage,2,0,0,0,0,53,60
1,251,ground,Stick,1,18,0,0,0,56,60
1,251,wall,Digging Claws,1,200,0,0,0,77,68
1,252,ground,Stick,1,18,0,0,0,55,37
1,252,ground,Hatchet,1,35,0,0,0,30,48
1,252,ground,Pickaxe,1,32,0,0,0,18,54
1,252,ground,Smoke pot,2,0,0,0,0,79,52
1,252,ground,Rake,1,400,0,0,0,77,6
1,252,ground,Herb Bag,1,0,4,0,0,80,15
1,252,ground,Resin Glue,1,0,0,0,0,95,8
1,252,ground,Ammo,1,0,0,0,0,100,8
1,252,ground,Medkit,1,0,0,0,0,99,54
1,252,ground,Reflecting Pan,1,24,0,0,0,12,8
1,252,ground,Ammo,1,0,0,0,0,12,15
1,252,ground,Resin Glue,1,0,0,0,0,82,32
1,252,ground,Lighter,1,0,20,0,0,77,58
1,252,ground,Rope Hook,1,0,24,0,0,102,16
1,252,wall,Cooked Meat,2,0,0,0,0,72,17
1,252,wall,Torch,1,90,0,0,0,80,43
1,253,ground,Stick,1,18,0,0,0,78,58
1,253,ground,Hatchet,1,35,0,0,0,74,82
1,253,ground,Torch,1,90,0,0,0,73,80
1,253,ground,Torch,1,90,0,0,0,104,82
1,253,ground,Root Drill,1,0,3,0,0,105,82
1,253,ground,Fungal Bread,2,0,0,0,0,101,73
1,253,ground,Seed Bag,1,0,6,0,0,121,83
1,253,ground,Bomb,2,0,0,0,0,81,19
1,253,ground,Ammo,1,0,0,0,0,85,14
1,253,ground,Rake,1,400,0,0,0,121,73
1,253,ground,Fungal Bread,1,0,0,0,0,124,77
1,253,ground,Bird Seed,1,0,0,0,0,99,54
1,253,ground,Fungal Bread,1,0,0,0,0,103,51
1,253,ground,Ammo,1,0,0,0,0,31,78
1,253,ground,River Fish,2,0,0,0,0,75,74
1,253,ground,River Fish,3,0,0,0,0,65,57
1,253,ground,River Fish,3,0,0,0,0,55,40
1,253,ground,River Fish,4,0,0,0,0,37,31
1,253,ground,River Fish,3,0,0,0,0,22,19
1,253,ground,Smoke pot,2,0,0,0,0,51,35
1,253,ground,Bow,1,0,0,20,0,70,69
1,253,wall,Rope Hook,1,0,24,0,0,88,74
1,254,ground,Stick,1,18,0,0,0,77,14
1,254,ground,River Fish,5,0,0,0,0,35,82
1,254,ground,Hunting Spear,1,45,0,0,0,77,58
1,254,ground,Seed Bag,1,0,6,0,0,71,32
1,254,ground,Hunting Horn,1,0,8,0,0,76,53
1,254,ground,Fungal Bread,1,0,0,0,0,78,62
1,254,ground,Bandage,2,0,0,0,0,55,31
1,254,ground,Crossbow,1,0,0,1,16,96,13
1,254,ground,Ammo,1,0,0,0,0,97,19
1,254,ground,Ammo,1,0,0,0,0,15,76
1,254,ground,River Fish,4,0,0,0,0,41,78
1,254,ground,Seed Bag,1,0,6,0,0,91,86
1,254,ground,Pickaxe,1,32,0,0,0,70,72
1,254,ground,Resin Glue,1,0,0,0,0,53,54
1,255,ground,Stick,1,18,0,0,0,55,58
1,255,ground,River Fish,5,0,0,0,0,61,31
1,255,ground,Raw Meat,1,0,0,0,0,12,37
1,255,ground,Sap jar,2,0,0,0,0,55,40
1,255,ground,Mushroom spores,2,0,0,0,0,49,34
1,255,ground,Rake,1,400,0,0,0,40,27
1,255,ground,Fungal Bread,1,0,0,0,0,41,26
1,255,ground,Herb Bag,1,0,4,0,0,55,109
1,255,ground,Ammo,1,0,0,0,0,59,19
1,255,ground,Oil flask,2,0,0,0,0,71,11
1,255,ground,Ammo,1,0,0,0,0,74,20
1,255,ground,River Fish,5,0,0,0,0,39,51
1,255,ground,River Fish,2,0,0,0,0,26,57
1,255,ground,River Fish,3,0,0,0,0,15,64
1,255,ground,Flint Knife,1,60,0,0,0,56,125
1,255,ground,Stick,1,18,0,0,0,51,78
1,256,ground,Stick,1,18,0,0,0,11,14
1,256,ground,Honey pot,1,0,0,0,0,40,60
1,256,ground,Hatchet,1,35,0,0,0,28,83
1,256,ground,Rake,1,400,0,0,0,7,31
1,256,ground,Fungal Bread,1,0,0,0,0,8,32
1,256,ground,Rake,1,400,0,0,0,34,34
1,256,ground,Herb Bag,1,0,4,0,0,38,30
1,256,ground,Ammo,1,0,0,0,0,26,83
1,256,ground,Ammo,1,0,0,0,0,59,20
1,256,ground,Sticky Boots,1,0,4,0,0,9,53
1,256,ground,Flint Knife,1,60,0,0,0,37,38
1,256,ground,Rake,1,400,0,0,0,52,18
1,256,wall,Wooden Maul,1,24,0,0,0,36,86
2,1,ground,Stick,1,18,0,0,0,35,59
2,1,carried,Buckler,1,30,0,0,0,25,80
2,1,carried,Buckler,1,30,0,0,0,27,78
2,1,carried,Buckler,1,30,0,0,0,31,79
2,1,ground,Sap jar,2,0,0,0,0,30,84
2,1,ground,Water flask,2,0,0,0,0,25,88
2,1,ground,Torch,1,90,0,0,0,24,82
2,1,ground,River Fish,5,0,0,0,0,53,76
2,1,ground,Sap jar,2,0,0,0,0,57,106
2,1,ground,River Fish,4,0,0,0,0,61,29
2,1,ground,Rope Snare,2,0,0,0,0,48,104
2,1,ground,Mushroom spores,2,0,0,0,0,9,61
2,1,ground,Boomerang,1,0,0,0,0,31,118
2,1,ground,Ammo,1,0,0,0,0,28,123
2,1,ground,Stick,1,18,0,0,0,50,57
2,1,ground,Bandage,2,0,0,0,0,54,52
2,1,ground,Medkit,1,0,0,0,0,80,30
2,1,ground,Ammo,1,0,0,0,0,77,35
2,1,ground,River Fish,5,0,0,0,0,67,37
2,1,ground,Boomerang,1,0,0,0,0,68,49
2,1,ground,Cooked Meat,2,0,0,0,0,62,57
2,1,wall,Pickaxe,1,32,0,0,0,81,56
2,2,ground,Stick,1,18,0,0,0,78,81
2,2,ground,Bow,1,0,0,20,0,59,35
2,2,ground,Throwing Net,2,0,0,0,0,60,35
2,2,ground,Torch,1,90,0,0,0,56,57
2,2,ground,Boomerang,1,0,0,0,0,82,60
2,2,ground,Sap jar,1,0,0,0,0,59,72
2,2,ground,Rake,1,400,0,0,0,36,50
2,2,ground,Fungal Bread,1,0,0,0,0,36,56
2,2,ground,Root Drill,1,0,3,0,0,53,102
2,2,ground,Ammo,1,0,0,0,0,60,102
2,2,ground,Bandage,2,0,0,0,0,33,33
2,2,ground,Ammo,1,0,0,0,0,7,59
2,2,ground,River Fish,2,0,0,0,0,69,63
2,2,ground,River Fish,2,0,0,0,0,101,67
2,2,ground,River Fish,2,0,0,0,0,117,69
2,2,wall,Sticky Boots,1,0,4,0,0,116,50
2,2,wall,Bow,1,0,0,20,0,71,57
2,2,wall,Bandage,3,0,0,0,0,93,70
2,3,ground,Stick,1,18,0,0,0,35,79
2,3,ground,Raw Meat,1,0,0,0,0,7,53
2,3,ground,Crossbow,1,0,0,1,16,10,35
2,3,ground,Ammo,1,0,0,0,0,30,51
2,3,ground,Water flask,2,0,0,0,0,61,58
2,3,ground,Ammo,1,0,0,0,0,54,25
2,3,ground,Rake,1,400,0,0,0,16,58
2,3,ground,Herb Bag,1,0,4,0,0,10,64
2,3,ground,Ammo,1,0,0,0,0,39,37
2,3,ground,Medkit,1,0,0,0,0,98,56
2,3,stored,Stick,1,18,0,0,0,10,37
2,3,stored,Splint,1,0,2,0,0,13,33
2,3,ground,Digging Claws,1,200,0,0,0,103,11
2,3,ground,Rope Snare,2,0,0,0,0,26,58
2,3,wall,Seed Bag,1,0,6,0,0,55,46
2,4,ground,Stick,1,18,0,0,0,57,79
2,4,ground,Bow,1,0,0,20,0,34,31
2,4,ground,Throwing Net,2,0,0,0,0,35,31
2,4,ground,Torch,1,90,0,0,0,56,34
2,4,ground,Herb Bag,1,0,4,0,0,31,142
2,4,ground,River Fish,4,0,0,0,0,64,56
2,4,ground,Pickaxe,1,32,0,0,0,61,125
2,4,ground,Sap jar,2,0,0,0,0,55,28
2,4,ground,Water flask,2,0,0,0,0,59,54
2,4,ground,Rake,1,400,0,0,0,55,103
2,4,ground,Herb Bag,1,0,4,0,0,59,102
2,4,ground,Thunder Acorn,2,0,0,0,0,81,35
2,4,ground,Ammo,1,0,0,0,0,86,33
2,4,ground,Fungal Bread,1,0,0,0,0,28,50
2,4,ground,Ammo,1,0,0,0,0,40,100
2,4,ground,Ammo,1,0,0,0,0,36,10
2,4,ground,River Fish,5,0,0,0,0,66,37
2,4,ground,Hunting Horn,1,0,8,0,0,36,105
2,4,ground,Torch,1,90,0,0,0,70,10
2,4,ground,Throwing Net,2,0,0,0,0,35,61
2,4,ground,Rope Hook,1,0,24,0,0,29,94
2,4,wall,Flint Knife,1,60,0,0,0,74,26
2,4,wall,Fungal Bread,1,0,0,0,0,62,116
2,5,ground,Stick,1,18,0,0,0,33,57
2,5,ground,Mushroom spores,2,0,0,0,0,10,82
2,5,ground,Crossbow,1,0,0,1,16,25,91
2,5,ground,Pickaxe,1,32,0,0,0,25,102
2,5,ground,River Fish,3,0,0,0,0,51,72
2,5,ground,Bow,1,0,0,20,0,75,82
2,5,ground,Rake,1,400,0,0,0,57,83
2,5,ground,Hatchet,1,35,0,0,0,13,37
2,5,ground,Throwing Net,2,0,0,0,0,14,37
2,5,ground,Torch,1,90,0,0,0,34,34
2,5,ground,River Fish,4,0,0,0,0,62,57
2,5,ground,Torch,1,90,0,0,0,49,17
2,5,ground,Rabbit Charm,1,0,0,0,0,20,19
2,5,ground,Ammo,1,0,0,0,0,8,12
2,5,ground,Medkit,1,0,0,0,0,104,77
2,5,ground,Bird Seed,1,0,0,0,0,34,119
2,5,ground,Herb Bag,1,0,4,0,0,27,120
2,5,ground,Water flask,2,0,0,0,0,50,60
2,5,ground,Ammo,1,0,0,0,0,97,78
2,5,ground,River Fish,3,0,0,0,0,47,43
2,5,ground,Lighter,1,0,20,0,0,50,35
2,5,ground,Wooden Maul,1,24,0,0,0,45,51
2,5,wall,Flint Knife,1,60,0,0,0,58,67
2,5,wall,Throwing Net,2,0,0,0,0,41,125
2,6,ground,Stick,1,18,0,0,0,33,80
2,6,ground,River Fish,6,0,0,0,0,52,8
2,6,ground,Pickaxe,1,32,0,0,0,75,14
2,6,ground,Fungal Bread,1,0,0,0,0,49,12
2,6,ground,Hatchet,1,35,0,0,0,29,61
2,6,ground,Torch,1,90,0,0,0,28,61
2,6,ground,Flint Knife,1,60,0,0,0,59,61
2,6,ground,Root Drill,1,0,3,0,0,60,60
2,6,ground,Firecracker,2,0,0,0,0,34,59
2,6,ground,Firecracker,2,0,0,0,0,58,57
2,6,ground,Firecracker,2,0,0,0,0,42,58
2,6,ground,Bomb,2,0,0,0,0,5,81
2,6,ground,Ammo,1,0,0,0,0,9,51
2,6,ground,Bitter Root,1,0,0,0,0,39,34
2,6,ground,Bird Seed,1,0,0,0,0,13,80
2,6,ground,Bandage,2,0,0,0,0,8,84
2,6,ground,Thunder Acorn,2,0,0,0,0,19,96
2,6,ground,Ammo,1,0,0,0,0,12,97
2,6,ground,Medkit,1,0,0,0,0,27,16
2,6,ground,Ammo,1,0,0,0,0,29,11
2,6,ground,Splint,1,0,2,0,0,62,32
2,6,ground,Digging Claws,1,200,0,0,0,48,32
2,6,wall,Bow,1,0,0,20,0,15,48
2,7,ground,Stick,1,18,0,0,0,56,15
2,7,ground,River Fish,3,0,0,0,0,79,85
2,7,ground,Fishing Line,1,0,20,0,0,76,86
2,7,ground,Rope Hook,1,0,24,0,0,105,55
2,7,ground,Bitter Root,1,0,0,0,0,96,9
2,7,ground,Water flask,2,0,0,0,0,84,31
2,7,ground,Herb Bag,1,0,4,0,0,79,56
2,7,ground,Fungal Bread,1,0,0,0,0,54,36
2,7,ground,Ammo,1,0,0,0,0,113,7
2,7,ground,Ammo,1,0,0,0,0,105,31
2,7,wall,Smoke pot,2,0,0,0,0,42,6
2,8,ground,Stick,1,18,0,0,0,77,35
2,8,ground,Flint Knife,1,60,0,0,0,62,82
2,8,ground,River Fish,6,0,0,0,0,36,57
2,8,ground,Seed Bag,1,0,6,0,0,78,26
2,8,ground,Root Drill,1,0,3,0,0,82,18
2,8,ground,Ammo,1,0,0,0,0,74,7
2,8,ground,Mushroom spores,2,0,0,0,0,34,64
2,8,ground,Bird Seed,1,0,0,0,0,18,56
2,8,ground,Fungal Bread,1,0,0,0,0,7,54
2,8,ground,Medkit,1,0,0,0,0,11,83
2,8,ground,Ammo,1,0,0,0,0,98,80
2,8,ground,Ammo,1,0,0,0,0,12,76
2,8,ground,River Fish,2,0,0,0,0,51,15
2,8,ground,Bandage,3,0,0,0,0,36,34
2,8,wall,Water flask,2,0,0,0,0,27,53
2,9,ground,Stick,1,18,0,0,0,33,58
2,9,ground,Hatchet,1,35,0,0,0,59,73
2,9,ground,Torch,1,90,0,0,0,59,72
2,9,ground,Torch,1,90,0,0,0,59,104
2,9,ground,Root Drill,1,0,3,0,0,59,105
2,9,carried,Buckler,1,30,0,0,0,53,72
2,9,carried,Buckler,1,30,0,0,0,62,89
2,9,carried,Buckler,1,30,0,0,0,52,93
2,9,ground,Fungal Bread,2,0,0,0,0,56,73
2,9,ground,Firecracker,2,0,0,0,0,55,107
2,9,ground,River Fish,5,0,0,0,0,59,58
2,9,ground,Fishing Line,1,0,20,0,0,62,58
2,9,ground,Sap jar,2,0,0,0,0,58,64
2,9,ground,Water flask,2,0,0,0,0,56,59
2,9,ground,Ammo,1,0,0,0,0,74,82
2,9,ground,Throwing Rock,3,0,0,0,0,10,35
2,9,ground,Fungal Bread,1,0,0,0,0,4,39
2,9,ground,Ammo,1,0,0,0,0,62,30
2,9,ground,Medkit,1,0,0,0,0,98,102
2,9,ground,Ammo,1,0,0,0,0,94,102
2,9,ground,Resin Glue,1,0,0,0,0,74,62
2,9,ground,Seed Bag,1,0,6,0,0,68,43
2,10,ground,Stick,1,18,0,0,0,12,80
2,10,ground,Digging Claws,1,200,0,0,0,58,37
2,10,ground,Buckler,1,30,0,0,0,33,55
2,10,ground,River Fish,3,0,0,0,0,15,28
2,10,ground,Hatchet,1,35,0,0,0,5,12
2,10,ground,Rake,1,400,0,0,0,12,10
2,10,ground,Hatchet,1,35,0,0,0,30,73
2,10,ground,Torch,1,90,0,0,0,29,73
2,10,ground,Pickaxe,1,32,0,0,0,60,73
2,10,ground,Root Drill,1,0,3,0,0,61,73
2,10,ground,Firecracker,2,0,0,0,0,40,78
2,10,ground,Fungal Bread,2,0,0,0,0,30,82
2,10,ground,River Fish,4,0,0,0,0,79,33
2,10,ground,Hatchet,1,35,0,0,0,41,41
2,10,ground,Medkit,1,0,0,0,0,57,7
2,10,ground,Mushroom spores,2,0,0,0,0,79,38
2,10,ground,Rope Snare,2,0,0,0,0,53,102
2,10,ground,Ammo,1,0,0,0,0,60,104
2,10,ground,Bandage,2,0,0,0,0,59,12
2,10,ground,Wooden Maul,1,24,0,0,0,51,11
2,10,ground,Ammo,1,0,0,0,0,49,13
2,10,ground,River Fish,3,0,0,0,0,57,53
2,10,ground,River Fish,5,0,0,0,0,56,69
2,10,ground,River Fish,4,0,0,0,0,55,84
2,10,ground,Throwing Rock,3,0,0,0,0,59,92
2,10,ground,Splint,1,0,2,0,0,70,36
2,10,wall,Sap jar,2,0,0,0,0,44,110
2,11,ground,Stick,1,18,0,0,0,55,36
2,11,ground,Hatchet,1,35,0,0,0,61,51
2,11,ground,Torch,1,90,0,0,0,62,51
2,11,ground,Digging Claws,1,200,0,0,0,29,51
2,11,ground,Root Drill,1,0,3,0,0,28,52
2,11,carried,Buckler,1,30,0,0,0,33,58
2,11,ground,Fungal Bread,2,0,0,0,0,38,54
2,11,ground,River Fish,5,0,0,0,0,54,98
2,11,ground,Fishing Line,1,0,20,0,0,55,95
2,11,ground,River Fish,6,0,0,0,0,15,38
2,11,ground,Digging Claws,1,200,0,0,0,53,27
2,11,ground,Sleep Meds,3,0,0,0,0,62,16
2,11,ground,Ammo,1,0,0,0,0,58,13
2,11,ground,Rake,1,400,0,0,0,37,72
2,11,ground,Bandage,2,0,0,0,0,31,72
2,11,ground,Mushroom spores,2,0,0,0,0,52,94
2,11,ground,Herb Bag,1,0,4,0,0,77,102
2,11,ground,Ammo,1,0,0,0,0,30,15
2,11,ground,River Fish,5,0,0,0,0,38,27
2,11,ground,River Fish,4,0,0,0,0,42,35
2,11,ground,Water flask,2,0,0,0,0,8,29
2,12,ground,Stick,1,18,0,0,0,12,81
2,12,ground,Sap jar,2,0,0,0,0,83,63
2,12,ground,Splint,1,0,2,0,0,7,52
2,12,ground,Ammo,1,0,0,0,0,13,57
2,12,ground,Bitter Root,1,0,0,0,0,33,41
2,12,ground,Shield Lantern,1,24,0,0,0,9,97
2,12,ground,Ammo,1,0,0,0,0,14,99
2,12,ground,Ammo,1,0,0,0,0,55,55
2,12,ground,Medkit,1,0,0,0,0,30,75
2,12,ground,Herb Bag,1,0,4,0,0,40,15
2,12,ground,River Fish,5,0,0,0,0,81,88
2,12,ground,Spring Trap,2,0,0,0,0,88,109
2,12,ground,Sap jar,2,0,0,0,0,29,4
2,12,wall,Seed Bag,1,0,6,0,0,57,47
2,13,ground,Stick,1,18,0,0,0,33,15
2,13,ground,Bow,1,0,0,20,0,97,11
2,13,ground,Throwing Net,2,0,0,0,0,98,11
2,13,ground,Torch,1,90,0,0,0,100,34
2,13,ground,River Fish,4,0,0,0,0,29,76
2,13,ground,Fishing Line,1,0,20,0,0,31,78
2,13,ground,Bow,1,0,0,20,0,57,36
2,13,ground,Chili,1,0,0,0,0,13,10
2,13,ground,Rake,1,400,0,0,0,28,34
2,13,ground,Bandage,2,0,0,0,0,34,30
2,13,ground,Fungal Bread,1,0,0,0,0,51,53
2,13,ground,Ammo,1,0,0,0,0,7,80
2,13,ground,Ammo,1,0,0,0,0,77,55
2,13,ground,Bear Trap,2,0,0,0,0,64,78
2,13,wall,Hatchet,1,35,0,0,0,105,23
2,13,wall,Fungal Bread,1,0,0,0,0,74,32
2,13,wall,Seed Bag,1,0,6,0,0,66,54
2,14,ground,Stick,1,18,0,0,0,77,13
2,14,ground,Hatchet,1,35,0,0,0,47,39
2,14,ground,Bear Trap,2,0,0,0,0,48,17
2,14,ground,Throwing Rock,3,0,0,0,0,78,21
2,14,ground,Torch,1,90,0,0,0,82,37
2,14,ground,Mushroom spores,2,0,0,0,0,105,35
2,14,ground,Ammo,1,0,0,0,0,124,37
2,14,ground,Ammo,1,0,0,0,0,56,77
2,14,ground,Bandage,2,0,0,0,0,126,59
2,14,ground,Ammo,1,0,0,0,0,33,54
2,14,ground,Medkit,1,0,0,0,0,115,79
2,14,ground,Hunting Horn,1,0,8,0,0,2,32
2,14,ground,Water flask,2,0,0,0,0,17,39
2,14,ground,Rake,1,400,0,0,0,53,72
2,15,ground,Stick,1,18,0,0,0,56,58
2,15,ground,River Fish,4,0,0,0,0,74,60
2,15,ground,River Fish,4,0,0,0,0,13,30
2,15,ground,Pitch Bomb,2,0,0,0,0,29,50
2,15,ground,Mushroom spores,2,0,0,0,0,78,51
2,15,ground,Ammo,1,0,0,0,0,27,35
2,15,ground,Bird Seed,1,0,0,0,0,26,77
2,15,ground,Bandage,2,0,0,0,0,39,78
2,15,ground,Medkit,1,0,0,0,0,6,73
2,15,ground,Ammo,1,0,0,0,0,35,11
2,15,ground,Ammo,1,0,0,0,0,15,82
2,15,ground,River Fish,4,0,0,0,0,14,13
2,15,ground,Sap jar,2,0,0,0,0,100,84
2,15,wall,Medkit,1,0,0,0,0,38,63
2,16,ground,Stick,1,18,0,0,0,77,15
2,16,ground,Pickaxe,1,32,0,0,0,56,34
2,16,ground,Lighter,1,0,20,0,0,64,26
2,16,ground,Cooked Meat,2,0,0,0,0,76,31
2,16,ground,Bear Trap,2,0,0,0,0,99,71
2,16,ground,Hatchet,1,35,0,0,0,54,58
2,16,ground,Ammo,1,0,0,0,0,55,57
2,16,ground,Ammo,1,0,0,0,0,73,59
2,16,ground,Bird Seed,3,0,0,0,0,85,86
2,16,ground,Ammo,1,0,0,0,0,87,71
2,16,ground,Lighter,1,0,20,0,0,35,28
2,16,ground,Herb Bag,1,0,4,0,0,7,30
2,16,ground,Bandage,2,0,0,0,0,99,32
2,16,ground,Sap jar,2,0,0,0,0,95,50
2,16,ground,Lighter,1,0,20,0,0,58,51
2,16,ground,Sap jar,2,0,0,0,0,85,59
2,16,wall,Seed Bag,1,0,6,0,0,26,32
2,16,wall,Flint Knife,1,60,0,0,0,93,37
2,17,ground,Stick,1,18,0,0,0,57,79
2,17,ground,Cooked Meat,2,0,0,0,0,48,124
2,17,ground,Oil flask,2,0,0,0,0,42,122
2,17,ground,Reflecting Pan,1,24,0,0,0,33,55
2,17,ground,Pickaxe,1,32,0,0,0,36,35
2,17,ground,Raw Meat,1,0,0,0,0,36,41
2,17,ground,Rope Hook,1,0,24,0,0,57,90
2,17,ground,Ammo,1,0,0,0,0,33,43
2,17,ground,Thunder Acorn,2,0,0,0,0,31,79
2,17,ground,Ammo,1,0,0,0,0,34,82
2,17,ground,Medkit,1,0,0,0,0,14,120
2,17,ground,Bandage,2,0,0,0,0,6,114
2,17,ground,Bow,1,0,0,20,0,13,125
2,17,ground,Ammo,1,0,0,0,0,16,116
2,17,ground,River Fish,4,0,0,0,0,43,104
2,17,ground,River Fish,5,0,0,0,0,35,122
2,17,ground,Thorn Caltrops,2,0,0,0,0,27,37
2,17,ground,Buckler,1,30,0,0,0,42,38
2,17,wall,Hunting Spear,1,45,0,0,0,45,62
2,18,ground,Stick,1,18,0,0,0,78,80
2,18,ground,Torch,1,90,0,0,0,19,31
2,18,ground,Water flask,2,0,0,0,0,32,42
2,18,ground,Pickaxe,1,32,0,0,0,26,55
2,18,ground,Hatchet,1,35,0,0,0,54,54
2,18,ground,Ammo,2,0,0,0,0,51,83
2,18,ground,Bandaid,5,0,0,0,0,59,74
2,18,ground,Bow,1,0,0,20,0,4,55
2,18,ground,Sap jar,1,0,0,0,0,33,75
2,18,ground,Medkit,1,0,0,0,0,59,41
2,18,ground,Torch,1,90,0,0,0,7,13
2,18,ground,Fungal Bread,1,0,0,0,0,15,10
2,18,ground,Ammo,1,0,0,0,0,49,40
2,18,ground,River Fish,2,0,0,0,0,32,54
2,18,stored,Bomb,2,0,0,0,0,9,81
2,18,stored,Rope Hook,1,0,24,0,0,12,83
2,18,stored,Seed Bag,1,0,6,0,0,15,74
2,18,ground,Cooked Meat,2,0,0,0,0,103,74
2,18,ground,Lighter,1,0,20,0,0,40,82
2,19,ground,Stick,1,18,0,0,0,55,59
2,19,ground,Throwing Net,2,0,0,0,0,75,35
2,19,ground,River Fish,4,0,0,0,0,73,57
2,19,ground,River Fish,6,0,0,0,0,15,36
2,19,ground,Wooden Maul,1,24,0,0,0,34,9
2,19,ground,Hatchet,1,35,0,0,0,17,13
2,19,ground,Ammo,1,0,0,0,0,54,70
2,19,ground,Water flask,2,0,0,0,0,75,51
2,19,ground,Rope Snare,2,0,0,0,0,40,39
2,19,ground,Bandage,2,0,0,0,0,28,35
2,19,ground,Bandage,2,0,0,0,0,105,57
2,19,ground,Ammo,1,0,0,0,0,35,9
2,19,ground,Pocket Door,1,0,2,0,0,35,80
2,19,ground,Ammo,1,0,0,0,0,36,73
2,19,ground,River Fish,5,0,0,0,0,32,7
2,19,ground,Mushroom spores,2,0,0,0,0,63,88
2,19,ground,Thorn Caltrops,2,0,0,0,0,41,7
2,19,ground,Sleep Meds,3,0,0,0,0,10,11
2,19,wall,Acorn Mine,2,0,0,0,0,43,15
2,20,ground,Stick,1,18,0,0,0,79,37
2,20,carried,Buckler,1,30,0,0,0,49,52
2,20,carried,Buckler,1,30,0,0,0,46,48
2,20,carried,Buckler,1,30,0,0,0,39,51
2,20,carried,Buckler,1,30,0,0,0,38,53
2,20,ground,Straw Decoy,1,0,0,0,0,39,36
2,20,ground,Resin Glue,1,0,0,0,0,37,55
2,20,ground,Seed Bag,1,0,6,0,0,45,39
2,20,ground,Flint Knife,1,60,0,0,0,95,101
2,20,ground,Pickaxe,1,32,0,0,0,35,77
2,20,ground,Raw Meat,2,0,0,0,0,10,79
2,20,ground,Seed Bag,1,0,6,0,0,14,70
2,20,ground,Hatchet,1,35,0,0,0,75,60
2,20,ground,Torch,1,90,0,0,0,74,60
2,20,ground,Stick,1,18,0,0,0,105,60
2,20,ground,Root Drill,1,0,3,0,0,105,59
2,20,carried,Buckler,1,30,0,0,0,80,51
2,20,carried,Buckler,1,30,0,0,0,101,53
2,20,ground,Firecracker,2,0,0,0,0,72,54
2,20,ground,Straw Decoy,1,0,0,0,0,42,51
2,20,ground,Ammo,1,0,0,0,0,78,10
2,20,ground,Medkit,1,0,0,0,0,118,103
2,20,ground,Bandage,2,0,0,0,0,121,97
2,20,ground,Flint Knife,1,60,0,0,0,123,102
2,20,ground,Ammo,1,0,0,0,0,116,101
2,20,ground,River Fish,4,0,0,0,0,87,52
2,20,ground,River Fish,3,0,0,0,0,77,67
2,20,ground,River Fish,3,0,0,0,0,72,56
2,20,wall,Fried Egg,2,0,0,0,0,8,49
2,21,ground,Stick,1,18,0,0,0,79,79
2,21,ground,Hatchet,1,35,0,0,0,126,65
2,21,ground,Thorn Caltrops,2,0,0,0,0,118,50
2,21,ground,River Fish,5,0,0,0,0,79,61
2,21,ground,Cooked Meat,2,0,0,0,0,55,51
2,21,ground,Crossbow,1,0,0,1,16,77,39
2,21,ground,Rope Hook,1,0,24,0,0,78,39
2,21,ground,Torch,1,90,0,0,0,100,34
2,21,ground,Pickaxe,1,32,0,0,0,34,31
2,21,ground,Pickaxe,1,32,0,0,0,32,41
2,21,ground,Bow,1,0,0,20,0,36,58
2,21,ground,Stick,1,18,0,0,0,39,28
2,21,ground,Mushroom spores,2,0,0,0,0,99,69
2,21,ground,Torch,1,90,0,0,0,58,33
2,21,ground,Medkit,1,0,0,0,0,15,54
2,21,ground,Bandage,2,0,0,0,0,12,59
2,21,ground,Wooden Maul,1,24,0,0,0,7,57
2,21,ground,Ammo,1,0,0,0,0,10,52
2,21,ground,River Fish,3,0,0,0,0,36,42
2,21,ground,Stick,1,18,0,0,0,54,30
2,21,wall,Fungal Bread,1,0,0,0,0,43,52
2,21,wall,Medkit,1,0,0,0,0,89,78
2,22,ground,Stick,1,18,0,0,0,77,59
2,22,ground,Hatchet,1,35,0,0,0,59,61
2,22,ground,Torch,1,90,0,0,0,60,61
2,22,ground,Hatchet,1,35,0,0,0,29,61
2,22,ground,Root Drill,1,0,3,0,0,28,61
2,22,carried,Buckler,1,30,0,0,0,28,54
2,22,carried,Buckler,1,30,0,0,0,54,58
2,22,carried,Buckler,1,30,0,0,0,53,55
2,22,ground,Fungal Bread,2,0,0,0,0,29,56
2,22,ground,Fungal Bread,2,0,0,0,0,54,50
2,22,ground,Torch,1,90,0,0,0,11,53
2,22,ground,Throwing Rock,3,0,0,0,0,22,99
2,22,ground,Bitter Root,1,0,0,0,0,82,85
2,22,ground,Ammo,1,0,0,0,0,54,74
2,22,ground,Ammo,1,0,0,0,0,26,74
2,22,ground,Oil flask,1,0,0,0,0,10,80
2,22,ground,Medkit,1,0,0,0,0,51,16
2,22,ground,Bandage,2,0,0,0,0,33,34
2,22,ground,Ammo,1,0,0,0,0,59,15
2,22,ground,River Fish,2,0,0,0,0,27,79
2,22,ground,River Fish,4,0,0,0,0,17,64
2,22,ground,River Fish,4,0,0,0,0,18,44
2,22,ground,River Fish,4,0,0,0,0,28,29
2,22,ground,Shield Lantern,1,24,0,0,0,14,72
2,22,ground,Stick,1,18,0,0,0,19,59
2,23,ground,Stick,1,18,0,0,0,56,13
2,23,ground,Hatchet,1,35,0,0,0,60,82
2,23,ground,Torch,1,90,0,0,0,61,82
2,23,ground,Torch,1,90,0,0,0,31,82
2,23,ground,Root Drill,1,0,3,0,0,31,81
2,23,carried,Buckler,1,30,0,0,0,44,80
2,23,carried,Buckler,1,30,0,0,0,52,72
2,23,ground,Firecracker,2,0,0,0,0,58,79
2,23,ground,Firecracker,2,0,0,0,0,32,80
2,23,ground,River Fish,5,0,0,0,0,34,38
2,23,ground,River Fish,3,0,0,0,0,100,18
2,23,ground,Pickaxe,1,32,0,0,0,34,67
2,23,ground,Bird Seed,1,0,0,0,0,71,11
2,23,ground,Fungal Bread,1,0,0,0,0,82,3
2,23,ground,Resin Glue,1,0,0,0,0,58,63
2,23,ground,Ammo,1,0,0,0,0,55,52
2,23,ground,Ammo,1,0,0,0,0,37,60
2,23,ground,Ammo,1,0,0,0,0,12,74
2,23,ground,Medkit,1,0,0,0,0,97,34
2,23,ground,River Fish,3,0,0,0,0,107,26
2,23,ground,River Fish,4,0,0,0,0,109,41
2,23,ground,River Fish,5,0,0,0,0,108,57
2,23,ground,River Fish,4,0,0,0,0,109,73
2,23,stored,Buckler,1,30,0,0,0,9,76
2,24,ground,Stick,1,18,0,0,0,79,81
2,24,ground,Flint Knife,1,60,0,0,0,104,98
2,24,ground,Torch,1,90,0,0,0,106,103
2,24,ground,Lighter,1,0,20,0,0,76,104
2,24,ground,Bandage,3,0,0,0,0,32,32
2,24,ground,Resin Glue,1,0,0,0,0,31,84
2,24,ground,Raw Meat,2,0,0,0,0,33,78
2,24,ground,River Fish,3,0,0,0,0,55,82
2,24,ground,Crossbow,1,0,0,1,16,35,36
2,24,ground,Water flask,2,0,0,0,0,62,86
2,24,ground,Thorn Caltrops,2,0,0,0,0,7,81
2,24,ground,Herb Bag,1,0,4,0,0,10,78
2,24,ground,Fungal Bread,1,0,0,0,0,9,53
2,24,ground,Ammo,1,0,0,0,0,47,30
2,24,ground,Pickaxe,1,32,0,0,0,56,60
2,24,wall,Seed Bag,1,0,6,0,0,16,51
2,24,wall,Hatchet,1,35,0,0,0,49,54
2,25,ground,Stick,1,18,0,0,0,78,58
2,25,ground,Digging Claws,1,200,0,0,0,37,53
2,25,ground,Resin Glue,1,0,0,0,0,36,73
2,25,ground,Hatchet,1,35,0,0,0,28,100
2,25,ground,Shield Lantern,1,24,0,0,0,39,30
2,25,ground,Splint,1,0,2,0,0,56,57
2,25,ground,Ammo,1,0,0,0,0,58,63
2,25,ground,Fungal Bread,1,0,0,0,0,78,32
2,25,ground,Ammo,1,0,0,0,0,79,31
2,25,ground,Hand Bell,1,0,80,0,0,74,81
2,25,ground,Bandage,2,0,0,0,0,84,78
2,25,ground,Fungal Bread,1,0,0,0,0,41,97
2,25,ground,Ammo,1,0,0,0,0,59,11
2,25,stored,Lighter,1,0,20,0,0,55,55
2,25,stored,Bear Trap,2,0,0,0,0,56,59
2,25,wall,Mushroom spores,2,0,0,0,0,80,70
2,25,wall,Throwing Rock,3,0,0,0,0,32,112
2,26,ground,Stick,1,18,0,0,0,57,57
2,26,ground,Bow,1,0,0,20,0,24,103
2,26,ground,Rake,1,400,0,0,0,38,88
2,26,ground,Water flask,2,0,0,0,0,34,103
2,26,ground,Rake,1,400,0,0,0,11,76
2,26,ground,Pickaxe,1,32,0,0,0,25,54
2,26,ground,Torch,1,90,0,0,0,78,50
2,26,ground,Bird Seed,1,0,0,0,0,78,61
2,26,ground,Fungal Bread,1,0,0,0,0,73,59
2,26,ground,Oil flask,1,0,0,0,0,41,51
2,26,ground,Ammo,1,0,0,0,0,103,32
2,26,ground,Medkit,1,0,0,0,0,118,75
2,26,ground,Blink Seed,2,0,0,0,0,17,57
2,26,ground,Ammo,1,0,0,0,0,8,57
2,26,ground,Ammo,1,0,0,0,0,117,76
2,26,wall,Pickaxe,1,32,0,0,0,129,36
2,27,ground,Stick,1,18,0,0,0,56,79
2,27,ground,Stick,1,18,0,0,0,13,103
2,27,ground,Rope Hook,1,0,24,0,0,14,103
2,27,ground,Torch,1,90,0,0,0,33,100
2,27,ground,River Fish,6,0,0,0,0,39,36
2,27,ground,Fishing Line,1,0,20,0,0,38,32
2,27,ground,Hunting Horn,1,0,8,0,0,20,110
2,27,ground,Bird Seed,1,0,0,0,0,55,51
2,27,ground,Herb Bag,1,0,4,0,0,48,59
2,27,ground,Rake,1,400,0,0,0,30,80
2,27,ground,Fungal Bread,1,0,0,0,0,37,74
2,27,ground,Ammo,1,0,0,0,0,78,55
2,27,wall,Hatchet,1,35,0,0,0,79,25
2,27,wall,Spring Trap,2,0,0,0,0,23,104
2,28,ground,Stick,1,18,0,0,0,77,35
2,28,ground,River Fish,5,0,0,0,0,35,59
2,28,ground,Hatchet,1,35,0,0,0,28,77
2,28,ground,Stick,1,18,0,0,0,11,29
2,28,ground,Throwing Net,2,0,0,0,0,12,29
2,28,ground,Torch,1,90,0,0,0,34,33
2,28,ground,Hatchet,1,35,0,0,0,50,7
2,28,ground,Torch,1,90,0,0,0,49,7
2,28,ground,Hatchet,1,35,0,0,0,50,37
2,28,ground,Root Drill,1,0,3,0,0,50,38
2,28,carried,Buckler,1,30,0,0,0,58,14
2,28,carried,Buckler,1,30,0,0,0,56,32
2,28,ground,Fungal Bread,2,0,0,0,0,52,16
2,28,ground,Firecracker,2,0,0,0,0,47,8
2,28,ground,Bear Trap,2,0,0,0,0,78,25
2,28,ground,Rake,1,400,0,0,0,81,19
2,28,ground,Ammo,1,0,0,0,0,78,12
2,28,ground,Rope Hook,1,0,24,0,0,37,8
2,28,ground,Ammo,1,0,0,0,0,38,8
2,28,ground,Medkit,1,0,0,0,0,17,51
2,28,ground,Raw Meat,2,0,0,0,0,102,31
2,28,ground,Ammo,1,0,0,0,0,96,26
2,28,ground,Bandage,2,0,0,0,0,8,56
2,28,ground,River Fish,4,0,0,0,0,58,24
2,28,ground,River Fish,3,0,0,0,0,53,41
2,28,ground,River Fish,3,0,0,0,0,34,65
2,28,ground,River Fish,4,0,0,0,0,24,77
2,28,ground,Herb Bag,1,0,4,0,0,72,15
2,28,wall,Hatchet,1,35,0,0,0,21,87
2,29,ground,Stick,1,18,0,0,0,77,59
2,29,ground,Hatchet,1,35,0,0,0,28,21
2,29,ground,Resin Glue,1,0,0,0,0,53,12
2,29,ground,Thorn Caltrops,2,0,0,0,0,57,16
2,29,ground,Splint,1,0,2,0,0,38,10
2,29,ground,River Fish,5,0,0,0,0,30,57
2,29,ground,Pickaxe,1,32,0,0,0,39,78
2,29,ground,Sap jar,2,0,0,0,0,40,53
2,29,ground,Flint Knife,1,60,0,0,0,74,12
2,29,ground,Throwing Net,2,0,0,0,0,75,12
2,29,ground,Torch,1,90,0,0,0,78,35
2,29,ground,Honey pot,1,0,0,0,0,76,79
2,29,ground,Hunting Horn,1,0,8,0,0,40,70
2,29,ground,Bitter Root,1,0,0,0,0,79,79
2,29,ground,Medkit,1,0,0,0,0,9,57
2,29,ground,Ammo,1,0,0,0,0,98,13
2,29,ground,Bandage,2,0,0,0,0,16,57
2,29,ground,Flint Knife,1,60,0,0,0,11,52
2,29,ground,Ammo,1,0,0,0,0,13,53
2,29,ground,Bandage,3,0,0,0,0,100,34
2,29,ground,Rope Hook,1,0,24,0,0,100,3
2,29,ground,Seed Bag,1,0,6,0,0,71,23
2,29,wall,Sticky Boots,1,0,4,0,0,93,11
2,29,wall,Water flask,2,0,0,0,0,96,19
2,30,ground,Stick,1,18,0,0,0,33,59
2,30,ground,Stick,1,18,0,0,0,78,36
2,30,ground,Reflecting Pan,1,24,0,0,0,87,54
2,30,ground,Pickaxe,1,32,0,0,0,84,38
2,30,ground,Herb Bag,1,0,4,0,0,82,30
2,30,ground,River Fish,4,0,0,0,0,49,35
2,30,ground,Bow,1,0,0,20,0,84,54
2,30,ground,Rake,1,400,0,0,0,41,74
2,30,ground,Ammo,1,0,0,0,0,28,80
2,30,ground,Lighter,1,0,20,0,0,55,60
2,30,ground,Medkit,1,0,0,0,0,96,57
2,30,ground,Herb Bag,1,0,4,0,0,60,81
2,30,ground,Ammo,1,0,0,0,0,16,76
2,30,ground,Ammo,1,0,0,0,0,104,60
2,30,ground,Hatchet,1,35,0,0,0,38,125
2,30,ground,Boomerang,1,0,0,0,0,84,5
2,30,wall,Crossbow,1,0,0,1,16,36,116
2,31,ground,Stick,1,18,0,0,0,34,81
2,31,carried,Buckler,1,30,0,0,0,90,87
2,31,carried,Buckler,1,30,0,0,0,88,88
2,31,carried,Buckler,1,30,0,0,0,86,90
2,31,ground,Bow,1,0,0,20,0,85,98
2,31,ground,Digging Claws,1,200,0,0,0,97,99
2,31,ground,Resin Glue,1,0,0,0,0,95,82
2,31,ground,Pickaxe,1,32,0,0,0,72,24
2,31,ground,Resin Glue,1,0,0,0,0,91,22
2,31,ground,Resin Glue,1,0,0,0,0,101,25
2,31,ground,Hatchet,1,35,0,0,0,12,80
2,31,ground,Boomerang,1,0,0,0,0,32,105
2,31,ground,Crossbow,1,0,0,1,16,53,73
2,31,ground,Fungal Bread,1,0,0,0,0,56,86
2,31,ground,Bandage,3,0,0,0,0,77,48
2,31,ground,Fungal Bread,1,0,0,0,0,75,54
2,31,ground,Ammo,1,0,0,0,0,102,61
2,31,stored,Stick,1,18,0,0,0,57,100
2,31,ground,Buckler,1,30,0,0,0,45,108
2,31,ground,Stick,1,18,0,0,0,67,15
2,32,ground,Stick,1,18,0,0,0,56,37
2,32,carried,Buckler,1,30,0,0,0,96,60
2,32,carried,Buckler,1,30,0,0,0,100,61
2,32,carried,Buckler,1,30,0,0,0,99,59
2,32,ground,Torch,1,90,0,0,0,83,77
2,32,ground,Crossbow,1,0,0,1,16,35,60
2,32,ground,River Fish,6,0,0,0,0,5,102
2,32,ground,Seed Bag,1,0,6,0,0,80,44
2,32,ground,Bird Seed,1,0,0,0,0,31,40
2,32,ground,Bandage,2,0,0,0,0,31,30
2,32,ground,Bird Seed,3,0,0,0,0,37,13
2,32,ground,Fungal Bread,1,0,0,0,0,40,8
2,32,ground,Ammo,1,0,0,0,0,34,103
2,32,ground,Ammo,1,0,0,0,0,100,40
2,32,ground,River Fish,3,0,0,0,0,69,58
2,32,ground,River Fish,4,0,0,0,0,86,41
2,32,ground,River Fish,3,0,0,0,0,92,16
2,32,stored,Egg,3,0,0,0,0,39,98
2,32,ground,Shield Lantern,1,24,0,0,0,13,57
2,32,ground,Bow,1,0,0,20,0,82,18
2,32,ground,Boomerang,1,0,0,0,0,83,36
2,32,wall,Smoke pot,2,0,0,0,0,100,17
2,32,wall,Throwing Net,2,0,0,0,0,8,52
2,33,ground,Stick,1,18,0,0,0,79,59
2,33,ground,Raw Meat,1,0,0,0,0,98,81
2,33,ground,Shield Lantern,1,24,0,0,0,102,75
2,33,ground,Torch,1,90,0,0,0,100,56
2,33,ground,Bitter Root,1,0,0,0,0,117,56
2,33,ground,Ammo,1,0,0,0,0,125,34
2,33,ground,Thunder Acorn,2,0,0,0,0,140,60
2,33,ground,Ammo,1,0,0,0,0,147,54
2,33,ground,Ammo,1,0,0,0,0,51,57
2,33,ground,Herb Bag,1,0,4,0,0,118,14
2,33,ground,Medkit,1,0,0,0,0,139,27
2,33,ground,Fried Egg,2,0,0,0,0,50,64
2,33,ground,Seed Bag,1,0,6,0,0,7,57
2,33,ground,Throwing Rock,3,0,0,0,0,4,71
2,34,ground,Stick,1,18,0,0,0,56,57
2,34,ground,Hatchet,1,35,0,0,0,80,19
2,34,ground,Sap jar,2,0,0,0,0,63,23
2,34,ground,Digging Claws,1,200,0,0,0,37,79
2,34,ground,Throwing Net,2,0,0,0,0,38,79
2,34,ground,Torch,1,90,0,0,0,34,56
2,34,ground,Torch,1,90,0,0,0,78,22
2,34,ground,Hatchet,1,35,0,0,0,26,35
2,34,ground,Ammo,1,0,0,0,0,30,33
2,34,ground,Rake,1,400,0,0,0,42,10
2,34,ground,Fungal Bread,1,0,0,0,0,39,5
2,34,ground,Medkit,1,0,0,0,0,16,7
2,34,ground,Ammo,1,0,0,0,0,71,56
2,34,ground,Ammo,1,0,0,0,0,74,74
2,34,ground,Mushroom spores,2,0,0,0,0,96,51
2,34,ground,Stick,1,18,0,0,0,74,62
2,34,ground,Cooked Meat,2,0,0,0,0,19,51
2,34,ground,Sticky Boots,1,0,4,0,0,33,7
2,34,wall,Fried Egg,2,0,0,0,0,37,17
2,35,ground,Stick,1,18,0,0,0,79,80
2,35,ground,Crossbow,1,0,0,1,16,9,51
2,35,ground,Flint Knife,1,60,0,0,0,39,46
2,35,ground,Cooked Meat,2,0,0,0,0,32,55
2,35,ground,Flint Knife,1,60,0,0,0,35,8
2,35,ground,Rope Hook,1,0,24,0,0,36,8
2,35,ground,Torch,1,90,0,0,0,56,13
2,35,ground,River Fish,4,0,0,0,0,28,80
2,35,ground,Fishing Line,1,0,20,0,0,29,82
2,35,ground,Bomb,2,0,0,0,0,53,30
2,35,ground,Ammo,1,0,0,0,0,109,80
2,35,ground,Water flask,2,0,0,0,0,27,80
2,35,ground,Ammo,1,0,0,0,0,63,37
2,35,ground,Medkit,1,0,0,0,0,64,79
2,35,ground,Bandage,2,0,0,0,0,61,69
2,35,ground,Torch,1,90,0,0,0,61,74
2,35,ground,Ammo,1,0,0,0,0,49,77
2,35,ground,River Fish,2,0,0,0,0,40,65
2,35,ground,River Fish,4,0,0,0,0,55,52
2,35,ground,River Fish,5,0,0,0,0,98,46
2,35,ground,Fried Egg,2,0,0,0,0,83,61
2,35,ground,Rope Hook,1,0,24,0,0,54,43
2,35,ground,Pitch Bomb,2,0,0,0,0,47,31
2,35,wall,Water flask,2,0,0,0,0,65,54
2,36,ground,Stick,1,18,0,0,0,34,79
2,36,ground,Hatchet,1,35,0,0,0,17,37
2,36,ground,Boomerang,1,0,0,0,0,27,37
2,36,ground,River Fish,5,0,0,0,0,32,13
2,36,ground,River Fish,5,0,0,0,0,75,97
2,36,ground,Hatchet,1,35,0,0,0,50,102
2,36,ground,Honey pot,1,0,0,0,0,53,107
2,36,ground,Pickaxe,1,32,0,0,0,53,10
2,36,ground,Rake,1,400,0,0,0,59,83
2,36,ground,Ammo,1,0,0,0,0,60,77
2,36,ground,Ammo,1,0,0,0,0,58,106
2,36,ground,Water flask,2,0,0,0,0,34,14
2,36,ground,Medkit,1,0,0,0,0,56,17
2,36,ground,Bandage,2,0,0,0,0,53,3
2,36,ground,Ammo,1,0,0,0,0,51,4
2,36,stored,Pickaxe,1,32,0,0,0,53,125
2,36,ground,Stick,1,18,0,0,0,57,122
2,36,ground,Cooked Meat,2,0,0,0,0,36,8
2,36,ground,Flint Knife,1,60,0,0,0,65,118
2,36,ground,Acorn Mine,2,0,0,0,0,49,128
2,36,ground,Boomerang,1,0,0,0,0,49,114
2,37,ground,Stick,1,18,0,0,0,78,57
2,37,ground,Torch,1,90,0,0,0,43,32
2,37,ground,Hatchet,1,35,0,0,0,83,75
2,37,ground,Torch,1,90,0,0,0,84,75
2,37,ground,Hunting Spear,1,45,0,0,0,51,75
2,37,ground,Root Drill,1,0,3,0,0,50,76
2,37,ground,Firecracker,2,0,0,0,0,84,73
2,37,ground,Firecracker,2,0,0,0,0,78,73
2,37,ground,Buckler,1,30,0,0,0,50,34
2,37,ground,Rake,1,400,0,0,0,78,37
2,37,ground,Ammo,1,0,0,0,0,78,33
2,37,ground,Splint,1,0,2,0,0,79,10
2,37,ground,Ammo,1,0,0,0,0,85,13
2,37,ground,Medkit,1,0,0,0,0,16,48
2,37,ground,Rake,1,400,0,0,0,99,38
2,37,ground,Ammo,1,0,0,0,0,98,35
2,37,ground,Bandage,2,0,0,0,0,12,53
2,37,ground,Crossbow,1,0,0,1,16,94,32
2,37,ground,Rake,1,400,0,0,0,37,73
2,38,ground,Stick,1,18,0,0,0,56,14
2,38,ground,Throwing Rock,3,0,0,0,0,26,24
2,38,ground,Hunting Horn,1,0,8,0,0,25,11
2,38,ground,Pickaxe,1,32,0,0,0,80,51
2,38,ground,Hatchet,1,35,0,0,0,29,77
2,38,ground,Throwing Net,2,0,0,0,0,30,77
2,38,ground,Torch,1,90,0,0,0,34,55
2,38,ground,Torch,1,90,0,0,0,83,17
2,38,ground,Throwing Rock,3,0,0,0,0,69,37
2,38,ground,Sap jar,1,0,0,0,0,79,11
2,38,ground,Shield Lantern,1,24,0,0,0,99,36
2,38,ground,Ammo,1,0,0,0,0,94,31
2,38,ground,Medkit,1,0,0,0,0,61,74
2,38,ground,Bandage,2,0,0,0,0,53,71
2,38,ground,Pickaxe,1,32,0,0,0,51,70
2,38,ground,Ammo,1,0,0,0,0,57,69
2,38,wall,Flint Knife,1,60,0,0,0,81,23
2,38,wall,Hatchet,1,35,0,0,0,31,65
2,39,ground,Stick,1,18,0,0,0,56,57
2,39,carried,Buckler,1,30,0,0,0,17,67
2,39,carried,Buckler,1,30,0,0,0,21,65
2,39,ground,Torch,1,90,0,0,0,16,71
2,39,ground,Stick,1,18,0,0,0,63,96
2,39,ground,Ammo,2,0,0,0,0,55,113
2,39,ground,Hatchet,1,35,0,0,0,75,57
2,39,ground,Rope Hook,1,0,24,0,0,76,57
2,39,ground,Torch,1,90,0,0,0,78,78
2,39,ground,Stick,1,18,0,0,0,13,34
2,39,ground,Medkit,1,0,0,0,0,6,28
2,39,ground,Stick,1,18,0,0,0,50,76
2,39,ground,Hatchet,1,35,0,0,0,20,59
2,39,ground,Lighter,1,0,20,0,0,57,75
2,39,ground,Rake,1,400,0,0,0,104,77
2,39,ground,Herb Bag,1,0,4,0,0,104,76
2,39,ground,Medkit,1,0,0,0,0,14,8
2,39,ground,Ammo,1,0,0,0,0,14,10
2,39,ground,River Fish,4,0,0,0,0,74,94
2,39,ground,River Fish,2,0,0,0,0,55,87
2,39,ground,River Fish,4,0,0,0,0,35,55
2,39,ground,Bow,1,0,0,20,0,24,28
2,39,ground,Water flask,2,0,0,0,0,49,88
2,40,ground,Stick,1,18,0,0,0,78,57
2,40,ground,Stick,1,18,0,0,0,34,74
2,40,ground,Rope Hook,1,0,24,0,0,40,56
2,40,ground,Fried Egg,2,0,0,0,0,34,86
2,40,ground,Hatchet,1,35,0,0,0,61,39
2,40,ground,Torch,1,90,0,0,0,61,40
2,40,ground,Pickaxe,1,32,0,0,0,61,7
2,40,ground,Root Drill,1,0,3,0,0,60,6
2,40,carried,Buckler,1,30,0,0,0,66,35
2,40,carried,Buckler,1,30,0,0,0,63,29
2,40,ground,Firecracker,2,0,0,0,0,48,36
2,40,ground,Firecracker,2,0,0,0,0,60,11
2,40,ground,Fungal Bread,2,0,0,0,0,56,23
2,40,ground,River Fish,5,0,0,0,0,11,53
2,40,ground,Fishing Line,1,0,20,0,0,15,54
2,40,ground,Flint Knife,1,60,0,0,0,83,74
2,40,ground,Torch,1,90,0,0,0,65,19
2,40,ground,Bear Trap,2,0,0,0,0,55,59
2,40,ground,Ammo,1,0,0,0,0,55,58
2,40,ground,Mushroom spores,2,0,0,0,0,14,55
2,40,ground,Medkit,1,0,0,0,0,49,77
2,40,ground,Scarecrow,1,0,0,0,0,36,102
2,40,ground,Ammo,1,0,0,0,0,37,100
2,40,ground,Bandage,2,0,0,0,0,79,73
2,40,ground,Ammo,1,0,0,0,0,60,79
2,40,ground,River Fish,5,0,0,0,0,78,94
2,40,wall,Medkit,1,0,0,0,0,24,41
2,41,ground,Stick,1,18,0,0,0,56,36
2,41,ground,Stick,1,18,0,0,0,30,11
2,41,ground,Pickaxe,1,32,0,0,0,28,14
2,41,ground,Stick,1,18,0,0,0,39,60
2,41,ground,Raw Meat,1,0,0,0,0,36,57
2,41,ground,Acorn Mine,2,0,0,0,0,10,53
2,41,ground,Mushroom spores,2,0,0,0,0,55,18
2,41,ground,Medkit,1,0,0,0,0,18,31
2,41,ground,Ammo,1,0,0,0,0,79,14
2,41,ground,Water flask,2,0,0,0,0,94,18
2,41,ground,Ammo,1,0,0,0,0,98,12
2,41,ground,Bandage,2,0,0,0,0,81,39
2,41,ground,Ammo,1,0,0,0,0,13,26
2,41,ground,Bandage,3,0,0,0,0,40,54
2,41,wall,Sap jar,2,0,0,0,0,81,6
2,42,ground,Stick,1,18,0,0,0,56,59
2,42,carried,Buckler,1,30,0,0,0,21,45
2,42,carried,Buckler,1,30,0,0,0,22,47
2,42,carried,Buckler,1,30,0,0,0,23,49
2,42,carried,Buckler,1,30,0,0,0,23,46
2,42,ground,Digging Claws,1,200,0,0,0,20,52
2,42,ground,Bomb,2,0,0,0,0,29,44
2,42,ground,Splint,1,0,2,0,0,25,53
2,42,ground,Digging Claws,1,200,0,0,0,51,121
2,42,ground,Throwing Net,2,0,0,0,0,52,121
2,42,ground,Torch,1,90,0,0,0,56,79
2,42,ground,River Fish,5,0,0,0,0,36,12
2,42,ground,Fishing Line,1,0,20,0,0,37,14
2,42,ground,Bow,1,0,0,20,0,8,30
2,42,ground,Torch,1,90,0,0,0,38,80
2,42,ground,Herb Bag,1,0,4,0,0,33,73
2,42,ground,Water flask,2,0,0,0,0,40,108
2,42,ground,Ammo,1,0,0,0,0,40,103
2,42,ground,Medkit,1,0,0,0,0,84,122
2,42,ground,Mushroom spores,2,0,0,0,0,40,14
2,42,ground,Ammo,1,0,0,0,0,79,114
2,42,ground,Straw Decoy,1,0,0,0,0,30,8
2,42,ground,Buckler,1,30,0,0,0,27,14
2,42,wall,Acorn Mine,2,0,0,0,0,32,20
2,42,wall,Seed Bag,1,0,6,0,0,67,123
2,42,wall,Reflecting Pan,1,24,0,0,0,53,132
2,43,ground,Stick,1,18,0,0,0,34,80
2,43,ground,River Fish,5,0,0,0,0,61,61
2,43,ground,Boomerang,1,0,0,0,0,70,32
2,43,ground,Rake,1,400,0,0,0,41,57
2,43,ground,Ammo,1,0,0,0,0,30,59
2,43,ground,Water flask,2,0,0,0,0,50,48
2,43,ground,Fungal Bread,1,0,0,0,0,56,30
2,43,ground,Fungal Bread,1,0,0,0,0,32,38
2,43,ground,Seed Bag,1,0,6,0,0,33,10
2,43,ground,Ammo,1,0,0,0,0,36,13
2,43,ground,Ammo,1,0,0,0,0,17,103
2,43,ground,Mushroom spores,2,0,0,0,0,54,62
2,43,ground,Boomerang,1,0,0,0,0,13,96
2,43,ground,Rope Snare,2,0,0,0,0,15,125
2,43,ground,Fried Egg,2,0,0,0,0,13,71
2,43,wall,Shield Lantern,1,24,0,0,0,77,44
2,43,wall,Water flask,2,0,0,0,0,10,118
2,44,ground,Stick,1,18,0,0,0,13,57
2,44,ground,Hatchet,1,35,0,0,0,52,99
2,44,ground,Throwing Net,2,0,0,0,0,53,99
2,44,ground,Torch,1,90,0,0,0,56,57
2,44,ground,Stick,1,18,0,0,0,78,31
2,44,ground,Hatchet,1,35,0,0,0,30,60
2,44,ground,Torch,1,90,0,0,0,30,61
2,44,ground,Crossbow,1,0,0,1,16,30,31
2,44,ground,Root Drill,1,0,3,0,0,30,30
2,44,ground,Firecracker,2,0,0,0,0,41,35
2,44,ground,Firecracker,2,0,0,0,0,34,51
2,44,ground,Buckler,1,30,0,0,0,84,39
2,44,ground,Medkit,1,0,0,0,0,53,18
2,44,ground,Resin Glue,1,0,0,0,0,16,72
2,44,ground,Ammo,1,0,0,0,0,20,76
2,44,ground,Water flask,2,0,0,0,0,74,57
2,44,ground,Bandage,2,0,0,0,0,65,12
2,44,ground,Ammo,1,0,0,0,0,62,19
2,44,ground,River Fish,5,0,0,0,0,66,40
2,44,ground,Splint,1,0,2,0,0,46,71
2,44,ground,Lighter,1,0,20,0,0,45,81
2,45,ground,Stick,1,18,0,0,0,55,36
2,45,ground,Digging Claws,1,200,0,0,0,72,51
2,45,ground,Torch,1,90,0,0,0,13,37
2,45,ground,Throwing Net,2,0,0,0,0,14,37
2,45,ground,Torch,1,90,0,0,0,35,33
2,45,ground,Hatchet,1,35,0,0,0,123,56
2,45,ground,Pitch Bomb,2,0,0,0,0,94,50
2,45,ground,Crossbow,1,0,0,1,16,127,61
2,45,ground,Spring Trap,2,0,0,0,0,38,31
2,45,ground,Firecracker,3,0,0,0,0,79,37
2,45,ground,Herb Bag,1,0,4,0,0,75,33
2,45,ground,Herb Bag,1,0,4,0,0,35,61
2,45,ground,Ammo,1,0,0,0,0,28,53
2,45,ground,Medkit,1,0,0,0,0,58,99
2,45,ground,Ammo,1,0,0,0,0,82,14
2,45,ground,Hunting Spear,1,45,0,0,0,65,100
2,45,ground,Ammo,1,0,0,0,0,53,98
2,45,ground,River Fish,3,0,0,0,0,31,82
2,45,ground,Bomb,2,0,0,0,0,33,45
2,45,ground,Seed Bag,1,0,6,0,0,5,76
2,45,wall,Crossbow,1,0,0,1,16,26,85
2,46,ground,Stick,1,18,0,0,0,78,80
2,46,ground,River Fish,6,0,0,0,0,54,79
2,46,ground,Fishing Line,1,0,20,0,0,54,82
2,46,ground,River Fish,5,0,0,0,0,8,33
2,46,ground,Fishing Line,1,0,20,0,0,5,33
2,46,ground,Sap jar,2,0,0,0,0,64,78
2,46,ground,Water flask,2,0,0,0,0,59,82
2,46,ground,Mushroom spores,2,0,0,0,0,83,99
2,46,ground,Ammo,1,0,0,0,0,53,56
2,46,ground,Ammo,1,0,0,0,0,81,55
2,46,ground,Medkit,1,0,0,0,0,82,35
2,46,ground,Fungal Bread,1,0,0,0,0,10,60
2,46,ground,Reflecting Pan,1,24,0,0,0,96,52
2,46,ground,Ammo,1,0,0,0,0,102,57
2,46,ground,River Fish,3,0,0,0,0,65,72
2,46,ground,River Fish,3,0,0,0,0,73,58
2,46,ground,River Fish,5,0,0,0,0,87,29
2,46,ground,River Fish,2,0,0,0,0,95,15
2,46,ground,Stick,1,18,0,0,0,43,82
2,46,ground,Lighter,1,0,20,0,0,54,100
2,46,wall,Smoke pot,2,0,0,0,0,37,48
2,46,wall,Digging Claws,1,200,0,0,0,46,89
2,47,ground,Stick,1,18,0,0,0,77,13
2,47,ground,Throwing Rock,3,0,0,0,0,37,33
2,47,ground,Torch,1,90,0,0,0,29,34
2,47,ground,Digging Claws,1,200,0,0,0,11,15
2,47,ground,Throwing Net,2,0,0,0,0,12,15
2,47,ground,Torch,1,90,0,0,0,35,13
2,47,ground,Hatchet,1,35,0,0,0,73,30
2,47,ground,Torch,1,90,0,0,0,72,30
2,47,ground,Pickaxe,1,32,0,0,0,73,61
2,47,ground,Root Drill,1,0,3,0,0,73,62
2,47,carried,Buckler,1,30,0,0,0,69,34
2,47,ground,Firecracker,2,0,0,0,0,78,64
2,47,ground,River Fish,6,0,0,0,0,59,11
2,47,ground,Digging Claws,1,200,0,0,0,49,36
2,47,ground,Water flask,2,0,0,0,0,53,13
2,47,ground,Egg,3,0,0,0,0,51,58
2,47,ground,Ammo,1,0,0,0,0,54,63
2,47,ground,Medkit,1,0,0,0,0,11,31
2,47,ground,Oil flask,1,0,0,0,0,38,55
2,47,ground,Bandage,2,0,0,0,0,18,37
2,47,ground,Ammo,1,0,0,0,0,14,35
2,47,ground,River Fish,5,0,0,0,0,59,23
2,47,ground,Sleep Meds,3,0,0,0,0,62,46
2,48,ground,Stick,1,18,0,0,0,77,80
2,48,ground,Torch,1,90,0,0,0,51,13
2,48,ground,Rope Snare,2,0,0,0,0,80,11
2,48,ground,Crossbow,1,0,0,1,16,35,30
2,48,ground,Rope Hook,1,0,24,0,0,36,30
2,48,ground,Torch,1,90,0,0,0,56,34
2,48,ground,Hatchet,1,35,0,0,0,38,6
2,48,ground,Torch,1,90,0,0,0,39,6
2,48,ground,Digging Claws,1,200,0,0,0,7,6
2,48,ground,Root Drill,1,0,3,0,0,6,6
2,48,ground,Fungal Bread,2,0,0,0,0,14,3
2,48,ground,Sap jar,2,0,0,0,0,50,32
2,48,ground,Pickaxe,1,32,0,0,0,76,53
2,48,ground,Ammo,1,0,0,0,0,83,57
2,48,ground,Rake,1,400,0,0,0,69,30
2,48,ground,Bandage,2,0,0,0,0,75,32
2,48,ground,Bandage,2,0,0,0,0,25,56
2,48,ground,Ammo,1,0,0,0,0,55,60
2,48,ground,River Fish,5,0,0,0,0,18,20
2,48,ground,River Fish,5,0,0,0,0,18,34
2,48,ground,River Fish,4,0,0,0,0,6,40
2,48,ground,Crossbow,1,0,0,1,16,4,50
2,48,ground,Flint Knife,1,60,0,0,0,37,47
2,49,ground,Stick,1,18,0,0,0,33,57
2,49,ground,Torch,1,90,0,0,0,68,40
2,49,ground,Flint Knife,1,60,0,0,0,55,25
2,49,ground,Rake,1,400,0,0,0,58,21
2,49,ground,River Fish,5,0,0,0,0,60,55
2,49,ground,Bow,1,0,0,20,0,53,85
2,49,ground,Pickaxe,1,32,0,0,0,82,101
2,49,ground,Rope Hook,1,0,24,0,0,83,101
2,49,ground,Torch,1,90,0,0,0,77,77
2,49,ground,Hatchet,1,35,0,0,0,57,11
2,49,ground,Medkit,1,0,0,0,0,76,55
2,49,ground,Hatchet,1,35,0,0,0,103,15
2,49,ground,Ammo,1,0,0,0,0,95,14
2,49,ground,Bandage,2,0,0,0,0,76,57
2,49,ground,Flint Knife,1,60,0,0,0,72,58
2,49,ground,Ammo,1,0,0,0,0,79,61
2,49,ground,Water flask,2,0,0,0,0,65,108
2,49,ground,Rope Hook,1,0,24,0,0,9,58
2,49,ground,Water flask,2,0,0,0,0,17,57
2,49,ground,Herb Bag,1,0,4,0,0,107,18
2,49,ground,Fried Egg,2,0,0,0,0,5,53
2,49,wall,Hunting Spear,1,45,0,0,0,76,65
2,49,wall,Rope Hook,1,0,24,0,0,81,91
2,50,ground,Stick,1,18,0,0,0,55,79
2,50,carried,Buckler,1,30,0,0,0,48,55
2,50,carried,Buckler,1,30,0,0,0,45,54
2,50,carried,Buckler,1,30,0,0,0,45,57
2,50,carried,Buckler,1,30,0,0,0,50,57
2,50,ground,Stick,1,18,0,0,0,52,36
2,50,ground,Buckler,1,30,0,0,0,49,50
2,50,ground,Fried Egg,2,0,0,0,0,45,55
2,50,ground,Lighter,1,0,20,0,0,46,49
2,50,ground,Hatchet,1,35,0,0,0,38,96
2,50,ground,Torch,1,90,0,0,0,36,95
2,50,ground,Crossbow,1,0,0,1,16,38,125
2,50,ground,Root Drill,1,0,3,0,0,37,126
2,50,carried,Buckler,1,30,0,0,0,26,98
2,50,carried,Buckler,1,30,0,0,0,42,101
2,50,ground,Fungal Bread,2,0,0,0,0,37,100
2,50,ground,Firecracker,2,0,0,0,0,37,107
2,50,ground,Pickaxe,1,32,0,0,0,40,35
2,50,ground,Bitter Root,1,0,0,0,0,36,73
2,50,ground,Medkit,1,0,0,0,0,3,48
2,50,ground,Rake,1,400,0,0,0,82,102
2,50,ground,Bandage,2,0,0,0,0,78,96
2,50,ground,Ammo,1,0,0,0,0,76,31
2,50,ground,Ammo,1,0,0,0,0,9,52
2,50,ground,Crossbow,1,0,0,1,16,41,79
2,50,wall,Mushroom spores,2,0,0,0,0,9,32
2,51,ground,Stick,1,18,0,0,0,78,57
2,51,ground,Hatchet,1,35,0,0,0,39,37
2,51,ground,Torch,1,90,0,0,0,39,38
2,51,ground,Pickaxe,1,32,0,0,0,39,8
2,51,ground,Root Drill,1,0,3,0,0,39,7
2,51,carried,Buckler,1,30,0,0,0,33,28
2,51,carried,Buckler,1,30,0,0,0,32,20
2,51,ground,Firecracker,2,0,0,0,0,39,15
2,51,ground,Fungal Bread,2,0,0,0,0,34,16
2,51,ground,River Fish,3,0,0,0,0,17,34
2,51,ground,Flint Knife,1,60,0,0,0,11,23
2,51,ground,Resin Glue,1,0,0,0,0,76,34
2,51,ground,Ammo,1,0,0,0,0,77,36
2,51,ground,Water flask,2,0,0,0,0,12,33
2,51,ground,Medkit,1,0,0,0,0,6,14
2,51,ground,Fungal Bread,1,0,0,0,0,100,57
2,51,ground,Blunderbuss,1,0,0,2,14,80,14
2,51,ground,Ammo,1,0,0,0,0,77,13
2,51,ground,Ammo,1,0,0,0,0,13,16
2,51,ground,River Fish,4,0,0,0,0,58,16
2,51,ground,River Fish,4,0,0,0,0,45,14
2,51,ground,River Fish,3,0,0,0,0,46,6
2,51,ground,River Fish,5,0,0,0,0,58,5
2,51,ground,Digging Claws,1,200,0,0,0,101,101
2,51,ground,Smoke pot,2,0,0,0,0,10,40
2,51,ground,Rake,1,400,0,0,0,106,75
2,51,wall,Stick,1,18,0,0,0,58,29
2,51,wall,Straw Decoy,1,0,0,0,0,104,95
2,52,ground,Stick,1,18,0,0,0,79,36
2,52,ground,River Fish,5,0,0,0,0,81,80
2,52,ground,Hunting Horn,1,0,8,0,0,72,103
2,52,ground,Rake,1,400,0,0,0,75,96
2,52,ground,River Fish,4,0,0,0,0,80,5
2,52,ground,Seed Bag,1,0,6,0,0,37,82
2,52,ground,Bird Seed,1,0,0,0,0,63,39
2,52,ground,Herb Bag,1,0,4,0,0,54,30
2,52,ground,Mushroom spores,2,0,0,0,0,81,17
2,52,ground,Bandage,2,0,0,0,0,8,56
2,52,ground,Ammo,1,0,0,0,0,33,96
2,52,ground,River Fish,4,0,0,0,0,37,59
2,52,ground,Bow,1,0,0,20,0,57,26
2,52,ground,Cooked Meat,2,0,0,0,0,40,77
2,52,wall,Hunting Horn,1,0,8,0,0,73,8
2,53,ground,Stick,1,18,0,0,0,79,59
2,53,ground,Crossbow,1,0,0,1,16,56,117
2,53,ground,Rope Hook,1,0,24,0,0,57,117
2,53,ground,Torch,1,90,0,0,0,79,122
2,53,ground,River Fish,3,0,0,0,0,98,124
2,53,ground,Fishing Line,1,0,20,0,0,98,125
2,53,ground,Shield Lantern,1,24,0,0,0,38,104
2,53,ground,Rake,1,400,0,0,0,73,107
2,53,ground,Bandage,2,0,0,0,0,76,96
2,53,ground,Rake,1,400,0,0,0,70,33
2,53,ground,Ammo,1,0,0,0,0,79,29
2,53,ground,Ammo,1,0,0,0,0,49,101
2,53,ground,Medkit,1,0,0,0,0,32,107
2,53,ground,Ammo,1,0,0,0,0,29,124
2,53,ground,Buckler,1,30,0,0,0,76,16
2,53,ground,River Fish,4,0,0,0,0,72,33
2,53,ground,Throwing Rock,3,0,0,0,0,75,79
2,53,ground,Flint Knife,1,60,0,0,0,83,100
2,54,ground,Stick,1,18,0,0,0,79,57
2,54,ground,Digging Claws,1,200,0,0,0,80,95
2,54,ground,Resin Glue,1,0,0,0,0,62,98
2,54,ground,Ammo,2,0,0,0,0,56,96
2,54,ground,River Fish,5,0,0,0,0,38,85
2,54,ground,Pickaxe,1,32,0,0,0,28,54
2,54,ground,Hatchet,1,35,0,0,0,81,12
2,54,ground,Rope Hook,1,0,24,0,0,82,12
2,54,ground,Torch,1,90,0,0,0,78,33
2,54,ground,River Fish,6,0,0,0,0,11,79
2,54,ground,Torch,1,90,0,0,0,81,29
2,54,ground,Lantern Seed,1,0,0,0,0,99,76
2,54,ground,Chili,1,0,0,0,0,59,58
2,54,ground,Herb Bag,1,0,4,0,0,123,74
2,54,ground,Medkit,1,0,0,0,0,7,99
2,54,ground,Ammo,1,0,0,0,0,9,99
2,54,ground,River Fish,5,0,0,0,0,23,62
2,54,ground,River Fish,3,0,0,0,0,29,51
2,54,ground,River Fish,4,0,0,0,0,37,38
2,54,ground,River Fish,4,0,0,0,0,53,13
2,54,ground,Digging Claws,1,200,0,0,0,105,71
2,54,ground,Flint Knife,1,60,0,0,0,101,84
2,54,ground,Flint Knife,1,60,0,0,0,20,76
2,54,ground,Hunting Horn,1,0,8,0,0,55,53
2,55,ground,Stick,1,18,0,0,0,78,81
2,55,ground,River Fish,5,0,0,0,0,81,34
2,55,ground,Throwing Rock,3,0,0,0,0,62,63
2,55,ground,Ammo,1,0,0,0,0,60,81
2,55,ground,Bandaid,5,0,0,0,0,78,51
2,55,ground,Ammo,1,0,0,0,0,74,54
2,55,ground,Bird Seed,1,0,0,0,0,32,56
2,55,ground,Herb Bag,1,0,4,0,0,38,56
2,55,ground,Mushroom spores,2,0,0,0,0,36,75
2,55,ground,Bandage,2,0,0,0,0,13,55
2,55,ground,Ammo,1,0,0,0,0,17,78
2,55,ground,River Fish,2,0,0,0,0,47,62
2,55,ground,River Fish,5,0,0,0,0,64,59
2,55,stored,Bow,1,0,0,20,0,16,60
2,55,ground,Shield Lantern,1,24,0,0,0,53,52
2,55,wall,Hatchet,1,35,0,0,0,38,86
2,56,ground,Stick,1,18,0,0,0,78,57
2,56,ground,Torch,1,90,0,0,0,13,61
2,56,ground,Throwing Net,2,0,0,0,0,14,61
2,56,ground,Torch,1,90,0,0,0,34,57
2,56,ground,River Fish,6,0,0,0,0,84,80
2,56,ground,River Fish,6,0,0,0,0,51,34
2,56,ground,Straw Decoy,1,0,0,0,0,38,12
2,56,ground,Rake,1,400,0,0,0,83,34
2,56,ground,Ammo,1,0,0,0,0,81,37
2,56,ground,Water flask,2,0,0,0,0,71,73
2,56,ground,Ammo,1,0,0,0,0,62,16
2,56,ground,Medkit,1,0,0,0,0,34,11
2,56,ground,Ammo,1,0,0,0,0,27,87
2,56,ground,Bandage,2,0,0,0,0,33,14
2,56,ground,River Fish,3,0,0,0,0,53,72
2,56,ground,River Fish,5,0,0,0,0,28,63
2,56,ground,Cooked Meat,2,0,0,0,0,35,71
2,56,wall,Flint Knife,1,60,0,0,0,66,55
2,56,wall,Medkit,1,0,0,0,0,80,84
2,57,ground,Stick,1,18,0,0,0,34,57
2,57,ground,Hatchet,1,35,0,0,0,44,26
2,57,ground,Water flask,2,0,0,0,0,38,11
2,57,ground,Pickaxe,1,32,0,0,0,31,93
2,57,ground,Wooden Maul,1,24,0,0,0,101,75
2,57,ground,Rope Hook,1,0,24,0,0,102,75
2,57,ground,Torch,1,90,0,0,0,79,79
2,57,ground,River Fish,4,0,0,0,0,75,31
2,57,ground,Stick,1,18,0,0,0,8,53
2,57,ground,Honey pot,1,0,0,0,0,7,54
2,57,ground,Pickaxe,1,32,0,0,0,56,23
2,57,ground,Rope Snare,2,0,0,0,0,56,65
2,57,ground,Fungal Bread,1,0,0,0,0,62,60
2,57,ground,Ammo,1,0,0,0,0,11,58
2,57,ground,Medkit,1,0,0,0,0,72,58
2,57,ground,Water flask,2,0,0,0,0,80,36
2,57,ground,Ammo,1,0,0,0,0,74,57
2,57,wall,Throwing Rock,3,0,0,0,0,2,60
2,58,ground,Stick,1,18,0,0,0,56,81
2,58,ground,Hatchet,1,35,0,0,0,82,53
2,58,ground,Torch,1,90,0,0,0,82,52
2,58,ground,Crossbow,1,0,0,1,16,82,82
2,58,ground,Root Drill,1,0,3,0,0,82,83
2,58,carried,Buckler,1,30,0,0,0,85,82
2,58,ground,Fungal Bread,2,0,0,0,0,80,64
2,58,ground,Firecracker,2,0,0,0,0,79,84
2,58,ground,Firecracker,2,0,0,0,0,78,73
2,58,ground,Bow,1,0,0,20,0,47,60
2,58,ground,Thorn Caltrops,2,0,0,0,0,52,101
2,58,ground,Lantern Seed,1,0,0,0,0,58,52
2,58,ground,Lighter,1,0,20,0,0,51,105
2,58,ground,Ammo,1,0,0,0,0,64,100
2,58,ground,Bandage,2,0,0,0,0,100,54
2,58,ground,Herb Bag,1,0,4,0,0,102,81
2,58,ground,Ammo,1,0,0,0,0,29,75
2,58,ground,Ammo,1,0,0,0,0,127,82
2,58,ground,River Fish,4,0,0,0,0,45,56
2,58,ground,River Fish,4,0,0,0,0,55,47
2,58,ground,River Fish,2,0,0,0,0,64,55
2,58,ground,Cooked Meat,2,0,0,0,0,94,81
2,58,ground,Torch,1,90,0,0,0,58,98
2,58,ground,Cooked Meat,2,0,0,0,0,15,65
2,58,wall,Reflecting Pan,1,24,0,0,0,108,82
2,59,ground,Stick,1,18,0,0,0,35,57
2,59,carried,Buckler,1,30,0,0,0,52,29
2,59,carried,Buckler,1,30,0,0,0,55,29
2,59,ground,Bomb,2,0,0,0,0,51,18
2,59,ground,Crossbow,1,0,0,1,16,62,75
2,59,ground,Lighter,1,0,20,0,0,48,74
2,59,ground,Resin Glue,1,0,0,0,0,48,82
2,59,ground,Torch,1,90,0,0,0,8,56
2,59,ground,Rope Hook,1,0,24,0,0,9,56
2,59,ground,Torch,1,90,0,0,0,12,34
2,59,ground,River Fish,4,0,0,0,0,59,98
2,59,ground,Fishing Line,1,0,20,0,0,60,100
2,59,ground,Bow,1,0,0,20,0,42,62
2,59,ground,Blunderbuss,1,0,0,2,14,15,14
2,59,ground,Ammo,1,0,0,0,0,14,15
2,59,ground,Medkit,1,0,0,0,0,19,83
2,59,ground,Lighter,1,0,20,0,0,78,8
2,59,ground,Fungal Bread,1,0,0,0,0,81,16
2,59,ground,Water flask,2,0,0,0,0,58,97
2,59,ground,Ammo,1,0,0,0,0,9,75
2,59,ground,River Fish,2,0,0,0,0,11,25
2,59,ground,River Fish,4,0,0,0,0,12,43
2,59,ground,Boomerang,1,0,0,0,0,1,36
2,59,ground,Sap jar,2,0,0,0,0,22,30
2,60,ground,Stick,1,18,0,0,0,35,35
2,60,carried,Buckler,1,30,0,0,0,66,54
2,60,carried,Buckler,1,30,0,0,0,59,56
2,60,carried,Buckler,1,30,0,0,0,62,54
2,60,carried,Buckler,1,30,0,0,0,61,55
2,60,ground,Torch,1,90,0,0,0,66,56
2,60,ground,Lighter,1,0,20,0,0,64,80
2,60,ground,Lighter,1,0,20,0,0,74,63
2,60,ground,Hunting Spear,1,45,0,0,0,18,76
2,60,ground,Sap jar,2,0,0,0,0,6,79
2,60,ground,River Fish,3,0,0,0,0,15,35
2,60,ground,Digging Claws,1,200,0,0,0,11,14
2,60,ground,Fried Egg,2,0,0,0,0,14,10
2,60,ground,Hatchet,1,35,0,0,0,104,101
2,60,ground,Rope Hook,1,0,24,0,0,105,101
2,60,ground,Torch,1,90,0,0,0,101,77
2,60,ground,Hunting Spear,1,45,0,0,0,32,58
2,60,ground,Thorn Caltrops,2,0,0,0,0,75,83
2,60,ground,Medkit,1,0,0,0,0,51,104
2,60,ground,Bandage,2,0,0,0,0,62,96
2,60,ground,Torch,1,90,0,0,0,51,102
2,60,ground,Ammo,1,0,0,0,0,55,96
2,60,wall,Medkit,1,0,0,0,0,38,50
2,61,ground,Stick,1,18,0,0,0,77,58
2,61,ground,Hatchet,1,35,0,0,0,72,17
2,61,ground,Lighter,1,0,20,0,0,106,28
2,61,ground,Pickaxe,1,32,0,0,0,12,53
2,61,ground,Rope Hook,1,0,24,0,0,13,53
2,61,ground,Torch,1,90,0,0,0,56,57
2,61,ground,Hatchet,1,35,0,0,0,54,81
2,61,ground,Raw Meat,1,0,0,0,0,55,84
2,61,ground,Mushroom spores,2,0,0,0,0,9,99
2,61,ground,Ammo,1,0,0,0,0,30,72
2,61,ground,Pickaxe,1,32,0,0,0,29,101
2,61,ground,Bandage,2,0,0,0,0,37,103
2,61,ground,Medkit,1,0,0,0,0,10,105
2,61,ground,Rake,1,400,0,0,0,13,41
2,61,ground,Ammo,1,0,0,0,0,13,42
2,61,ground,Ammo,1,0,0,0,0,9,104
2,61,ground,Pickaxe,1,32,0,0,0,17,77
2,61,wall,Bear Trap,2,0,0,0,0,42,39
2,61,wall,Boomerang,1,0,0,0,0,60,87
2,62,ground,Stick,1,18,0,0,0,56,80
2,62,ground,Smoke pot,2,0,0,0,0,22,79
2,62,ground,River Fish,5,0,0,0,0,74,59
2,62,ground,Seed Bag,1,0,6,0,0,106,53
2,62,ground,Lighter,1,0,20,0,0,83,57
2,62,ground,Wooden Maul,1,24,0,0,0,56,52
2,62,ground,Hatchet,1,35,0,0,0,15,81
2,62,ground,Rake,1,400,0,0,0,48,51
2,62,ground,Herb Bag,1,0,4,0,0,51,51
2,62,ground,Fried Egg,2,0,0,0,0,80,28
2,62,ground,Fungal Bread,1,0,0,0,0,78,40
2,62,ground,Ammo,1,0,0,0,0,106,27
2,62,ground,Thorn Caltrops,2,0,0,0,0,34,55
2,62,ground,Hatchet,1,35,0,0,0,71,27
2,62,ground,Pickaxe,1,32,0,0,0,69,11
2,62,wall,Sap jar,2,0,0,0,0,27,53
2,63,ground,Stick,1,18,0,0,0,57,37
2,63,carried,Buckler,1,30,0,0,0,50,76
2,63,carried,Buckler,1,30,0,0,0,51,75
2,63,carried,Buckler,1,30,0,0,0,46,73
2,63,carried,Buckler,1,30,0,0,0,36,64
2,63,carried,Buckler,1,30,0,0,0,32,66
2,63,carried,Buckler,1,30,0,0,0,33,60
2,63,carried,Buckler,1,30,0,0,0,51,73
2,63,carried,Buckler,1,30,0,0,0,53,76
2,63,carried,Buckler,1,30,0,0,0,55,68
2,63,carried,Buckler,1,30,0,0,0,53,74
2,63,ground,Torch,1,90,0,0,0,40,73
2,63,ground,Pickaxe,1,32,0,0,0,58,65
2,63,ground,Pickaxe,1,32,0,0,0,36,63
2,63,ground,Wooden Maul,1,24,0,0,0,38,21
2,63,ground,Stick,1,18,0,0,0,76,10
2,63,ground,Hatchet,1,35,0,0,0,49,67
2,63,ground,Bitter Root,1,0,0,0,0,18,52
2,63,ground,Medkit,1,0,0,0,0,31,99
2,63,ground,Bandage,2,0,0,0,0,38,97
2,63,ground,Hatchet,1,35,0,0,0,31,96
2,63,ground,Ammo,1,0,0,0,0,39,102
2,63,ground,River Fish,5,0,0,0,0,78,26
2,63,ground,River Fish,2,0,0,0,0,86,34
2,63,ground,River Fish,4,0,0,0,0,78,41
2,63,ground,Water flask,2,0,0,0,0,70,31
2,63,wall,Shield Lantern,1,24,0,0,0,67,21
2,63,wall,Acorn Mine,2,0,0,0,0,67,67
2,64,ground,Stick,1,18,0,0,0,35,79
2,64,ground,River Fish,3,0,0,0,0,58,82
2,64,ground,Straw Decoy,1,0,0,0,0,34,90
2,64,ground,Water flask,2,0,0,0,0,53,82
2,64,ground,Mushroom spores,2,0,0,0,0,54,101
2,64,ground,Herb Bag,1,0,4,0,0,33,98
2,64,ground,Fungal Bread,1,0,0,0,0,80,101
2,64,ground,Thunder Acorn,2,0,0,0,0,80,125
2,64,ground,Ammo,1,0,0,0,0,80,126
2,64,ground,Ammo,1,0,0,0,0,75,10
2,64,ground,Hatchet,1,35,0,0,0,39,104
2,64,ground,Resin Glue,1,0,0,0,0,61,97
2,64,wall,Fried Egg,2,0,0,0,0,70,75
2,65,ground,Stick,1,18,0,0,0,11,81
2,65,ground,Digging Claws,1,200,0,0,0,49,77
2,65,ground,Digging Claws,1,200,0,0,0,51,72
2,65,ground,Hand Bell,1,0,80,0,0,63,83
2,65,ground,Bow,1,0,0,20,0,79,39
2,65,ground,Rope Hook,1,0,24,0,0,80,39
2,65,ground,Torch,1,90,0,0,0,57,35
2,65,ground,Pickaxe,1,32,0,0,0,34,16
2,65,ground,Straw Decoy,1,0,0,0,0,37,27
2,65,ground,Buckler,1,30,0,0,0,39,7
2,65,ground,Hunting Horn,1,0,8,0,0,31,9
2,65,ground,Seed Bag,1,0,6,0,0,81,84
2,65,ground,Bird Seed,1,0,0,0,0,10,53
2,65,ground,Bandage,2,0,0,0,0,13,65
2,65,ground,Resin Glue,1,0,0,0,0,32,59
2,65,ground,Ammo,1,0,0,0,0,33,50
2,65,ground,Pickaxe,1,32,0,0,0,36,81
2,65,ground,Ammo,1,0,0,0,0,31,74
2,65,ground,Medkit,1,0,0,0,0,14,33
2,65,ground,Ammo,1,0,0,0,0,15,34
2,65,wall,Cooked Meat,2,0,0,0,0,25,54
2,66,ground,Stick,1,18,0,0,0,35,13
2,66,ground,Torch,1,90,0,0,0,14,77
2,66,ground,Hatchet,1,35,0,0,0,16,9
2,66,ground,Torch,1,90,0,0,0,14,8
2,66,ground,Torch,1,90,0,0,0,16,39
2,66,ground,Root Drill,1,0,3,0,0,16,40
2,66,carried,Buckler,1,30,0,0,0,14,41
2,66,ground,Firecracker,2,0,0,0,0,8,42
2,66,ground,River Fish,5,0,0,0,0,56,62
2,66,ground,Hatchet,1,35,0,0,0,7,56
2,66,ground,Bitter Root,1,0,0,0,0,31,34
2,66,ground,Rake,1,400,0,0,0,33,59
2,66,ground,Ammo,1,0,0,0,0,33,62
2,66,ground,Herb Bag,1,0,4,0,0,81,52
2,66,ground,Herb Bag,1,0,4,0,0,75,31
2,66,ground,Ammo,1,0,0,0,0,38,77
2,66,ground,Fried Egg,2,0,0,0,0,82,37
2,66,ground,Lighter,1,0,20,0,0,76,40
2,66,wall,Sleep Meds,3,0,0,0,0,70,36
2,67,ground,Stick,1,18,0,0,0,78,58
2,67,ground,Flint Knife,1,60,0,0,0,47,34
2,67,ground,Chili,1,0,0,0,0,54,17
2,67,ground,Spring Trap,2,0,0,0,0,35,55
2,67,ground,Sap jar,2,0,0,0,0,38,82
2,67,ground,Rope Snare,2,0,0,0,0,37,72
2,67,ground,Hatchet,1,35,0,0,0,74,29
2,67,ground,Torch,1,90,0,0,0,74,28
2,67,ground,Crossbow,1,0,0,1,16,103,29
2,67,ground,Root Drill,1,0,3,0,0,104,29
2,67,carried,Buckler,1,30,0,0,0,105,28
2,67,carried,Buckler,1,30,0,0,0,86,31
2,67,ground,Firecracker,2,0,0,0,0,96,40
2,67,ground,Fungal Bread,2,0,0,0,0,101,36
2,67,ground,Wooden Maul,1,24,0,0,0,38,63
2,67,ground,Ammo,1,0,0,0,0,57,54
2,67,ground,Rake,1,400,0,0,0,53,75
2,67,ground,Fungal Bread,1,0,0,0,0,60,74
2,67,ground,Hatchet,1,35,0,0,0,102,10
2,67,ground,Ammo,1,0,0,0,0,99,8
2,67,ground,Medkit,1,0,0,0,0,3,40
2,67,ground,Ammo,1,0,0,0,0,12,35
2,67,ground,Pitch Bomb,2,0,0,0,0,94,10
2,67,wall,Bow,1,0,0,20,0,23,34
2,68,ground,Stick,1,18,0,0,0,77,59
2,68,ground,Pickaxe,1,32,0,0,0,42,86
2,68,ground,River Fish,6,0,0,0,0,57,98
2,68,ground,Bow,1,0,0,20,0,55,115
2,68,ground,Digging Claws,1,200,0,0,0,60,107
2,68,ground,Hunting Horn,1,0,8,0,0,53,123
2,68,ground,Hatchet,1,35,0,0,0,38,39
2,68,ground,Torch,1,90,0,0,0,39,38
2,68,ground,Hatchet,1,35,0,0,0,8,39
2,68,ground,Root Drill,1,0,3,0,0,8,38
2,68,carried,Buckler,1,30,0,0,0,26,42
2,68,carried,Buckler,1,30,0,0,0,30,41
2,68,carried,Buckler,1,30,0,0,0,35,40
2,68,ground,Firecracker,2,0,0,0,0,18,41
2,68,ground,Fungal Bread,2,0,0,0,0,7,30
2,68,ground,Firecracker,2,0,0,0,0,9,36
2,68,ground,Rope Snare,2,0,0,0,0,62,58
2,68,ground,Resin Glue,1,0,0,0,0,76,82
2,68,ground,Ammo,1,0,0,0,0,72,71
2,68,ground,Pitch Bomb,2,0,0,0,0,38,8
2,68,ground,Ammo,1,0,0,0,0,35,10
2,68,ground,Medkit,1,0,0,0,0,14,50
2,68,ground,Bandage,2,0,0,0,0,12,62
2,68,ground,Stick,1,18,0,0,0,15,59
2,68,ground,Ammo,1,0,0,0,0,11,61
2,68,stored,Oil flask,2,0,0,0,0,49,110
2,68,stored,Fungal Bread,1,0,0,0,0,46,108
2,68,stored,Rake,1,400,0,0,0,19,57
2,68,ground,Torch,1,90,0,0,0,19,65
2,69,ground,Stick,1,18,0,0,0,79,14
2,69,ground,Bow,1,0,0,20,0,9,75
2,69,ground,Oil flask,2,0,0,0,0,25,71
2,69,ground,Rake,1,400,0,0,0,18,73
2,69,ground,Smoke pot,2,0,0,0,0,13,61
2,69,ground,Stick,1,18,0,0,0,37,34
2,69,ground,Rope Hook,1,0,24,0,0,38,34
2,69,ground,Torch,1,90,0,0,0,33,13
2,69,ground,Flint Knife,1,60,0,0,0,100,14
2,69,ground,Lighter,1,0,20,0,0,52,10
2,69,ground,Herb Bag,1,0,4,0,0,62,16
2,69,ground,Ammo,1,0,0,0,0,12,8
2,69,ground,Lighter,1,0,20,0,0,50,30
2,69,ground,Ammo,1,0,0,0,0,61,44
2,69,ground,Ammo,1,0,0,0,0,79,40
2,69,ground,Medkit,1,0,0,0,0,94,16
2,69,ground,Rake,1,400,0,0,0,19,40
2,69,ground,Mushroom spores,2,0,0,0,0,7,10
2,70,ground,Stick,1,18,0,0,0,33,58
2,70,carried,Buckler,1,30,0,0,0,70,48
2,70,carried,Buckler,1,30,0,0,0,73,46
2,70,carried,Buckler,1,30,0,0,0,74,52
2,70,ground,Torch,1,90,0,0,0,67,43
2,70,ground,River Fish,5,0,0,0,0,44,27
2,70,ground,Flint Knife,1,60,0,0,0,9,28
2,70,ground,Rake,1,400,0,0,0,4,33
2,70,ground,River Fish,6,0,0,0,0,36,80
2,70,ground,Pickaxe,1,32,0,0,0,71,54
2,70,ground,Water flask,2,0,0,0,0,39,75
2,70,ground,Medkit,1,0,0,0,0,55,13
2,70,ground,Herb Bag,1,0,4,0,0,55,14
2,70,ground,Ammo,1,0,0,0,0,95,38
2,70,ground,Ammo,1,0,0,0,0,53,76
2,70,ground,Herb Bag,1,0,4,0,0,75,74
2,70,ground,Ammo,1,0,0,0,0,103,13
2,70,ground,River Fish,2,0,0,0,0,23,64
2,70,ground,River Fish,4,0,0,0,0,35,37
2,70,ground,River Fish,5,0,0,0,0,43,29
2,71,ground,Stick,1,18,0,0,0,78,79
2,71,ground,River Fish,3,0,0,0,0,106,74
2,71,ground,Smoke pot,2,0,0,0,0,98,105
2,71,ground,Boomerang,1,0,0,0,0,102,99
2,71,ground,Flint Knife,1,60,0,0,0,99,72
2,71,ground,Raw Meat,2,0,0,0,0,105,105
2,71,ground,Hatchet,1,35,0,0,0,53,77
2,71,ground,Rope Hook,1,0,24,0,0,54,77
2,71,ground,Torch,1,90,0,0,0,55,56
2,71,ground,River Fish,3,0,0,0,0,76,58
2,71,ground,River Fish,6,0,0,0,0,98,54
2,71,ground,Fishing Line,1,0,20,0,0,96,57
2,71,ground,Mushroom spores,2,0,0,0,0,36,52
2,71,ground,Mushroom spores,2,0,0,0,0,78,54
2,71,ground,Water flask,2,0,0,0,0,102,56
2,71,ground,Ammo,1,0,0,0,0,58,7
2,71,ground,Bandage,2,0,0,0,0,18,33
2,71,ground,Medkit,1,0,0,0,0,27,55
2,71,ground,Ammo,1,0,0,0,0,33,50
2,71,ground,River Fish,4,0,0,0,0,95,69
2,71,ground,River Fish,2,0,0,0,0,96,79
2,71,ground,River Fish,2,0,0,0,0,107,87
2,71,ground,Sap jar,2,0,0,0,0,46,27
2,71,ground,Fried Egg,2,0,0,0,0,68,69
2,71,ground,Bomb,2,0,0,0,0,84,64
2,71,ground,Pickaxe,1,32,0,0,0,54,22
2,71,wall,Crossbow,1,0,0,1,16,28,35
2,72,ground,Stick,1,18,0,0,0,35,79
2,72,ground,River Fish,5,0,0,0,0,36,54
2,72,ground,Hatchet,1,35,0,0,0,27,28
2,72,ground,Raw Meat,2,0,0,0,0,36,56
2,72,ground,Pickaxe,1,32,0,0,0,77,73
2,72,ground,Rope Hook,1,0,24,0,0,78,73
2,72,ground,Torch,1,90,0,0,0,56,79
2,72,ground,River Fish,6,0,0,0,0,97,82
2,72,ground,Fishing Line,1,0,20,0,0,96,81
2,72,ground,River Fish,4,0,0,0,0,8,56
2,72,ground,Bear Trap,2,0,0,0,0,44,76
2,72,ground,Water flask,2,0,0,0,0,93,76
2,72,ground,Mushroom spores,2,0,0,0,0,96,97
2,72,ground,Ammo,1,0,0,0,0,72,53
2,72,ground,Medkit,1,0,0,0,0,53,59
2,72,ground,Boomerang,1,0,0,0,0,2,39
2,72,ground,Ammo,1,0,0,0,0,18,36
2,72,ground,Bandage,2,0,0,0,0,55,53
2,72,ground,Ammo,1,0,0,0,0,53,52
2,72,stored,Scarecrow,1,0,0,0,0,107,99
2,72,stored,Sleep Meds,3,0,0,0,0,81,54
2,72,ground,Stick,1,18,0,0,0,89,89
2,72,wall,Acorn Mine,2,0,0,0,0,110,98
2,73,ground,Stick,1,18,0,0,0,13,59
2,73,ground,Stick,1,18,0,0,0,51,77
2,73,ground,Throwing Net,2,0,0,0,0,52,77
2,73,ground,Torch,1,90,0,0,0,57,57
2,73,ground,Thorn Caltrops,2,0,0,0,0,82,76
2,73,ground,Ammo,1,0,0,0,0,15,40
2,73,ground,Ammo,1,0,0,0,0,31,56
2,73,ground,Bird Seed,1,0,0,0,0,32,38
2,73,ground,Fungal Bread,1,0,0,0,0,40,36
2,73,ground,Medkit,1,0,0,0,0,78,83
2,73,ground,Hatchet,1,35,0,0,0,55,39
2,73,ground,Ammo,1,0,0,0,0,56,35
2,73,ground,Water flask,2,0,0,0,0,78,54
2,73,ground,River Fish,3,0,0,0,0,65,75
2,73,ground,River Fish,4,0,0,0,0,69,63
2,73,stored,Buckler,1,30,0,0,0,36,37
2,74,ground,Stick,1,18,0,0,0,56,36
2,74,ground,Bandage,3,0,0,0,0,100,96
2,74,ground,Firecracker,3,0,0,0,0,104,55
2,74,ground,Root Drill,1,0,3,0,0,96,104
2,74,ground,Torch,1,90,0,0,0,11,39
2,74,ground,Honey pot,1,0,0,0,0,15,36
2,74,ground,Shield Lantern,1,24,0,0,0,69,26
2,74,ground,Sleep Meds,3,0,0,0,0,57,58
2,74,ground,Fungal Bread,1,0,0,0,0,51,54
2,74,ground,Rake,1,400,0,0,0,69,27
2,74,ground,Bandage,2,0,0,0,0,78,35
2,74,ground,Ammo,1,0,0,0,0,100,13
2,74,stored,Bow,1,0,0,20,0,76,40
2,74,stored,Wooden Maul,1,24,0,0,0,82,37
2,74,ground,Sleep Meds,3,0,0,0,0,93,35
2,74,ground,Thorn Caltrops,2,0,0,0,0,83,46
2,75,ground,Stick,1,18,0,0,0,33,79
2,75,ground,Seed Bag,1,0,6,0,0,50,44
2,75,ground,River Fish,4,0,0,0,0,9,32
2,75,ground,River Fish,6,0,0,0,0,9,10
2,75,ground,Fishing Line,1,0,20,0,0,9,13
2,75,ground,Sap jar,2,0,0,0,0,7,30
2,75,ground,Water flask,2,0,0,0,0,35,54
2,75,ground,Rope Hook,1,0,24,0,0,38,97
2,75,ground,Ammo,1,0,0,0,0,42,100
2,75,ground,Rake,1,400,0,0,0,15,61
2,75,ground,Herb Bag,1,0,4,0,0,11,50
2,75,ground,Ammo,1,0,0,0,0,11,78
2,75,ground,Medkit,1,0,0,0,0,73,79
2,75,ground,Ammo,1,0,0,0,0,81,82
2,75,ground,River Fish,5,0,0,0,0,23,63
2,75,ground,River Fish,3,0,0,0,0,12,70
2,75,ground,Hatchet,1,35,0,0,0,27,28
2,75,ground,Lighter,1,0,20,0,0,36,48
2,75,wall,Mushroom spores,2,0,0,0,0,13,24
2,76,ground,Stick,1,18,0,0,0,78,59
2,76,ground,Bow,1,0,0,20,0,34,95
2,76,ground,Rope Hook,1,0,24,0,0,35,95
2,76,ground,Torch,1,90,0,0,0,79,99
2,76,ground,Hatchet,1,35,0,0,0,39,73
2,76,ground,Torch,1,90,0,0,0,39,72
2,76,ground,Pickaxe,1,32,0,0,0,9,73
2,76,ground,Root Drill,1,0,3,0,0,9,72
2,76,carried,Buckler,1,30,0,0,0,15,71
2,76,ground,Fungal Bread,2,0,0,0,0,8,75
2,76,ground,River Fish,6,0,0,0,0,83,83
2,76,ground,River Fish,3,0,0,0,0,35,29
2,76,ground,Fishing Line,1,0,20,0,0,35,28
2,76,ground,Spring Trap,2,0,0,0,0,39,71
2,76,ground,Water flask,2,0,0,0,0,84,74
2,76,ground,Rake,1,400,0,0,0,52,53
2,76,ground,Herb Bag,1,0,4,0,0,47,49
2,76,ground,Ammo,1,0,0,0,0,30,55
2,76,ground,Ammo,1,0,0,0,0,11,37
2,76,ground,Medkit,1,0,0,0,0,13,18
2,76,ground,Ammo,1,0,0,0,0,16,11
2,76,ground,River Fish,3,0,0,0,0,55,104
2,76,ground,Throwing Rock,3,0,0,0,0,57,87
2,76,ground,Smoke pot,2,0,0,0,0,55,63
2,76,ground,Fried Egg,2,0,0,0,0,37,36
2,76,ground,Sap jar,2,0,0,0,0,28,28
2,77,ground,Stick,1,18,0,0,0,33,57
2,77,ground,River Fish,3,0,0,0,0,51,80
2,77,ground,Pickaxe,1,32,0,0,0,58,101
2,77,ground,Throwing Rock,3,0,0,0,0,55,78
2,77,ground,Torch,1,90,0,0,0,55,16
2,77,ground,Throwing Net,2,0,0,0,0,56,16
2,77,ground,Torch,1,90,0,0,0,33,13
2,77,ground,Flint Knife,1,60,0,0,0,34,101
2,77,ground,Rake,1,400,0,0,0,42,102
2,77,ground,River Fish,3,0,0,0,0,41,31
2,77,ground,Fishing Line,1,0,20,0,0,41,34
2,77,ground,Hatchet,1,35,0,0,0,13,105
2,77,ground,Mushroom spores,2,0,0,0,0,29,41
2,77,ground,Torch,1,90,0,0,0,80,11
2,77,ground,Bandage,2,0,0,0,0,75,12
2,77,ground,Medkit,1,0,0,0,0,8,99
2,77,ground,Ammo,1,0,0,0,0,2,96
2,77,ground,Rake,1,400,0,0,0,64,61
2,77,ground,Smoke pot,2,0,0,0,0,59,54
2,78,ground,Stick,1,18,0,0,0,77,80
2,78,ground,Bow,1,0,0,20,0,56,90
2,78,ground,Reflecting Pan,1,24,0,0,0,36,33
2,78,ground,Oil flask,1,0,0,0,0,87,56
2,78,ground,Ammo,1,0,0,0,0,37,53
2,78,ground,Pocket Door,1,0,2,0,0,60,20
2,78,ground,Ammo,1,0,0,0,0,58,10
2,78,ground,Medkit,1,0,0,0,0,10,78
2,78,ground,Bandage,2,0,0,0,0,10,81
2,78,ground,Hatchet,1,35,0,0,0,16,87
2,78,ground,Ammo,1,0,0,0,0,19,82
2,78,ground,River Fish,5,0,0,0,0,35,62
2,78,ground,River Fish,5,0,0,0,0,34,49
2,78,ground,Hatchet,1,35,0,0,0,48,39
2,78,ground,Torch,1,90,0,0,0,80,52
2,79,ground,Stick,1,18,0,0,0,77,36
2,79,ground,Bow,1,0,0,20,0,47,37
2,79,ground,Pickaxe,1,32,0,0,0,58,40
2,79,ground,Ammo,1,0,0,0,0,57,31
2,79,ground,Sap jar,1,0,0,0,0,52,49
2,79,ground,Herb Bag,1,0,4,0,0,40,59
2,79,ground,Bandage,3,0,0,0,0,81,52
2,79,ground,Ammo,1,0,0,0,0,82,56
2,79,ground,Bandage,2,0,0,0,0,16,56
2,79,ground,Ammo,1,0,0,0,0,8,37
2,79,stored,Sap jar,2,0,0,0,0,31,40
2,79,ground,Rope Snare,2,0,0,0,0,61,50
2,79,wall,Fungal Bread,1,0,0,0,0,50,60
2,80,ground,Stick,1,18,0,0,0,77,36
2,80,ground,River Fish,6,0,0,0,0,30,28
2,80,ground,Pickaxe,1,32,0,0,0,40,53
2,80,ground,Hatchet,1,35,0,0,0,24,33
2,80,ground,Pickaxe,1,32,0,0,0,123,59
2,80,ground,Hunting Spear,1,45,0,0,0,127,61
2,80,ground,Hatchet,1,35,0,0,0,61,7
2,80,ground,Torch,1,90,0,0,0,61,6
2,80,ground,Bow,1,0,0,20,0,29,7
2,80,ground,Root Drill,1,0,3,0,0,28,7
2,80,carried,Buckler,1,30,0,0,0,36,10
2,80,ground,Firecracker,2,0,0,0,0,30,4
2,80,ground,Firecracker,2,0,0,0,0,59,5
2,80,ground,Fungal Bread,2,0,0,0,0,52,13
2,80,ground,River Fish,5,0,0,0,0,9,33
2,80,ground,Fishing Line,1,0,20,0,0,7,31
2,80,ground,Mushroom spores,2,0,0,0,0,84,37
2,80,ground,Mushroom spores,2,0,0,0,0,17,35
2,80,ground,Medkit,1,0,0,0,0,121,31
2,80,ground,Bandage,2,0,0,0,0,117,32
2,80,ground,Wooden Maul,1,24,0,0,0,119,36
2,80,ground,Ammo,1,0,0,0,0,127,37
2,80,ground,Buckler,1,30,0,0,0,102,34
2,80,wall,Cooked Meat,2,0,0,0,0,30,20
2,81,ground,Stick,1,18,0,0,0,12,57
2,81,ground,River Fish,5,0,0,0,0,39,52
2,81,ground,Sap jar,2,0,0,0,0,38,36
2,81,ground,Rope Snare,2,0,0,0,0,34,56
2,81,ground,Chili,1,0,0,0,0,34,63
2,81,ground,River Fish,4,0,0,0,0,64,56
2,81,ground,Fishing Line,1,0,20,0,0,65,59
2,81,ground,River Fish,4,0,0,0,0,54,80
2,81,ground,Digging Claws,1,200,0,0,0,60,39
2,81,ground,Hunting Horn,1,0,8,0,0,9,12
2,81,ground,Throwing Rock,3,0,0,0,0,9,41
2,81,ground,Bandage,2,0,0,0,0,15,27
2,81,ground,Water flask,2,0,0,0,0,55,61
2,81,ground,Medkit,1,0,0,0,0,83,42
2,81,ground,Thunder Acorn,2,0,0,0,0,55,106
2,81,ground,Ammo,1,0,0,0,0,52,102
2,81,ground,Ammo,1,0,0,0,0,40,10
2,81,ground,Ammo,1,0,0,0,0,81,37
2,81,ground,Wooden Maul,1,24,0,0,0,33,2
2,81,wall,Sap jar,2,0,0,0,0,11,19
2,82,ground,Stick,1,18,0,0,0,57,80
2,82,ground,Crossbow,1,0,0,1,16,77,52
2,82,ground,Rope Hook,1,0,24,0,0,78,52
2,82,ground,Torch,1,90,0,0,0,57,57
2,82,ground,Hatchet,1,35,0,0,0,31,77
2,82,ground,Water flask,2,0,0,0,0,31,102
2,82,ground,Pitch Bomb,2,0,0,0,0,32,105
2,82,ground,Rake,1,400,0,0,0,32,37
2,82,ground,Herb Bag,1,0,4,0,0,33,38
2,82,ground,Ammo,1,0,0,0,0,10,40
2,82,ground,Torch,1,90,0,0,0,78,99
2,82,ground,Straw Decoy,1,0,0,0,0,79,77
2,82,ground,Ammo,1,0,0,0,0,71,85
2,82,ground,Medkit,1,0,0,0,0,59,39
2,82,ground,Ammo,1,0,0,0,0,54,31
2,82,ground,Mushroom spores,2,0,0,0,0,24,29
2,82,wall,Torch,1,90,0,0,0,32,67
2,83,ground,Stick,1,18,0,0,0,57,80
2,83,ground,Wooden Maul,1,24,0,0,0,24,75
2,83,ground,Raw Meat,2,0,0,0,0,20,56
2,83,ground,Torch,1,90,0,0,0,32,67
2,83,ground,Pickaxe,1,32,0,0,0,79,49
2,83,ground,Hatchet,1,35,0,0,0,55,58
2,83,ground,Sap jar,2,0,0,0,0,61,45
2,83,ground,Seed Bag,1,0,6,0,0,35,66
2,83,ground,Rotten Fruit,3,0,0,0,0,62,17
2,83,ground,Herb Bag,1,0,4,0,0,59,2
2,83,ground,Hatchet,1,35,0,0,0,81,18
2,83,ground,Ammo,1,0,0,0,0,85,10
2,83,ground,Medkit,1,0,0,0,0,33,9
2,83,ground,Ammo,1,0,0,0,0,30,6
2,83,ground,Throwing Rock,3,0,0,0,0,71,11
2,83,ground,Acorn Mine,2,0,0,0,0,80,7
2,83,ground,Rope Hook,1,0,24,0,0,32,35
2,83,wall,Thorn Caltrops,2,0,0,0,0,48,3
2,84,ground,Stick,1,18,0,0,0,55,37
2,84,ground,Hatchet,1,35,0,0,0,53,61
2,84,ground,Torch,1,90,0,0,0,52,61
2,84,ground,Stick,1,18,0,0,0,83,61
2,84,ground,Root Drill,1,0,3,0,0,84,59
2,84,carried,Buckler,1,30,0,0,0,58,63
2,84,carried,Buckler,1,30,0,0,0,76,59
2,84,ground,Firecracker,2,0,0,0,0,50,57
2,84,ground,Firecracker,2,0,0,0,0,63,64
2,84,ground,Firecracker,2,0,0,0,0,52,57
2,84,ground,Seed Bag,1,0,6,0,0,57,54
2,84,ground,Bow,1,0,0,20,0,57,18
2,84,ground,Bandage,2,0,0,0,0,54,15
2,84,ground,Mushroom spores,2,0,0,0,0,85,13
2,84,ground,Bandage,2,0,0,0,0,98,38
2,84,ground,Ammo,1,0,0,0,0,30,73
2,84,ground,Ammo,1,0,0,0,0,17,75
2,84,ground,Sap jar,2,0,0,0,0,71,12
2,85,ground,Stick,1,18,0,0,0,79,35
2,85,ground,River Fish,5,0,0,0,0,41,15
2,85,ground,Seed Bag,1,0,6,0,0,51,30
2,85,ground,Resin Glue,1,0,0,0,0,80,47
2,85,ground,Ammo,1,0,0,0,0,86,55
2,85,ground,Ammo,1,0,0,0,0,61,65
2,85,ground,Ammo,1,0,0,0,0,90,51
2,85,ground,Hatchet,1,35,0,0,0,37,37
2,85,ground,Fungal Bread,1,0,0,0,0,95,40
2,85,ground,Medkit,1,0,0,0,0,119,32
2,85,ground,River Fish,5,0,0,0,0,82,84
2,85,ground,River Fish,2,0,0,0,0,72,92
2,85,stored,Fried Egg,2,0,0,0,0,53,4
2,85,stored,Crossbow,1,0,0,1,16,51,12
2,85,stored,Stick,1,18,0,0,0,28,13
2,85,ground,Bear Trap,2,0,0,0,0,106,41
2,85,ground,Torch,1,90,0,0,0,79,90
2,85,ground,Rope Hook,1,0,24,0,0,37,26
2,86,ground,Stick,1,18,0,0,0,33,15
2,86,ground,Flint Knife,1,60,0,0,0,44,51
2,86,ground,Chili,1,0,0,0,0,46,33
2,86,ground,Water flask,2,0,0,0,0,37,42
2,86,ground,Pickaxe,1,32,0,0,0,56,83
2,86,ground,Rope Hook,1,0,24,0,0,57,83
2,86,ground,Torch,1,90,0,0,0,33,77
2,86,ground,Mushroom spores,2,0,0,0,0,9,36
2,86,ground,Lantern Seed,1,0,0,0,0,15,39
2,86,ground,Rake,1,400,0,0,0,55,14
2,86,ground,Fungal Bread,1,0,0,0,0,53,11
2,86,ground,Acorn Mine,2,0,0,0,0,18,50
2,86,ground,Ammo,1,0,0,0,0,17,50
2,86,ground,Medkit,1,0,0,0,0,5,75
2,86,ground,Ammo,1,0,0,0,0,14,82
2,86,ground,Wooden Maul,1,24,0,0,0,75,85
2,86,wall,Stick,1,18,0,0,0,79,63
2,86,wall,Acorn Mine,2,0,0,0,0,21,76
2,87,ground,Stick,1,18,0,0,0,33,35
2,87,ground,Sleep Meds,3,0,0,0,0,33,68
2,87,ground,Pickaxe,1,32,0,0,0,36,51
2,87,ground,Rope Snare,2,0,0,0,0,47,70
2,87,ground,Pickaxe,1,32,0,0,0,78,16
2,87,ground,Throwing Net,2,0,0,0,0,79,16
2,87,ground,Torch,1,90,0,0,0,57,12
2,87,ground,Hatchet,1,35,0,0,0,52,34
2,87,ground,Raw Meat,1,0,0,0,0,55,31
2,87,ground,Digging Claws,1,200,0,0,0,17,54
2,87,ground,Thorn Caltrops,1,0,0,0,0,52,37
2,87,ground,Lighter,1,0,20,0,0,10,47
2,87,ground,Ammo,1,0,0,0,0,10,61
2,87,ground,Lighter,1,0,20,0,0,38,12
2,87,ground,Ammo,1,0,0,0,0,31,4
2,87,ground,Medkit,1,0,0,0,0,91,9
2,87,ground,Ammo,1,0,0,0,0,57,96
2,87,ground,Bandage,2,0,0,0,0,107,12
2,87,ground,Lighter,1,0,20,0,0,73,25
2,87,ground,Reflecting Pan,1,24,0,0,0,51,101
2,87,ground,Seed Bag,1,0,6,0,0,6,51
2,87,wall,Fried Egg,2,0,0,0,0,3,60
2,88,ground,Stick,1,18,0,0,0,79,59
2,88,ground,Cooked Meat,2,0,0,0,0,37,47
2,88,ground,Hatchet,1,35,0,0,0,81,96
2,88,ground,Torch,1,90,0,0,0,81,95
2,88,ground,Hatchet,1,35,0,0,0,81,126
2,88,ground,Root Drill,1,0,3,0,0,81,127
2,88,carried,Buckler,1,30,0,0,0,84,124
2,88,carried,Buckler,1,30,0,0,0,85,107
2,88,ground,Firecracker,2,0,0,0,0,69,101
2,88,ground,Firecracker,2,0,0,0,0,77,101
2,88,ground,River Fish,5,0,0,0,0,74,84
2,88,ground,Bow,1,0,0,20,0,15,58
2,88,ground,Mushroom spores,2,0,0,0,0,59,54
2,88,ground,Water flask,2,0,0,0,0,75,80
2,88,ground,Fungal Bread,1,0,0,0,0,61,38
2,88,ground,Rake,1,400,0,0,0,62,14
2,88,ground,Ammo,1,0,0,0,0,64,14
2,88,ground,Medkit,1,0,0,0,0,36,10
2,88,ground,Ammo,1,0,0,0,0,36,11
2,88,ground,Sleep Meds,3,0,0,0,0,74,114
2,88,wall,Digging Claws,1,200,0,0,0,10,23
2,88,wall,Bow,1,0,0,20,0,52,41
2,89,ground,Stick,1,18,0,0,0,78,57
2,89,ground,Pickaxe,1,32,0,0,0,39,69
2,89,ground,Bow,1,0,0,20,0,59,77
2,89,ground,Bird Seed,3,0,0,0,0,60,75
2,89,ground,Pickaxe,1,32,0,0,0,61,83
2,89,ground,Crossbow,1,0,0,1,16,44,70
2,89,ground,Bitter Root,1,0,0,0,0,6,29
2,89,ground,Medkit,1,0,0,0,0,56,98
2,89,ground,Thunder Acorn,2,0,0,0,0,4,92
2,89,ground,Ammo,1,0,0,0,0,20,98
2,89,ground,Bandage,2,0,0,0,0,52,101
2,89,ground,Pickaxe,1,32,0,0,0,51,101
2,89,ground,Ammo,1,0,0,0,0,53,103
2,89,ground,Pitch Bomb,2,0,0,0,0,4,14
2,89,ground,Acorn Mine,2,0,0,0,0,14,31
2,89,ground,Acorn Mine,2,0,0,0,0,22,44
2,89,wall,Sticky Boots,1,0,4,0,0,16,38
2,90,ground,Stick,1,18,0,0,0,79,59
2,90,ground,River Fish,5,0,0,0,0,29,50
2,90,ground,Torch,1,90,0,0,0,42,81
2,90,ground,Splint,1,0,2,0,0,36,63
2,90,ground,Stick,1,18,0,0,0,59,35
2,90,ground,Rope Hook,1,0,24,0,0,60,35
2,90,ground,Torch,1,90,0,0,0,57,56
2,90,ground,Sap jar,2,0,0,0,0,13,96
2,90,ground,Thunder Acorn,2,0,0,0,0,9,103
2,90,ground,River Fish,5,0,0,0,0,8,52
2,90,ground,River Fish,3,0,0,0,0,81,80
2,90,ground,Buckler,1,30,0,0,0,52,73
2,90,ground,Mushroom spores,2,0,0,0,0,3,59
2,90,ground,Medkit,1,0,0,0,0,35,101
2,90,ground,Water flask,2,0,0,0,0,75,82
2,90,ground,Blink Seed,2,0,0,0,0,52,10
2,90,ground,Ammo,1,0,0,0,0,47,10
2,90,ground,Bandage,2,0,0,0,0,37,103
2,90,ground,Ammo,1,0,0,0,0,36,96
2,90,ground,River Fish,2,0,0,0,0,73,73
2,90,ground,River Fish,3,0,0,0,0,83,41
2,90,ground,Resin Glue,1,0,0,0,0,57,75
2,90,ground,Bomb,2,0,0,0,0,18,51
2,90,ground,Sticky Boots,1,0,4,0,0,61,85
2,90,wall,Hatchet,1,35,0,0,0,72,100
2,91,ground,Stick,1,18,0,0,0,13,81
2,91,ground,Rope Hook,1,0,24,0,0,79,54
2,91,ground,Oil flask,2,0,0,0,0,32,52
2,91,ground,Bow,1,0,0,20,0,84,60
2,91,ground,Hatchet,1,35,0,0,0,31,38
2,91,ground,Torch,1,90,0,0,0,30,36
2,91,ground,Bow,1,0,0,20,0,59,38
2,91,ground,Root Drill,1,0,3,0,0,60,38
2,91,carried,Buckler,1,30,0,0,0,55,37
2,91,carried,Buckler,1,30,0,0,0,35,34
2,91,carried,Buckler,1,30,0,0,0,59,29
2,91,ground,Firecracker,2,0,0,0,0,51,33
2,91,ground,River Fish,3,0,0,0,0,37,80
2,91,ground,Seed Bag,1,0,6,0,0,34,4
2,91,ground,Mushroom spores,2,0,0,0,0,32,76
2,91,ground,Ammo,1,0,0,0,0,38,9
2,91,ground,Rake,1,400,0,0,0,74,80
2,91,ground,Herb Bag,1,0,4,0,0,83,75
2,91,ground,Fungal Bread,1,0,0,0,0,78,122
2,91,ground,Ammo,1,0,0,0,0,13,6
2,91,ground,River Fish,2,0,0,0,0,59,100
2,91,ground,River Fish,4,0,0,0,0,73,123
2,91,ground,Wooden Maul,1,24,0,0,0,65,42
2,91,ground,Fried Egg,2,0,0,0,0,41,21
2,91,wall,Thorn Caltrops,2,0,0,0,0,78,114
2,92,ground,Stick,1,18,0,0,0,79,14
2,92,ground,Cooked Meat,2,0,0,0,0,72,59
2,92,ground,Stick,1,18,0,0,0,121,11
2,92,ground,Digging Claws,1,200,0,0,0,103,31
2,92,ground,Digging Claws,1,200,0,0,0,108,15
2,92,ground,Pickaxe,1,32,0,0,0,92,29
2,92,ground,Bow,1,0,0,20,0,104,39
2,92,ground,Seed Bag,1,0,6,0,0,51,17
2,92,ground,Resin Glue,1,0,0,0,0,63,9
2,92,ground,Ammo,1,0,0,0,0,56,9
2,92,ground,Medkit,1,0,0,0,0,41,32
2,92,ground,Ammo,1,0,0,0,0,10,61
2,92,ground,Bandage,2,0,0,0,0,42,34
2,92,ground,Hatchet,1,35,0,0,0,29,39
2,92,ground,Ammo,1,0,0,0,0,27,39
2,92,ground,River Fish,5,0,0,0,0,67,31
2,92,ground,River Fish,2,0,0,0,0,66,17
2,92,ground,River Fish,4,0,0,0,0,54,12
2,92,stored,Throwing Rock,3,0,0,0,0,8,56
2,92,stored,Bandaid,5,0,0,0,0,13,55
2,92,stored,Crossbow,1,0,0,1,16,11,58
2,92,ground,Fried Egg,2,0,0,0,0,40,59
2,92,ground,Straw Decoy,1,0,0,0,0,127,34
2,93,ground,Stick,1,18,0,0,0,56,14
2,93,ground,River Fish,3,0,0,0,0,33,14
2,93,ground,River Fish,3,0,0,0,0,38,37
2,93,ground,Fishing Line,1,0,20,0,0,37,33
2,93,ground,Bow,1,0,0,20,0,59,59
2,93,ground,Rake,1,400,0,0,0,58,35
2,93,ground,Fungal Bread,1,0,0,0,0,48,33
2,93,ground,Mushroom spores,2,0,0,0,0,36,11
2,93,ground,Bandage,2,0,0,0,0,29,72
2,93,ground,Pocket Door,1,0,2,0,0,11,30
2,93,ground,Ammo,1,0,0,0,0,16,34
2,93,ground,Ammo,1,0,0,0,0,51,54
2,93,ground,Bear Trap,2,0,0,0,0,16,11
2,93,wall,Hunting Horn,1,0,8,0,0,69,41
2,94,ground,Stick,1,18,0,0,0,77,37
2,94,ground,Flint Knife,1,60,0,0,0,29,32
2,94,ground,River Fish,5,0,0,0,0,53,36
2,94,ground,Pickaxe,1,32,0,0,0,57,49
2,94,ground,Pickaxe,1,32,0,0,0,121,38
2,94,ground,Throwing Net,2,0,0,0,0,122,38
2,94,ground,Torch,1,90,0,0,0,99,34
2,94,ground,Hatchet,1,35,0,0,0,96,7
2,94,ground,Torch,1,90,0,0,0,96,6
2,94,ground,Pickaxe,1,32,0,0,0,126,7
2,94,ground,Root Drill,1,0,3,0,0,127,7
2,94,carried,Buckler,1,30,0,0,0,117,12
2,94,carried,Buckler,1,30,0,0,0,102,18
2,94,ground,Fungal Bread,2,0,0,0,0,114,7
2,94,ground,Firecracker,2,0,0,0,0,98,10
2,94,ground,Bow,1,0,0,20,0,101,35
2,94,ground,Medkit,1,0,0,0,0,107,57
2,94,ground,Resin Glue,1,0,0,0,0,147,19
2,94,ground,Fungal Bread,1,0,0,0,0,152,19
2,94,ground,Pickaxe,1,32,0,0,0,93,60
2,94,ground,Ammo,1,0,0,0,0,108,51
2,94,ground,Water flask,2,0,0,0,0,146,12
2,95,ground,Stick,1,18,0,0,0,78,80
2,95,ground,River Fish,6,0,0,0,0,16,72
2,95,ground,Boomerang,1,0,0,0,0,7,58
2,95,ground,Resin Glue,1,0,0,0,0,18,75
2,95,ground,Hatchet,1,35,0,0,0,9,39
2,95,ground,Torch,1,90,0,0,0,9,38
2,95,ground,Stick,1,18,0,0,0,37,39
2,95,ground,Root Drill,1,0,3,0,0,38,39
2,95,ground,Fungal Bread,2,0,0,0,0,36,34
2,95,ground,Firecracker,2,0,0,0,0,33,39
2,95,ground,Raw Meat,1,0,0,0,0,61,74
2,95,ground,Hunting Spear,1,45,0,0,0,9,37
2,95,ground,Rake,1,400,0,0,0,26,80
2,95,ground,Bandage,2,0,0,0,0,30,81
2,95,ground,Rake,1,400,0,0,0,27,106
2,95,ground,Herb Bag,1,0,4,0,0,27,100
2,95,ground,Ammo,1,0,0,0,0,78,105
2,95,ground,Ammo,1,0,0,0,0,55,50
2,95,wall,Torch,1,90,0,0,0,55,80
2,96,ground,Stick,1,18,0,0,0,56,14
2,96,ground,Pickaxe,1,32,0,0,0,91,18
2,96,ground,Lighter,1,0,20,0,0,94,32
2,96,ground,Flint Knife,1,60,0,0,0,94,22
2,96,ground,Seed Bag,1,0,6,0,0,99,17
2,96,ground,Flint Knife,1,60,0,0,0,39,78
2,96,ground,Rope Hook,1,0,24,0,0,40,78
2,96,ground,Torch,1,90,0,0,0,34,56
2,96,ground,Pickaxe,1,32,0,0,0,34,85
2,96,ground,Water flask,2,0,0,0,0,15,34
2,96,ground,Ammo,1,0,0,0,0,60,76
2,96,ground,Medkit,1,0,0,0,0,15,72
2,96,ground,Mushroom spores,2,0,0,0,0,8,54
2,96,ground,Bandage,2,0,0,0,0,12,78
2,96,ground,Ammo,1,0,0,0,0,10,75
2,96,ground,River Fish,2,0,0,0,0,24,22
2,96,ground,River Fish,5,0,0,0,0,38,18
2,96,ground,River Fish,3,0,0,0,0,53,20
2,96,ground,River Fish,2,0,0,0,0,69,16
2,96,stored,Bomb,2,0,0,0,0,44,83
2,96,ground,Water flask,2,0,0,0,0,33,26
2,96,wall,Sap jar,2,0,0,0,0,21,76
2,97,ground,Stick,1,18,0,0,0,57,15
2,97,ground,Mushroom spores,2,0,0,0,0,32,41
2,97,ground,Hatchet,1,35,0,0,0,53,38
2,97,ground,Ammo,1,0,0,0,0,57,29
2,97,ground,Bitter Root,1,0,0,0,0,76,39
2,97,ground,Bandage,2,0,0,0,0,34,40
2,97,ground,Ammo,1,0,0,0,0,54,53
2,97,ground,Ammo,1,0,0,0,0,28,55
2,97,ground,Bandage,2,0,0,0,0,17,35
2,97,stored,Bitter Root,1,0,0,0,0,74,33
2,97,stored,Flint Knife,1,60,0,0,0,60,62
2,97,stored,Fried Egg,2,0,0,0,0,100,40
2,97,ground,Seed Bag,1,0,6,0,0,52,81
2,97,ground,Smoke pot,2,0,0,0,0,101,7
2,97,wall,Seed Bag,1,0,6,0,0,12,40
2,98,ground,Stick,1,18,0,0,0,12,80
2,98,ground,River Fish,4,0,0,0,0,31,124
2,98,ground,Flint Knife,1,60,0,0,0,39,28
2,98,ground,Raw Meat,1,0,0,0,0,25,38
2,98,ground,Bear Trap,2,0,0,0,0,15,126
2,98,ground,Chili,1,0,0,0,0,16,96
2,98,ground,Rake,1,400,0,0,0,8,64
2,98,ground,Herb Bag,1,0,4,0,0,9,51
2,98,ground,Bandage,2,0,0,0,0,33,73
2,98,ground,Ammo,1,0,0,0,0,51,76
2,98,ground,River Fish,4,0,0,0,0,8,52
2,98,ground,River Fish,5,0,0,0,0,18,63
2,98,ground,Medkit,1,0,0,0,0,10,120
2,99,ground,Stick,1,18,0,0,0,55,81
2,99,ground,Mushroom spores,2,0,0,0,0,21,120
2,99,ground,Hatchet,1,35,0,0,0,15,119
2,99,ground,Flint Knife,1,60,0,0,0,59,121
2,99,ground,Throwing Net,2,0,0,0,0,60,121
2,99,ground,Torch,1,90,0,0,0,55,100
2,99,ground,Pickaxe,1,32,0,0,0,31,12
2,99,ground,Bandage,3,0,0,0,0,36,37
2,99,ground,River Fish,4,0,0,0,0,54,60
2,99,ground,Pitch Bomb,2,0,0,0,0,35,39
2,99,ground,Water flask,2,0,0,0,0,57,54
2,99,ground,Firecracker,3,0,0,0,0,35,74
2,99,ground,Ammo,1,0,0,0,0,34,73
2,99,ground,Water flask,2,0,0,0,0,10,32
2,99,ground,Medkit,1,0,0,0,0,19,60
2,99,ground,Bandage,2,0,0,0,0,18,54
2,99,ground,Ammo,1,0,0,0,0,17,54
2,99,ground,River Fish,2,0,0,0,0,32,62
2,99,ground,Fried Egg,2,0,0,0,0,23,22
2,100,ground,Stick,1,18,0,0,0,78,15
2,100,ground,River Fish,6,0,0,0,0,109,38
2,100,ground,Torch,1,90,0,0,0,125,33
2,100,ground,Crossbow,1,0,0,1,16,93,27
2,100,ground,River Fish,4,0,0,0,0,102,10
2,100,ground,Thorn Caltrops,2,0,0,0,0,54,57
2,100,ground,Water flask,2,0,0,0,0,104,14
2,100,ground,Oil flask,1,0,0,0,0,58,9
2,100,ground,Medkit,1,0,0,0,0,83,33
2,100,ground,Ammo,1,0,0,0,0,31,12
2,100,ground,Bandage,2,0,0,0,0,127,9
2,100,ground,Ammo,1,0,0,0,0,9,9
2,100,ground,Ammo,1,0,0,0,0,75,29
2,100,stored,Spring Trap,2,0,0,0,0,31,16
2,100,ground,Rope Snare,2,0,0,0,0,124,17
2,100,wall,Seed Bag,1,0,6,0,0,93,15
2,101,ground,Stick,1,18,0,0,0,56,59
2,101,ground,River Fish,6,0,0,0,0,57,33
2,101,ground,Flint Knife,1,60,0,0,0,47,10
2,101,ground,Wolf Whistle,1,0,8,0,0,53,19
2,101,ground,Bow,1,0,0,20,0,30,13
2,101,ground,Rope Hook,1,0,24,0,0,31,13
2,101,ground,Torch,1,90,0,0,0,34,33
2,101,ground,Raw Meat,1,0,0,0,0,105,102
2,101,ground,Seed Bag,1,0,6,0,0,82,96
2,101,ground,Bird Seed,1,0,0,0,0,63,78
2,101,ground,Fungal Bread,1,0,0,0,0,62,70
2,101,ground,Ammo,1,0,0,0,0,79,79
2,101,ground,Ammo,1,0,0,0,0,87,104
2,101,ground,Rake,1,400,0,0,0,74,125
2,101,ground,Fungal Bread,1,0,0,0,0,78,119
2,101,ground,Ammo,1,0,0,0,0,98,124
2,101,ground,Resin Glue,1,0,0,0,0,11,17
2,101,stored,Rope Snare,2,0,0,0,0,50,77
2,101,ground,Hunting Horn,1,0,8,0,0,82,116
2,101,ground,Torch,1,90,0,0,0,78,103
2,101,wall,Stick,1,18,0,0,0,75,71
2,101,wall,Digging Claws,1,200,0,0,0,87,78
2,102,ground,Stick,1,18,0,0,0,35,59
2,102,ground,Bow,1,0,0,20,0,57,10
2,102,ground,Torch,1,90,0,0,0,51,31
2,102,ground,Bomb,2,0,0,0,0,54,61
2,102,ground,Rake,1,400,0,0,0,53,53
2,102,ground,Fungal Bread,1,0,0,0,0,54,62
2,102,ground,Lighter,1,0,20,0,0,54,81
2,102,ground,Ammo,1,0,0,0,0,52,77
2,102,ground,Ammo,1,0,0,0,0,57,101
2,102,ground,Pocket Door,1,0,2,0,0,31,33
2,102,ground,Ammo,1,0,0,0,0,39,33
2,102,ground,Medkit,1,0,0,0,0,32,121
2,102,ground,River Fish,5,0,0,0,0,28,99
2,102,ground,Straw Decoy,1,0,0,0,0,16,129
2,102,wall,Sap jar,2,0,0,0,0,7,56
2,103,ground,Stick,1,18,0,0,0,57,80
2,103,ground,Stick,1,18,0,0,0,14,36
2,103,ground,Rake,1,400,0,0,0,27,35
2,103,ground,Pickaxe,1,32,0,0,0,33,30
2,103,ground,Bow,1,0,0,20,0,6,40
2,103,ground,River Fish,6,0,0,0,0,36,64
2,103,ground,Seed Bag,1,0,6,0,0,38,51
2,103,ground,Rake,1,400,0,0,0,76,72
2,103,ground,Herb Bag,1,0,4,0,0,79,78
2,103,ground,Bitter Root,1,0,0,0,0,57,58
2,103,ground,Ammo,1,0,0,0,0,80,56
2,103,ground,Ammo,1,0,0,0,0,54,13
2,103,ground,Medkit,1,0,0,0,0,74,12
2,103,ground,Ammo,1,0,0,0,0,79,9
2,103,ground,River Fish,2,0,0,0,0,74,54
2,103,ground,River Fish,2,0,0,0,0,86,59
2,103,stored,Ammo,2,0,0,0,0,58,40
2,103,stored,Reflecting Pan,1,24,0,0,0,55,27
2,103,ground,Mushroom spores,2,0,0,0,0,109,52
2,103,wall,Wooden Maul,1,24,0,0,0,76,44
2,103,wall,Medkit,1,0,0,0,0,81,101
2,104,ground,Stick,1,18,0,0,0,33,36
2,104,ground,Flint Knife,1,60,0,0,0,61,35
2,104,ground,Rope Hook,1,0,24,0,0,62,35
2,104,ground,Torch,1,90,0,0,0,57,56
2,104,ground,Raw Meat,1,0,0,0,0,12,36
2,104,ground,Pickaxe,1,32,0,0,0,55,91
2,104,ground,Rake,1,400,0,0,0,39,81
2,104,ground,Herb Bag,1,0,4,0,0,33,82
2,104,ground,Rake,1,400,0,0,0,58,97
2,104,ground,Herb Bag,1,0,4,0,0,55,95
2,104,ground,Thunder Acorn,2,0,0,0,0,51,13
2,104,ground,Ammo,1,0,0,0,0,58,17
2,104,ground,Ammo,1,0,0,0,0,16,99
2,104,ground,River Fish,3,0,0,0,0,21,81
2,104,ground,River Fish,5,0,0,0,0,13,89
2,104,stored,Hatchet,1,35,0,0,0,39,54
2,104,ground,Digging Claws,1,200,0,0,0,28,72
2,105,ground,Stick,1,18,0,0,0,13,57
2,105,ground,Bow,1,0,0,20,0,29,11
2,105,ground,Throwing Net,2,0,0,0,0,30,11
2,105,ground,Torch,1,90,0,0,0,34,34
2,105,ground,Shield Lantern,1,24,0,0,0,78,80
2,105,ground,Stink Bomb,2,0,0,0,0,83,79
2,105,ground,Shield Lantern,1,24,0,0,0,55,75
2,105,ground,Flint Knife,1,60,0,0,0,82,74
2,105,ground,River Fish,4,0,0,0,0,57,9
2,105,ground,Fishing Line,1,0,20,0,0,56,6
2,105,ground,Flint Knife,1,60,0,0,0,52,61
2,105,ground,Raw Meat,1,0,0,0,0,62,58
2,105,ground,Seed Bag,1,0,6,0,0,22,26
2,105,ground,Ammo,1,0,0,0,0,42,56
2,105,ground,Mushroom spores,2,0,0,0,0,58,11
2,105,ground,Torch,1,90,0,0,0,47,34
2,105,ground,Ammo,1,0,0,0,0,10,37
2,105,ground,Medkit,1,0,0,0,0,9,8
2,105,ground,Boomerang,1,0,0,0,0,34,103
2,105,ground,Ammo,1,0,0,0,0,41,102
2,105,ground,Herb Bag,1,0,4,0,0,52,56
2,105,ground,Seed Bag,1,0,6,0,0,49,68
2,105,ground,Rope Hook,1,0,24,0,0,54,34
2,105,ground,Rake,1,400,0,0,0,62,46
2,106,ground,Stick,1,18,0,0,0,57,57
2,106,ground,Pickaxe,1,32,0,0,0,12,73
2,106,ground,Rope Hook,1,0,24,0,0,13,73
2,106,ground,Torch,1,90,0,0,0,57,78
2,106,ground,Hunting Spear,1,45,0,0,0,53,12
2,106,ground,Splint,1,0,2,0,0,82,19
2,106,ground,Throwing Net,2,0,0,0,0,50,6
2,106,ground,Flint Knife,1,60,0,0,0,74,51
2,106,ground,Hunting Horn,1,0,8,0,0,35,70
2,106,ground,Ammo,1,0,0,0,0,78,55
2,106,ground,Resin Glue,1,0,0,0,0,72,35
2,106,ground,Ammo,1,0,0,0,0,73,31
2,106,ground,Bandaid,5,0,0,0,0,59,106
2,106,ground,Herb Bag,1,0,4,0,0,58,95
2,106,ground,Medkit,1,0,0,0,0,54,29
2,106,ground,Ammo,1,0,0,0,0,62,30
2,106,ground,River Fish,2,0,0,0,0,70,26
2,106,ground,River Fish,5,0,0,0,0,61,20
2,106,ground,Bear Trap,2,0,0,0,0,101,38
2,106,ground,Buckler,1,30,0,0,0,11,87
2,107,ground,Stick,1,18,0,0,0,56,80
2,107,ground,Bow,1,0,0,20,0,8,106
2,107,ground,Flint Knife,1,60,0,0,0,79,34
2,107,ground,Ammo,2,0,0,0,0,65,38
2,107,ground,Resin Glue,1,0,0,0,0,58,35
2,107,ground,Stick,1,18,0,0,0,84,40
2,107,ground,Honey pot,1,0,0,0,0,49,50
2,107,ground,Hatchet,1,35,0,0,0,44,121
2,107,ground,Rake,1,400,0,0,0,34,75
2,107,ground,Herb Bag,1,0,4,0,0,35,79
2,107,ground,Medkit,1,0,0,0,0,74,13
2,107,ground,Fungal Bread,1,0,0,0,0,31,12
2,107,ground,Ammo,1,0,0,0,0,32,8
2,107,ground,Stick,1,18,0,0,0,79,15
2,107,ground,Ammo,1,0,0,0,0,73,12
2,107,ground,Digging Claws,1,200,0,0,0,61,9
2,107,ground,Bow,1,0,0,20,0,61,57
2,107,ground,Rake,1,400,0,0,0,79,61
2,107,wall,Bandage,3,0,0,0,0,44,75
2,108,ground,Stick,1,18,0,0,0,35,80
2,108,ground,Hatchet,1,35,0,0,0,60,30
2,108,ground,Torch,1,90,0,0,0,61,30
2,108,ground,Bow,1,0,0,20,0,30,30
2,108,ground,Root Drill,1,0,3,0,0,30,29
2,108,carried,Buckler,1,30,0,0,0,35,38
2,108,ground,Firecracker,2,0,0,0,0,37,37
2,108,ground,Firecracker,2,0,0,0,0,51,32
2,108,ground,Fungal Bread,2,0,0,0,0,58,33
2,108,ground,River Fish,5,0,0,0,0,32,103
2,108,ground,Crossbow,1,0,0,1,16,78,40
2,108,ground,Honey pot,1,0,0,0,0,77,32
2,108,ground,Bomb,2,0,0,0,0,58,28
2,108,ground,Bandage,3,0,0,0,0,54,87
2,108,ground,Fungal Bread,1,0,0,0,0,57,80
2,108,ground,Water flask,2,0,0,0,0,34,104
2,108,ground,Ammo,1,0,0,0,0,57,47
2,108,ground,Fungal Bread,1,0,0,0,0,34,57
2,108,ground,Buckler,1,30,0,0,0,31,142
2,108,ground,Ammo,1,0,0,0,0,36,141
2,108,ground,Ammo,1,0,0,0,0,65,12
2,108,ground,River Fish,3,0,0,0,0,34,88
2,108,ground,Throwing Rock,3,0,0,0,0,62,50
2,108,ground,Rope Hook,1,0,24,0,0,18,109
2,108,ground,Throwing Net,2,0,0,0,0,68,40
2,108,ground,Mushroom spores,2,0,0,0,0,10,114
2,109,ground,Stick,1,18,0,0,0,35,79
2,109,ground,Hatchet,1,35,0,0,0,73,147
2,109,ground,Torch,1,90,0,0,0,73,148
2,109,ground,Hatchet,1,35,0,0,0,73,119
2,109,ground,Root Drill,1,0,3,0,0,73,118
2,109,carried,Buckler,1,30,0,0,0,70,140
2,109,carried,Buckler,1,30,0,0,0,80,136
2,109,ground,Firecracker,2,0,0,0,0,78,128
2,109,ground,Firecracker,2,0,0,0,0,79,124
2,109,ground,Fungal Bread,2,0,0,0,0,80,149
2,109,ground,River Fish,3,0,0,0,0,36,97
2,109,ground,Crossbow,1,0,0,1,16,37,120
2,109,ground,Honey pot,1,0,0,0,0,36,122
2,109,ground,Smoke pot,2,0,0,0,0,38,58
2,109,ground,Mushroom spores,2,0,0,0,0,41,103
2,109,ground,Bird Seed,1,0,0,0,0,36,57
2,109,ground,Bandage,2,0,0,0,0,38,54
2,109,ground,Ammo,1,0,0,0,0,38,116
2,109,ground,Ammo,1,0,0,0,0,50,147
2,109,ground,Medkit,1,0,0,0,0,15,142
2,109,ground,Ammo,1,0,0,0,0,16,142
2,109,ground,Pickaxe,1,32,0,0,0,30,141
2,109,ground,Hatchet,1,35,0,0,0,57,144
2,109,wall,Bow,1,0,0,20,0,27,59
2,110,ground,Stick,1,18,0,0,0,57,57
2,110,ground,Hatchet,1,35,0,0,0,68,6
2,110,ground,River Fish,6,0,0,0,0,52,74
2,110,ground,Pickaxe,1,32,0,0,0,66,87
2,110,ground,Lighter,1,0,20,0,0,74,59
2,110,ground,Ammo,1,0,0,0,0,79,58
2,110,ground,Ammo,1,0,0,0,0,33,29
2,110,ground,Medkit,1,0,0,0,0,31,13
2,110,ground,Mushroom spores,2,0,0,0,0,59,78
2,110,ground,Pitch Bomb,2,0,0,0,0,85,80
2,110,ground,Ammo,1,0,0,0,0,86,76
2,110,ground,Bandage,2,0,0,0,0,33,13
2,110,ground,Sticky Boots,1,0,4,0,0,37,94
2,110,ground,Pickaxe,1,32,0,0,0,37,41
2,110,wall,Throwing Rock,3,0,0,0,0,28,24
2,111,ground,Stick,1,18,0,0,0,33,37
2,111,ground,River Fish,5,0,0,0,0,13,53
2,111,ground,Straw Decoy,1,0,0,0,0,75,33
2,111,ground,Water flask,2,0,0,0,0,63,36
2,111,ground,Seed Bag,1,0,6,0,0,54,63
2,111,ground,Herb Bag,1,0,4,0,0,60,50
2,111,ground,Fungal Bread,1,0,0,0,0,83,12
2,111,ground,Ammo,1,0,0,0,0,51,11
2,111,ground,Water flask,2,0,0,0,0,14,39
2,111,ground,Thorn Caltrops,2,0,0,0,0,36,66
2,111,ground,Water flask,2,0,0,0,0,95,60
2,112,ground,Stick,1,18,0,0,0,33,58
2,112,carried,Buckler,1,30,0,0,0,26,34
2,112,carried,Buckler,1,30,0,0,0,25,32
2,112,carried,Buckler,1,30,0,0,0,31,20
2,112,carried,Buckler,1,30,0,0,0,35,20
2,112,carried,Buckler,1,30,0,0,0,33,17
2,112,carried,Buckler,1,30,0,0,0,33,22
2,112,ground,Hunting Spear,1,45,0,0,0,21,26
2,112,ground,River Fish,3,0,0,0,0,60,9
2,112,ground,Hatchet,1,35,0,0,0,13,82
2,112,ground,Raw Meat,1,0,0,0,0,15,82
2,112,ground,Rope Hook,1,0,24,0,0,15,55
2,112,ground,Cooked Meat,2,0,0,0,0,14,61
2,112,ground,Herb Bag,1,0,4,0,0,12,57
2,112,ground,Oil flask,1,0,0,0,0,16,77
2,112,ground,Medkit,1,0,0,0,0,60,58
2,112,ground,Reflecting Pan,1,24,0,0,0,71,27
2,112,ground,Ammo,1,0,0,0,0,70,41
2,112,ground,Ammo,1,0,0,0,0,60,60
2,112,ground,River Fish,3,0,0,0,0,44,7
2,112,ground,River Fish,4,0,0,0,0,16,7
2,112,stored,Resin Glue,1,0,0,0,0,54,32
2,112,ground,Hatchet,1,35,0,0,0,39,77
2,112,ground,Throwing Rock,3,0,0,0,0,27,78
2,112,wall,Rope Snare,2,0,0,0,0,1,13
2,113,ground,Stick,1,18,0,0,0,79,35
2,113,ground,Bandage,3,0,0,0,0,127,30
2,113,ground,Stick,1,18,0,0,0,35,9
2,113,ground,Rope Hook,1,0,24,0,0,36,9
2,113,ground,Torch,1,90,0,0,0,56,11
2,113,ground,Hatchet,1,35,0,0,0,59,37
2,113,ground,Torch,1,90,0,0,0,59,36
2,113,ground,Digging Claws,1,200,0,0,0,31,37
2,113,ground,Root Drill,1,0,3,0,0,30,37
2,113,ground,Firecracker,2,0,0,0,0,30,40
2,113,ground,Firecracker,2,0,0,0,0,32,32
2,113,ground,River Fish,5,0,0,0,0,119,57
2,113,ground,Digging Claws,1,200,0,0,0,101,58
2,113,ground,Raw Meat,1,0,0,0,0,102,52
2,113,ground,Flint Knife,1,60,0,0,0,47,19
2,113,ground,Rake,1,400,0,0,0,99,37
2,113,ground,Fungal Bread,1,0,0,0,0,100,43
2,113,ground,Medkit,1,0,0,0,0,5,18
2,113,ground,Pocket Door,1,0,2,0,0,96,8
2,113,ground,Ammo,1,0,0,0,0,101,7
2,113,ground,Water flask,2,0,0,0,0,122,59
2,113,ground,Ammo,1,0,0,0,0,8,10
2,113,ground,River Fish,4,0,0,0,0,135,57
2,113,ground,Pitch Bomb,2,0,0,0,0,104,33
2,113,ground,Rope Snare,2,0,0,0,0,106,55
2,113,ground,Splint,1,0,2,0,0,138,52
2,114,ground,Stick,1,18,0,0,0,57,13
2,114,ground,Torch,1,90,0,0,0,79,52
2,114,ground,Rope Hook,1,0,24,0,0,80,52
2,114,ground,Torch,1,90,0,0,0,56,56
2,114,ground,Flint Knife,1,60,0,0,0,13,60
2,114,ground,Water flask,2,0,0,0,0,12,46
2,114,ground,Flint Knife,1,60,0,0,0,18,62
2,114,ground,Hatchet,1,35,0,0,0,77,17
2,114,ground,Bird Seed,1,0,0,0,0,44,54
2,114,ground,Bandage,2,0,0,0,0,36,54
2,114,ground,Medkit,1,0,0,0,0,38,75
2,114,ground,Seed Bag,1,0,6,0,0,75,32
2,114,ground,Ammo,1,0,0,0,0,99,19
2,114,ground,Ammo,1,0,0,0,0,35,84
2,114,stored,Seed Bag,1,0,6,0,0,60,32
2,114,stored,Stick,1,18,0,0,0,73,13
2,115,ground,Stick,1,18,0,0,0,13,35
2,115,ground,Bow,1,0,0,20,0,48,46
2,115,ground,River Fish,5,0,0,0,0,5,58
2,115,ground,Acorn Mine,2,0,0,0,0,20,77
2,115,ground,Crossbow,1,0,0,1,16,5,51
2,115,ground,Digging Claws,1,200,0,0,0,13,51
2,115,ground,Bandage,3,0,0,0,0,14,81
2,115,ground,Pickaxe,1,32,0,0,0,13,75
2,115,ground,Sap jar,2,0,0,0,0,51,53
2,115,ground,Medkit,1,0,0,0,0,76,51
2,115,ground,Ammo,1,0,0,0,0,12,13
2,115,ground,Lighter,1,0,20,0,0,43,79
2,115,ground,Bandage,2,0,0,0,0,76,54
2,115,ground,Digging Claws,1,200,0,0,0,79,50
2,115,ground,Ammo,1,0,0,0,0,77,50
2,115,ground,Sticky Boots,1,0,4,0,0,18,8
2,115,ground,Fungal Bread,1,0,0,0,0,10,6
2,115,wall,Fried Egg,2,0,0,0,0,12,23
2,116,ground,Stick,1,18,0,0,0,79,37
2,116,carried,Buckler,1,30,0,0,0,41,50
2,116,carried,Buckler,1,30,0,0,0,42,48
2,116,carried,Buckler,1,30,0,0,0,39,51
2,116,ground,Mushroom spores,2,0,0,0,0,50,48
2,116,ground,Resin Glue,1,0,0,0,0,54,34
2,116,ground,River Fish,6,0,0,0,0,105,29
2,116,ground,Flint Knife,1,60,0,0,0,37,5
2,116,ground,Water flask,2,0,0,0,0,105,32
2,116,ground,Stick,1,18,0,0,0,54,17
2,116,ground,Bandage,2,0,0,0,0,54,16
2,116,ground,Medkit,1,0,0,0,0,40,13
2,116,ground,Ammo,1,0,0,0,0,18,26
2,116,ground,Ammo,1,0,0,0,0,40,11
2,116,stored,Fried Egg,2,0,0,0,0,89,47
2,116,ground,Cooked Meat,2,0,0,0,0,129,55
2,116,ground,Stick,1,18,0,0,0,71,59
2,117,ground,Stick,1,18,0,0,0,79,57
2,117,ground,Shield Lantern,1,24,0,0,0,42,8
2,117,ground,Stick,1,18,0,0,0,82,101
2,117,ground,Throwing Net,2,0,0,0,0,83,101
2,117,ground,Torch,1,90,0,0,0,78,79
2,117,ground,Honey pot,1,0,0,0,0,35,64
2,117,ground,Flint Knife,1,60,0,0,0,82,76
2,117,ground,Hatchet,1,35,0,0,0,54,50
2,117,ground,Ammo,1,0,0,0,0,51,64
2,117,ground,Sticky Boots,1,0,4,0,0,104,81
2,117,ground,Ammo,1,0,0,0,0,108,79
2,117,ground,Pitch Bomb,2,0,0,0,0,57,76
2,117,ground,Bandage,2,0,0,0,0,55,83
2,117,ground,Ammo,1,0,0,0,0,82,35
2,117,ground,Herb Bag,1,0,4,0,0,33,57
2,117,ground,Bear Trap,2,0,0,0,0,33,84
2,117,wall,Fungal Bread,1,0,0,0,0,109,98
2,118,ground,Stick,1,18,0,0,0,12,59
2,118,ground,River Fish,5,0,0,0,0,56,33
2,118,ground,River Fish,4,0,0,0,0,32,7
2,118,ground,Pickaxe,1,32,0,0,0,40,62
2,118,ground,Boomerang,1,0,0,0,0,16,37
2,118,ground,Ammo,1,0,0,0,0,34,58
2,118,ground,Crossbow,1,0,0,1,16,35,35
2,118,ground,Herb Bag,1,0,4,0,0,29,36
2,118,ground,Thorn Caltrops,1,0,0,0,0,13,34
2,118,ground,Ammo,1,0,0,0,0,54,55
2,118,ground,Ammo,1,0,0,0,0,57,81
2,118,ground,Fungal Bread,1,0,0,0,0,75,82
2,118,ground,Resin Glue,1,0,0,0,0,69,67
2,118,wall,Buckler,1,30,0,0,0,56,26
2,118,wall,Pitch Bomb,2,0,0,0,0,48,33
2,119,ground,Stick,1,18,0,0,0,79,79
2,119,carried,Buckler,1,30,0,0,0,41,34
2,119,carried,Buckler,1,30,0,0,0,42,31
2,119,carried,Buckler,1,30,0,0,0,41,32
2,119,carried,Buckler,1,30,0,0,0,57,50
2,119,carried,Buckler,1,30,0,0,0,53,51
2,119,carried,Buckler,1,30,0,0,0,55,52
2,119,carried,Buckler,1,30,0,0,0,56,40
2,119,carried,Buckler,1,30,0,0,0,53,42
2,119,carried,Buckler,1,30,0,0,0,38,55
2,119,carried,Buckler,1,30,0,0,0,44,54
2,119,carried,Buckler,1,30,0,0,0,37,57
2,119,ground,Bow,1,0,0,20,0,45,42
2,119,ground,Seed Bag,1,0,6,0,0,51,36
2,119,ground,River Fish,6,0,0,0,0,103,62
2,119,ground,Spring Trap,2,0,0,0,0,98,77
2,119,ground,Rake,1,400,0,0,0,98,51
2,119,ground,River Fish,6,0,0,0,0,77,52
2,119,ground,River Fish,3,0,0,0,0,57,81
2,119,ground,Stick,1,18,0,0,0,64,16
2,119,ground,Pickaxe,1,32,0,0,0,84,72
2,119,ground,Water flask,2,0,0,0,0,80,55
2,119,ground,Water flask,2,0,0,0,0,58,84
2,119,ground,Fungal Bread,1,0,0,0,0,40,74
2,119,ground,Medkit,1,0,0,0,0,16,48
2,119,ground,Ammo,1,0,0,0,0,5,64
2,119,wall,Stick,1,18,0,0,0,50,73
2,120,ground,Stick,1,18,0,0,0,57,35
2,120,carried,Buckler,1,30,0,0,0,28,34
2,120,carried,Buckler,1,30,0,0,0,23,33
2,120,ground,Torch,1,90,0,0,0,22,17
2,120,ground,Straw Decoy,1,0,0,0,0,28,12
2,120,ground,Digging Claws,1,200,0,0,0,93,31
2,120,ground,Honey pot,1,0,0,0,0,95,38
2,120,ground,Pickaxe,1,32,0,0,0,100,36
2,120,ground,Ammo,1,0,0,0,0,105,27
2,120,ground,Thorn Caltrops,1,0,0,0,0,97,52
2,120,ground,Rake,1,400,0,0,0,105,70
2,120,ground,Herb Bag,1,0,4,0,0,106,73
2,120,ground,Medkit,1,0,0,0,0,121,85
2,120,ground,Ammo,1,0,0,0,0,115,75
2,120,ground,River Fish,5,0,0,0,0,33,49
2,120,ground,River Fish,5,0,0,0,0,73,56
2,120,ground,River Fish,5,0,0,0,0,93,60
2,120,ground,Hunting Horn,1,0,8,0,0,38,53
2,120,wall,Sticky Boots,1,0,4,0,0,77,61
2,120,wall,Boomerang,1,0,0,0,0,109,85
2,121,ground,Stick,1,18,0,0,0,35,79
2,121,ground,Bow,1,0,0,20,0,19,112
2,121,ground,Seed Bag,1,0,6,0,0,24,118
2,121,ground,Rope Snare,2,0,0,0,0,19,98
2,121,ground,Hatchet,1,35,0,0,0,11,109
2,121,ground,River Fish,5,0,0,0,0,75,80
2,121,ground,Stick,1,18,0,0,0,84,61
2,121,ground,Hatchet,1,35,0,0,0,103,35
2,121,ground,Rope Hook,1,0,24,0,0,104,35
2,121,ground,Torch,1,90,0,0,0,99,56
2,121,ground,Raw Meat,1,0,0,0,0,18,74
2,121,ground,Throwing Net,2,0,0,0,0,96,56
2,121,ground,Bird Seed,1,0,0,0,0,55,73
2,121,ground,Bandage,2,0,0,0,0,55,79
2,121,ground,Medkit,1,0,0,0,0,49,58
2,121,ground,Torch,1,90,0,0,0,50,52
2,121,ground,Ammo,1,0,0,0,0,49,56
2,121,ground,River Fish,3,0,0,0,0,77,57
2,121,ground,River Fish,5,0,0,0,0,88,50
2,121,ground,River Fish,4,0,0,0,0,89,31
2,121,ground,Digging Claws,1,200,0,0,0,85,28
2,121,ground,Spring Trap,2,0,0,0,0,63,85
2,122,ground,Stick,1,18,0,0,0,77,15
2,122,ground,Crossbow,1,0,0,1,16,100,37
2,122,ground,Rope Hook,1,0,24,0,0,101,37
2,122,ground,Torch,1,90,0,0,0,79,33
2,122,ground,Digging Claws,1,200,0,0,0,79,60
2,122,ground,Bird Seed,1,0,0,0,0,73,55
2,122,ground,Herb Bag,1,0,4,0,0,70,57
2,122,ground,Root Drill,1,0,3,0,0,51,13
2,122,ground,Ammo,1,0,0,0,0,49,11
2,122,ground,Medkit,1,0,0,0,0,57,39
2,122,ground,Bird Seed,1,0,0,0,0,118,50
2,122,ground,Ammo,1,0,0,0,0,60,27
2,122,ground,River Fish,2,0,0,0,0,33,60
2,122,ground,River Fish,3,0,0,0,0,20,55
2,122,ground,River Fish,3,0,0,0,0,33,51
2,122,stored,Flint Knife,1,60,0,0,0,52,50
2,122,stored,Throwing Rock,3,0,0,0,0,74,49
2,122,ground,Bandage,3,0,0,0,0,94,49
2,122,ground,Hatchet,1,35,0,0,0,110,63
2,122,ground,Mushroom spores,2,0,0,0,0,62,58
2,123,ground,Stick,1,18,0,0,0,56,81
2,123,ground,Hatchet,1,35,0,0,0,60,104
2,123,ground,Torch,1,90,0,0,0,61,104
2,123,ground,Digging Claws,1,200,0,0,0,31,104
2,123,ground,Root Drill,1,0,3,0,0,30,104
2,123,carried,Buckler,1,30,0,0,0,44,103
2,123,carried,Buckler,1,30,0,0,0,34,100
2,123,carried,Buckler,1,30,0,0,0,58,107
2,123,ground,Firecracker,2,0,0,0,0,32,99
2,123,ground,Firecracker,2,0,0,0,0,39,97
2,123,ground,Fungal Bread,2,0,0,0,0,36,109
2,123,ground,River Fish,5,0,0,0,0,105,57
2,123,ground,River Fish,6,0,0,0,0,97,32
2,123,ground,Fishing Line,1,0,20,0,0,99,28
2,123,ground,Bomb,2,0,0,0,0,50,81
2,123,ground,Ammo,1,0,0,0,0,84,83
2,123,ground,Stick,1,18,0,0,0,57,127
2,123,ground,Herb Bag,1,0,4,0,0,63,119
2,123,ground,Ammo,1,0,0,0,0,69,49
2,123,ground,Splint,1,0,2,0,0,71,96
2,123,ground,Ammo,1,0,0,0,0,74,94
2,123,ground,Water flask,2,0,0,0,0,36,118
2,123,ground,Medkit,1,0,0,0,0,35,152
2,123,ground,River Fish,2,0,0,0,0,29,98
2,123,ground,River Fish,5,0,0,0,0,35,39
2,123,ground,Seed Bag,1,0,6,0,0,27,86
2,123,ground,Crossbow,1,0,0,1,16,39,65
2,123,ground,Spring Trap,2,0,0,0,0,22,25
2,123,ground,Seed Bag,1,0,6,0,0,28,6
2,123,wall,Torch,1,90,0,0,0,71,74
2,124,ground,Stick,1,18,0,0,0,33,37
2,124,ground,Pickaxe,1,32,0,0,0,61,79
2,124,ground,Throwing Net,2,0,0,0,0,62,79
2,124,ground,Torch,1,90,0,0,0,55,57
2,124,ground,Throwing Rock,3,0,0,0,0,80,97
2,124,ground,Hand Bell,1,0,80,0,0,55,92
2,124,ground,Hatchet,1,35,0,0,0,39,50
2,124,ground,Torch,1,90,0,0,0,40,51
2,124,ground,Pickaxe,1,32,0,0,0,7,50
2,124,ground,Root Drill,1,0,3,0,0,6,50
2,124,carried,Buckler,1,30,0,0,0,28,54
2,124,ground,Fungal Bread,2,0,0,0,0,18,60
2,124,ground,Firecracker,2,0,0,0,0,34,64
2,124,ground,Torch,1,90,0,0,0,61,59
2,124,ground,Digging Claws,1,200,0,0,0,36,12
2,124,ground,Ammo,1,0,0,0,0,28,9
2,124,ground,Ammo,1,0,0,0,0,38,104
2,124,ground,Medkit,1,0,0,0,0,100,96
2,124,ground,Lantern Seed,1,0,0,0,0,53,38
2,124,ground,Bandage,2,0,0,0,0,100,106
2,124,ground,Pickaxe,1,32,0,0,0,96,104
2,124,ground,Ammo,1,0,0,0,0,101,98
2,124,ground,Digging Claws,1,200,0,0,0,44,103
2,124,wall,Bandage,3,0,0,0,0,32,21
2,125,ground,Stick,1,18,0,0,0,77,37
2,125,ground,River Fish,6,0,0,0,0,37,37
2,125,ground,Crossbow,1,0,0,1,16,26,61
2,125,ground,Bear Trap,2,0,0,0,0,37,57
2,125,ground,Hatchet,1,35,0,0,0,33,26
2,125,ground,Bow,1,0,0,20,0,7,78
2,125,ground,Rope Hook,1,0,24,0,0,8,78
2,125,ground,Torch,1,90,0,0,0,13,55
2,125,ground,Hunting Horn,1,0,8,0,0,38,34
2,125,ground,Bird Seed,1,0,0,0,0,50,36
2,125,ground,Herb Bag,1,0,4,0,0,54,39
2,125,ground,Bird Seed,1,0,0,0,0,48,50
2,125,ground,Fungal Bread,1,0,0,0,0,59,54
2,125,ground,Ammo,1,0,0,0,0,56,79
2,125,ground,Ammo,1,0,0,0,0,32,12
2,125,ground,Root Drill,1,0,3,0,0,50,5
2,125,ground,Ammo,1,0,0,0,0,57,18
2,125,ground,Hatchet,1,35,0,0,0,52,59
2,125,ground,Flint Knife,1,60,0,0,0,77,60
2,125,wall,Mushroom spores,2,0,0,0,0,76,48
2,125,wall,Flint Knife,1,60,0,0,0,24,84
2,126,ground,Stick,1,18,0,0,0,55,80
2,126,ground,Digging Claws,1,200,0,0,0,46,59
2,126,ground,Rake,1,400,0,0,0,41,41
2,126,ground,Pitch Bomb,2,0,0,0,0,100,56
2,126,ground,Cooked Meat,2,0,0,0,0,73,58
2,126,ground,Digging Claws,1,200,0,0,0,106,60
2,126,ground,Boomerang,1,0,0,0,0,85,81
2,126,ground,Thorn Caltrops,1,0,0,0,0,15,54
2,126,ground,Bitter Root,1,0,0,0,0,74,32
2,126,ground,Medkit,1,0,0,0,0,13,28
2,126,ground,Bandage,2,0,0,0,0,12,35
2,126,ground,Ammo,1,0,0,0,0,12,41
2,126,ground,Straw Decoy,1,0,0,0,0,7,55
2,126,ground,Stick,1,18,0,0,0,23,43
2,127,ground,Stick,1,18,0,0,0,56,37
2,127,ground,Hatchet,1,35,0,0,0,37,30
2,127,ground,Torch,1,90,0,0,0,37,29
2,127,ground,Torch,1,90,0,0,0,37,61
2,127,ground,Root Drill,1,0,3,0,0,36,61
2,127,carried,Buckler,1,30,0,0,0,37,55
2,127,carried,Buckler,1,30,0,0,0,32,52
2,127,ground,Fungal Bread,2,0,0,0,0,34,29
2,127,ground,Fungal Bread,2,0,0,0,0,32,55
2,127,ground,River Fish,6,0,0,0,0,8,38
2,127,ground,Throwing Rock,3,0,0,0,0,53,25
2,127,ground,Chili,1,0,0,0,0,73,40
2,127,ground,Bitter Root,1,0,0,0,0,96,32
2,127,ground,Hunting Horn,1,0,8,0,0,77,15
2,127,ground,Ammo,1,0,0,0,0,74,10
2,127,ground,Ammo,1,0,0,0,0,104,57
2,127,ground,Medkit,1,0,0,0,0,94,80
2,127,ground,Bandage,2,0,0,0,0,90,72
2,127,ground,Ammo,1,0,0,0,0,96,80
2,127,ground,River Fish,2,0,0,0,0,53,22
2,127,ground,River Fish,4,0,0,0,0,94,27
2,127,ground,Flint Knife,1,60,0,0,0,118,54
2,127,wall,Hunting Horn,1,0,8,0,0,96,41
2,128,ground,Stick,1,18,0,0,0,56,59
2,128,ground,River Fish,3,0,0,0,0,106,34
2,128,ground,River Fish,3,0,0,0,0,78,82
2,128,ground,Fishing Line,1,0,20,0,0,76,80
2,128,ground,Spring Trap,2,0,0,0,0,63,57
2,128,ground,Lighter,1,0,20,0,0,56,38
2,128,ground,Bird Seed,1,0,0,0,0,81,37
2,128,ground,Fungal Bread,1,0,0,0,0,79,31
2,128,ground,Ammo,1,0,0,0,0,84,60
2,128,ground,Spring Trap,2,0,0,0,0,9,34
2,128,ground,Ammo,1,0,0,0,0,4,31
2,128,ground,Medkit,1,0,0,0,0,99,15
2,128,ground,Ammo,1,0,0,0,0,99,19
2,128,ground,Cooked Meat,2,0,0,0,0,82,74
2,128,ground,Rope Hook,1,0,24,0,0,36,50
2,128,wall,Sap jar,2,0,0,0,0,108,27
2,128,wall,Sap jar,2,0,0,0,0,50,30
2,128,wall,Fried Egg,2,0,0,0,0,68,37
2,129,ground,Stick,1,18,0,0,0,77,81
2,129,ground,Hunting Spear,1,45,0,0,0,39,55
2,129,ground,Throwing Net,2,0,0,0,0,40,55
2,129,ground,Torch,1,90,0,0,0,33,77
2,129,ground,River Fish,3,0,0,0,0,80,37
2,129,ground,Torch,1,90,0,0,0,15,83
2,129,ground,Sap jar,2,0,0,0,0,51,71
2,129,ground,Rake,1,400,0,0,0,77,50
2,129,ground,Fungal Bread,1,0,0,0,0,75,58
2,129,ground,Lighter,1,0,20,0,0,59,71
2,129,ground,Ammo,1,0,0,0,0,57,74
2,129,ground,Fungal Bread,1,0,0,0,0,18,71
2,129,ground,Fungal Bread,1,0,0,0,0,80,17
2,129,ground,Ammo,1,0,0,0,0,84,14
2,129,ground,Ammo,1,0,0,0,0,61,34
2,129,ground,Pickaxe,1,32,0,0,0,80,30
2,129,ground,Sleep Meds,3,0,0,0,0,50,58
2,129,wall,Torch,1,90,0,0,0,39,108
2,130,ground,Stick,1,18,0,0,0,79,14
2,130,ground,Fried Egg,2,0,0,0,0,85,64
2,130,ground,Honey pot,1,0,0,0,0,58,62
2,130,ground,Throwing Rock,3,0,0,0,0,77,77
2,130,ground,Chili,1,0,0,0,0,85,29
2,130,ground,Thorn Caltrops,1,0,0,0,0,55,62
2,130,ground,Medkit,1,0,0,0,0,57,73
2,130,ground,Fungal Bread,1,0,0,0,0,60,7
2,130,ground,Ammo,1,0,0,0,0,38,5
2,130,ground,Ammo,1,0,0,0,0,55,72
2,130,ground,River Fish,2,0,0,0,0,67,22
2,130,ground,River Fish,5,0,0,0,0,46,5
2,130,ground,Digging Claws,1,200,0,0,0,28,31
2,130,ground,Smoke pot,2,0,0,0,0,82,36
2,130,ground,Seed Bag,1,0,6,0,0,55,17
2,130,ground,Throwing Net,2,0,0,0,0,60,39
2,130,wall,Cooked Meat,2,0,0,0,0,48,34
2,131,ground,Stick,1,18,0,0,0,55,14
2,131,ground,Thorn Caltrops,2,0,0,0,0,67,53
2,131,ground,Spring Trap,2,0,0,0,0,55,65
2,131,ground,River Fish,5,0,0,0,0,28,60
2,131,ground,Torch,1,90,0,0,0,5,58
2,131,ground,Stick,1,18,0,0,0,12,7
2,131,ground,Rope Hook,1,0,24,0,0,13,7
2,131,ground,Torch,1,90,0,0,0,35,11
2,131,ground,Hatchet,1,35,0,0,0,84,49
2,131,ground,Fried Egg,2,0,0,0,0,38,39
2,131,ground,Bandage,2,0,0,0,0,35,42
2,131,ground,Medkit,1,0,0,0,0,9,38
2,131,ground,Crossbow,1,0,0,1,16,11,35
2,131,ground,Ammo,1,0,0,0,0,9,29
2,131,ground,Seed Bag,1,0,6,0,0,13,74
2,131,ground,Pickaxe,1,32,0,0,0,16,84
2,131,ground,Mushroom spores,2,0,0,0,0,30,38
2,132,ground,Stick,1,18,0,0,0,57,35
2,132,ground,Digging Claws,1,200,0,0,0,55,82
2,132,ground,Throwing Net,2,0,0,0,0,56,82
2,132,ground,Torch,1,90,0,0,0,34,77
2,132,ground,Hatchet,1,35,0,0,0,61,59
2,132,ground,Torch,1,90,0,0,0,62,59
2,132,ground,Hatchet,1,35,0,0,0,29,59
2,132,ground,Root Drill,1,0,3,0,0,28,59
2,132,carried,Buckler,1,30,0,0,0,50,59
2,132,carried,Buckler,1,30,0,0,0,35,59
2,132,carried,Buckler,1,30,0,0,0,54,59
2,132,carried,Buckler,1,30,0,0,0,42,61
2,132,ground,Firecracker,2,0,0,0,0,54,51
2,132,ground,Fungal Bread,2,0,0,0,0,64,57
2,132,ground,Fungal Bread,2,0,0,0,0,32,62
2,132,ground,Flint Knife,1,60,0,0,0,31,82
2,132,ground,Lantern Seed,1,0,0,0,0,80,25
2,132,ground,Wooden Maul,1,24,0,0,0,75,12
2,132,ground,Ammo,1,0,0,0,0,78,17
2,132,ground,Lighter,1,0,20,0,0,97,37
2,132,ground,Ammo,1,0,0,0,0,99,39
2,132,ground,Medkit,1,0,0,0,0,17,74
2,132,ground,Herb Bag,1,0,4,0,0,98,47
2,132,ground,Ammo,1,0,0,0,0,12,81
2,132,ground,Torch,1,90,0,0,0,81,34
2,132,wall,Seed Bag,1,0,6,0,0,73,25
2,132,wall,Reflecting Pan,1,24,0,0,0,88,30
2,132,wall,Bomb,2,0,0,0,0,54,68
2,133,ground,Stick,1,18,0,0,0,34,57
2,133,ground,Pickaxe,1,32,0,0,0,15,78
2,133,ground,Throwing Net,2,0,0,0,0,16,78
2,133,ground,Torch,1,90,0,0,0,11,55
2,133,ground,Throwing Rock,3,0,0,0,0,76,75
2,133,ground,Hunting Horn,1,0,8,0,0,61,49
2,133,ground,Bear Trap,2,0,0,0,0,73,9
2,133,ground,Rake,1,400,0,0,0,82,53
2,133,ground,Ammo,1,0,0,0,0,77,58
2,133,ground,Bitter Root,1,0,0,0,0,72,36
2,133,ground,Medkit,1,0,0,0,0,35,106
2,133,ground,Bandage,2,0,0,0,0,36,95
2,133,ground,Ammo,1,0,0,0,0,34,109
2,133,ground,River Fish,3,0,0,0,0,87,33
2,133,ground,River Fish,3,0,0,0,0,77,40
2,133,ground,Hatchet,1,35,0,0,0,82,18
2,133,ground,Resin Glue,1,0,0,0,0,27,75
2,134,ground,Stick,1,18,0,0,0,57,81
2,134,ground,Bow,1,0,0,20,0,96,57
2,134,ground,Bird Seed,3,0,0,0,0,100,70
2,134,ground,Pickaxe,1,32,0,0,0,8,33
2,134,ground,Rope Hook,1,0,24,0,0,9,33
2,134,ground,Torch,1,90,0,0,0,12,57
2,134,ground,River Fish,4,0,0,0,0,32,56
2,134,ground,Fishing Line,1,0,20,0,0,32,55
2,134,ground,Flint Knife,1,60,0,0,0,55,56
2,134,ground,Bird Seed,1,0,0,0,0,78,84
2,134,ground,Bandage,2,0,0,0,0,78,78
2,134,ground,Mushroom spores,2,0,0,0,0,49,50
2,134,ground,Medkit,1,0,0,0,0,99,32
2,134,ground,Sticky Boots,1,0,4,0,0,76,54
2,134,ground,Ammo,1,0,0,0,0,78,50
2,134,ground,Ammo,1,0,0,0,0,30,36
2,134,ground,Ammo,1,0,0,0,0,100,35
2,134,ground,River Fish,3,0,0,0,0,52,65
2,134,ground,River Fish,2,0,0,0,0,66,70
2,134,stored,Fungal Bread,1,0,0,0,0,40,32
2,134,wall,Hatchet,1,35,0,0,0,42,31
2,135,ground,Stick,1,18,0,0,0,57,57
2,135,ground,River Fish,6,0,0,0,0,32,85
2,135,ground,Bow,1,0,0,20,0,40,102
2,135,ground,Rope Hook,1,0,24,0,0,26,78
2,135,ground,Wooden Maul,1,24,0,0,0,77,80
2,135,ground,Bitter Root,1,0,0,0,0,77,83
2,135,ground,River Fish,3,0,0,0,0,80,11
2,135,ground,Smoke pot,2,0,0,0,0,85,57
2,135,ground,Root Drill,1,0,3,0,0,38,52
2,135,ground,Ammo,1,0,0,0,0,39,55
2,135,ground,Straw Decoy,1,0,0,0,0,71,58
2,135,ground,Herb Bag,1,0,4,0,0,70,48
2,135,ground,Chili,1,0,0,0,0,74,36
2,135,ground,Fungal Bread,1,0,0,0,0,17,74
2,135,ground,Ammo,1,0,0,0,0,101,36
2,135,ground,River Fish,3,0,0,0,0,69,38
2,135,ground,River Fish,5,0,0,0,0,69,57
2,135,ground,River Fish,2,0,0,0,0,60,67
2,135,ground,Flint Knife,1,60,0,0,0,82,33
2,135,ground,Bandage,3,0,0,0,0,71,8
2,135,ground,Resin Glue,1,0,0,0,0,16,98
2,136,ground,Stick,1,18,0,0,0,78,81
2,136,ground,Hatchet,1,35,0,0,0,59,74
2,136,ground,Torch,1,90,0,0,0,60,74
2,136,ground,Flint Knife,1,60,0,0,0,29,74
2,136,ground,Root Drill,1,0,3,0,0,28,74
2,136,carried,Buckler,1,30,0,0,0,50,74
2,136,carried,Buckler,1,30,0,0,0,30,78
2,136,ground,Fungal Bread,2,0,0,0,0,31,82
2,136,ground,Firecracker,2,0,0,0,0,57,79
2,136,ground,Firecracker,2,0,0,0,0,43,74
2,136,ground,Bear Trap,2,0,0,0,0,14,62
2,136,ground,Smoke pot,2,0,0,0,0,72,60
2,136,ground,Fungal Bread,1,0,0,0,0,82,54
2,136,ground,Chili,1,0,0,0,0,80,34
2,136,ground,Fungal Bread,1,0,0,0,0,51,32
2,136,ground,Ammo,1,0,0,0,0,54,53
2,136,ground,Ammo,1,0,0,0,0,34,30
2,136,ground,Ammo,1,0,0,0,0,96,13
2,136,ground,Fried Egg,2,0,0,0,0,54,27
2,136,ground,Sap jar,2,0,0,0,0,100,28
2,136,ground,Throwing Rock,3,0,0,0,0,105,39
2,136,wall,Pickaxe,1,32,0,0,0,31,39
2,137,ground,Stick,1,18,0,0,0,55,81
2,137,ground,Bow,1,0,0,20,0,37,72
2,137,ground,Hunting Horn,1,0,8,0,0,5,58
2,137,ground,Bear Trap,2,0,0,0,0,10,76
2,137,ground,Resin Glue,1,0,0,0,0,17,82
2,137,ground,River Fish,3,0,0,0,0,63,62
2,137,ground,Bow,1,0,0,20,0,80,51
2,137,ground,Bitter Root,1,0,0,0,0,54,52
2,137,ground,Bow,1,0,0,20,0,33,31
2,137,ground,Throwing Net,2,0,0,0,0,34,31
2,137,ground,Torch,1,90,0,0,0,55,33
2,137,ground,Straw Decoy,1,0,0,0,0,56,33
2,137,ground,Lantern Seed,1,0,0,0,0,82,77
2,137,ground,Rake,1,400,0,0,0,42,7
2,137,ground,Ammo,1,0,0,0,0,33,12
2,137,ground,Bandage,2,0,0,0,0,15,99
2,137,ground,Medkit,1,0,0,0,0,81,37
2,137,ground,Ammo,1,0,0,0,0,78,41
2,137,ground,Sap jar,2,0,0,0,0,17,93
2,137,wall,Fungal Bread,1,0,0,0,0,71,77
2,138,ground,Stick,1,18,0,0,0,79,80
2,138,ground,Seed Bag,1,0,6,0,0,41,54
2,138,ground,Pickaxe,1,32,0,0,0,39,65
2,138,ground,Stick,1,18,0,0,0,7,33
2,138,ground,Throwing Net,2,0,0,0,0,8,33
2,138,ground,Torch,1,90,0,0,0,12,55
2,138,ground,Mushroom spores,2,0,0,0,0,59,32
2,138,ground,Rope Hook,1,0,24,0,0,63,33
2,138,ground,Rope Snare,2,0,0,0,0,40,39
2,138,ground,Splint,1,0,2,0,0,61,37
2,138,ground,River Fish,6,0,0,0,0,76,96
2,138,ground,Fishing Line,1,0,20,0,0,79,94
2,138,ground,Sleep Meds,3,0,0,0,0,26,118
2,138,ground,Bow,1,0,0,20,0,15,109
2,138,ground,Bandage,2,0,0,0,0,16,100
2,138,ground,Mushroom spores,2,0,0,0,0,12,122
2,138,ground,Medkit,1,0,0,0,0,35,15
2,138,ground,Ammo,1,0,0,0,0,36,18
2,138,ground,River Fish,5,0,0,0,0,19,117
2,138,ground,River Fish,3,0,0,0,0,30,109
2,138,ground,River Fish,3,0,0,0,0,61,103
2,138,stored,Straw Decoy,1,0,0,0,0,13,97
2,138,ground,Resin Glue,1,0,0,0,0,47,110
2,138,ground,Spring Trap,2,0,0,0,0,9,108
2,139,ground,Stick,1,18,0,0,0,33,57
2,139,ground,Hunting Spear,1,45,0,0,0,51,59
2,139,ground,Pickaxe,1,32,0,0,0,36,6
2,139,ground,Water flask,2,0,0,0,0,36,20
2,139,ground,Crossbow,1,0,0,1,16,15,12
2,139,ground,Rope Hook,1,0,24,0,0,16,12
2,139,ground,Torch,1,90,0,0,0,11,35
2,139,ground,Honey pot,1,0,0,0,0,102,79
2,139,ground,Spring Trap,2,0,0,0,0,51,79
2,139,ground,Bird Seed,1,0,0,0,0,99,79
2,139,ground,Fungal Bread,1,0,0,0,0,91,76
2,139,ground,Ammo,1,0,0,0,0,55,102
2,139,ground,Medkit,1,0,0,0,0,36,99
2,139,ground,Bow,1,0,0,20,0,34,96
2,139,ground,Ammo,1,0,0,0,0,35,96
2,139,ground,River Fish,2,0,0,0,0,104,73
2,139,ground,River Fish,5,0,0,0,0,95,71
2,139,ground,Lighter,1,0,20,0,0,65,102
2,139,ground,Throwing Rock,3,0,0,0,0,105,83
2,139,ground,Hatchet,1,35,0,0,0,59,98
2,139,wall,Water flask,2,0,0,0,0,15,23
2,140,ground,Stick,1,18,0,0,0,55,80
2,140,ground,Pickaxe,1,32,0,0,0,73,63
2,140,ground,Rake,1,400,0,0,0,83,53
2,140,ground,River Fish,5,0,0,0,0,31,27
2,140,ground,Stick,1,18,0,0,0,18,37
2,140,ground,Throwing Rock,3,0,0,0,0,15,28
2,140,ground,Flint Knife,1,60,0,0,0,34,52
2,140,ground,Throwing Net,2,0,0,0,0,35,52
2,140,ground,Torch,1,90,0,0,0,56,57
2,140,ground,Torch,1,90,0,0,0,78,11
2,140,ground,Wolf Whistle,1,0,8,0,0,76,29
2,140,ground,Bitter Root,1,0,0,0,0,70,11
2,140,ground,Bow,1,0,0,20,0,57,39
2,140,ground,Medkit,1,0,0,0,0,57,32
2,140,ground,Honey pot,1,0,0,0,0,96,37
2,140,ground,Ammo,1,0,0,0,0,100,26
2,140,ground,Bandage,2,0,0,0,0,51,33
2,140,ground,Torch,1,90,0,0,0,49,34
2,140,ground,Ammo,1,0,0,0,0,58,33
2,141,ground,Stick,1,18,0,0,0,57,37
2,141,carried,Buckler,1,30,0,0,0,34,59
2,141,carried,Buckler,1,30,0,0,0,32,57
2,141,ground,Torch,1,90,0,0,0,17,61
2,141,ground,Digging Claws,1,200,0,0,0,11,64
2,141,ground,Hatchet,1,35,0,0,0,82,60
2,141,ground,Torch,1,90,0,0,0,83,60
2,141,ground,Crossbow,1,0,0,1,16,52,59
2,141,ground,Root Drill,1,0,3,0,0,51,59
2,141,carried,Buckler,1,30,0,0,0,86,55
2,141,carried,Buckler,1,30,0,0,0,75,62
2,141,carried,Buckler,1,30,0,0,0,63,63
2,141,ground,Firecracker,2,0,0,0,0,60,63
2,141,ground,Wooden Maul,1,24,0,0,0,63,33
2,141,ground,Bird Seed,1,0,0,0,0,60,12
2,141,ground,Fungal Bread,1,0,0,0,0,53,14
2,141,ground,Lighter,1,0,20,0,0,75,35
2,141,ground,Ammo,1,0,0,0,0,76,37
2,141,ground,Ammo,1,0,0,0,0,102,78
2,141,ground,Medkit,1,0,0,0,0,77,83
2,141,ground,Ammo,1,0,0,0,0,79,76
2,141,ground,River Fish,4,0,0,0,0,104,48
2,141,ground,River Fish,4,0,0,0,0,117,42
2,141,ground,Pitch Bomb,2,0,0,0,0,108,57
2,141,ground,Pitch Bomb,2,0,0,0,0,81,32
2,142,ground,Stick,1,18,0,0,0,79,59
2,142,ground,Bear Trap,2,0,0,0,0,48,55
2,142,ground,Pickaxe,1,32,0,0,0,35,37
2,142,ground,River Fish,3,0,0,0,0,55,94
2,142,ground,Hunting Spear,1,45,0,0,0,75,103
2,142,ground,Crossbow,1,0,0,1,16,75,13
2,142,ground,Resin Glue,1,0,0,0,0,74,36
2,142,ground,Hatchet,1,35,0,0,0,81,9
2,142,ground,River Fish,5,0,0,0,0,13,59
2,142,ground,Sap jar,2,0,0,0,0,78,14
2,142,ground,Chili,1,0,0,0,0,72,76
2,142,ground,Lighter,1,0,20,0,0,58,76
2,142,ground,Medkit,1,0,0,0,0,7,74
2,142,ground,Bandage,2,0,0,0,0,13,72
2,142,ground,Ammo,1,0,0,0,0,6,73
2,142,ground,River Fish,2,0,0,0,0,3,60
2,142,ground,River Fish,3,0,0,0,0,13,67
2,142,ground,River Fish,2,0,0,0,0,22,59
2,142,ground,River Fish,4,0,0,0,0,18,48
2,142,ground,Torch,1,90,0,0,0,67,79
2,142,ground,Hunting Spear,1,45,0,0,0,51,82
2,142,wall,Cooked Meat,2,0,0,0,0,47,67
2,142,wall,Bear Trap,2,0,0,0,0,79,86
2,143,ground,Stick,1,18,0,0,0,56,36
2,143,ground,Torch,1,90,0,0,0,11,32
2,143,ground,Sleep Meds,3,0,0,0,0,32,41
2,143,ground,River Fish,3,0,0,0,0,83,51
2,143,ground,Fishing Line,1,0,20,0,0,87,52
2,143,ground,River Fish,5,0,0,0,0,11,52
2,143,ground,Raw Meat,1,0,0,0,0,34,56
2,143,ground,Sap jar,2,0,0,0,0,8,58
2,143,ground,Ammo,1,0,0,0,0,52,57
2,143,ground,Water flask,2,0,0,0,0,73,56
2,143,ground,Rake,1,400,0,0,0,106,50
2,143,ground,Fungal Bread,1,0,0,0,0,98,50
2,143,ground,Bandage,2,0,0,0,0,30,56
2,143,ground,Ammo,1,0,0,0,0,98,37
2,143,stored,Resin Glue,1,0,0,0,0,81,38
2,143,ground,Mushroom spores,2,0,0,0,0,31,62
2,143,ground,Torch,1,90,0,0,0,94,54
2,143,ground,Seed Bag,1,0,6,0,0,4,52
2,144,ground,Stick,1,18,0,0,0,78,80
2,144,ground,Wooden Maul,1,24,0,0,0,97,12
2,144,ground,Rope Hook,1,0,24,0,0,98,12
2,144,ground,Torch,1,90,0,0,0,100,34
2,144,ground,Throwing Rock,3,0,0,0,0,34,55
2,144,ground,Pickaxe,1,32,0,0,0,59,83
2,144,ground,Ammo,1,0,0,0,0,61,85
2,144,ground,Bird Seed,1,0,0,0,0,60,98
2,144,ground,Bandage,2,0,0,0,0,52,104
2,144,ground,Ammo,1,0,0,0,0,101,58
2,144,ground,Bandage,2,0,0,0,0,33,96
2,144,ground,Ammo,1,0,0,0,0,20,99
2,144,ground,Rope Snare,2,0,0,0,0,40,124
2,144,ground,Resin Glue,1,0,0,0,0,36,61
2,144,ground,Digging Claws,1,200,0,0,0,105,54
2,144,ground,Resin Glue,1,0,0,0,0,27,95
2,144,wall,Seed Bag,1,0,6,0,0,27,128
2,145,ground,Stick,1,18,0,0,0,12,36
2,145,ground,Sleep Meds,3,0,0,0,0,57,49
2,145,ground,Rake,1,400,0,0,0,71,47
2,145,ground,Bow,1,0,0,20,0,33,17
2,145,ground,Rope Hook,1,0,24,0,0,34,17
2,145,ground,Torch,1,90,0,0,0,12,11
2,145,ground,Stick,1,18,0,0,0,34,60
2,145,ground,Sap jar,2,0,0,0,0,57,47
2,145,ground,Bird Seed,1,0,0,0,0,34,79
2,145,ground,Herb Bag,1,0,4,0,0,37,70
2,145,ground,Medkit,1,0,0,0,0,55,15
2,145,ground,Resin Glue,1,0,0,0,0,33,106
2,145,ground,Ammo,1,0,0,0,0,35,99
2,145,ground,Hatchet,1,35,0,0,0,53,16
2,145,ground,Ammo,1,0,0,0,0,59,14
2,145,ground,River Fish,5,0,0,0,0,50,35
2,145,ground,Throwing Rock,3,0,0,0,0,32,85
2,145,wall,Hatchet,1,35,0,0,0,41,36
2,146,ground,Stick,1,18,0,0,0,55,81
2,146,ground,Bomb,2,0,0,0,0,41,61
2,146,ground,Hatchet,1,35,0,0,0,30,74
2,146,ground,Hand Bell,1,0,80,0,0,39,60
2,146,ground,Hatchet,1,35,0,0,0,83,10
2,146,ground,Rake,1,400,0,0,0,38,29
2,146,ground,Bandage,2,0,0,0,0,38,26
2,146,ground,Rake,1,400,0,0,0,59,12
2,146,ground,Ammo,1,0,0,0,0,51,13
2,146,ground,Ammo,1,0,0,0,0,80,13
2,146,ground,Ammo,1,0,0,0,0,6,60
2,146,ground,Medkit,1,0,0,0,0,96,16
2,146,ground,River Fish,4,0,0,0,0,39,21
2,146,ground,River Fish,2,0,0,0,0,82,40
2,146,ground,River Fish,4,0,0,0,0,96,47
2,146,ground,Flint Knife,1,60,0,0,0,50,59
2,146,ground,Stick,1,18,0,0,0,7,28
2,146,ground,Bandage,3,0,0,0,0,40,3
2,146,wall,Mushroom spores,2,0,0,0,0,45,15
2,147,ground,Stick,1,18,0,0,0,56,79
2,147,carried,Buckler,1,30,0,0,0,55,53
2,147,carried,Buckler,1,30,0,0,0,57,50
2,147,carried,Buckler,1,30,0,0,0,58,42
2,147,carried,Buckler,1,30,0,0,0,54,42
2,147,carried,Buckler,1,30,0,0,0,57,41
2,147,carried,Buckler,1,30,0,0,0,58,45
2,147,ground,Hatchet,1,35,0,0,0,51,46
2,147,ground,Seed Bag,1,0,6,0,0,60,73
2,147,ground,Rake,1,400,0,0,0,58,102
2,147,ground,Fungal Bread,1,0,0,0,0,57,95
2,147,ground,Thorn Caltrops,2,0,0,0,0,7,33
2,147,ground,Herb Bag,1,0,4,0,0,12,37
2,147,ground,Ammo,1,0,0,0,0,78,60
2,147,ground,Ammo,1,0,0,0,0,40,6
2,147,stored,Flint Knife,1,60,0,0,0,79,127
2,147,ground,Buckler,1,30,0,0,0,62,98
2,148,ground,Stick,1,18,0,0,0,12,36
2,148,ground,Hatchet,1,35,0,0,0,37,99
2,148,ground,Resin Glue,1,0,0,0,0,35,71
2,148,ground,Rake,1,400,0,0,0,38,78
2,148,ground,Hunting Spear,1,45,0,0,0,57,16
2,148,ground,Rope Hook,1,0,24,0,0,58,16
2,148,ground,Torch,1,90,0,0,0,33,12
2,148,ground,Hatchet,1,35,0,0,0,38,30
2,148,ground,Torch,1,90,0,0,0,37,30
2,148,ground,Hatchet,1,35,0,0,0,38,61
2,148,ground,Root Drill,1,0,3,0,0,37,62
2,148,carried,Buckler,1,30,0,0,0,39,52
2,148,carried,Buckler,1,30,0,0,0,38,58
2,148,ground,Firecracker,2,0,0,0,0,30,33
2,148,ground,Firecracker,2,0,0,0,0,32,51
2,148,ground,River Fish,3,0,0,0,0,8,58
2,148,ground,Fishing Line,1,0,20,0,0,8,61
2,148,ground,Straw Decoy,1,0,0,0,0,9,81
2,148,ground,Water flask,2,0,0,0,0,15,62
2,148,ground,Resin Glue,1,0,0,0,0,9,80
2,148,ground,Ammo,1,0,0,0,0,11,81
2,148,ground,Ammo,1,0,0,0,0,62,78
2,148,ground,Medkit,1,0,0,0,0,56,102
2,148,ground,Bandage,2,0,0,0,0,56,92
2,148,ground,Ammo,1,0,0,0,0,55,101
2,148,ground,River Fish,5,0,0,0,0,27,31
2,148,ground,River Fish,3,0,0,0,0,35,21
2,148,ground,River Fish,5,0,0,0,0,47,15
2,148,ground,River Fish,5,0,0,0,0,55,5
2,148,ground,Seed Bag,1,0,6,0,0,17,42
2,148,wall,Hatchet,1,35,0,0,0,25,44
2,149,ground,Stick,1,18,0,0,0,33,81
2,149,ground,Flint Knife,1,60,0,0,0,58,47
2,149,ground,Bandage,3,0,0,0,0,46,49
2,149,ground,River Fish,6,0,0,0,0,13,58
2,149,ground,Seed Bag,1,0,6,0,0,56,51
2,149,ground,Bitter Root,1,0,0,0,0,37,95
2,149,ground,Water flask,2,0,0,0,0,16,57
2,149,ground,Bandage,2,0,0,0,0,57,92
2,149,ground,Bandage,2,0,0,0,0,5,73
2,149,ground,Ammo,1,0,0,0,0,12,25
2,149,ground,Ammo,1,0,0,0,0,37,16
2,149,ground,Ammo,1,0,0,0,0,4,99
2,149,ground,River Fish,3,0,0,0,0,8,7
2,149,ground,Bow,1,0,0,20,0,16,76
2,149,wall,Torch,1,90,0,0,0,34,69
2,150,ground,Stick,1,18,0,0,0,57,59
2,150,ground,Straw Decoy,1,0,0,0,0,82,30
2,150,ground,Pickaxe,1,32,0,0,0,53,20
2,150,ground,River Fish,3,0,0,0,0,11,78
2,150,ground,Hunting Spear,1,45,0,0,0,11,102
2,150,ground,Rope Snare,2,0,0,0,0,12,94
2,150,ground,Hatchet,1,35,0,0,0,36,36
2,150,ground,Hatchet,1,35,0,0,0,36,61
2,150,ground,Flint Knife,1,60,0,0,0,36,51
2,150,ground,Rope Snare,2,0,0,0,0,57,38
2,150,ground,Rake,1,400,0,0,0,3,56
2,150,ground,Fungal Bread,1,0,0,0,0,4,54
2,150,ground,Resin Glue,1,0,0,0,0,30,11
2,150,ground,Ammo,1,0,0,0,0,29,10
2,150,ground,Ammo,1,0,0,0,0,11,117
2,150,ground,Chili,1,0,0,0,0,8,16
2,150,ground,Ammo,1,0,0,0,0,10,10
2,150,ground,Medkit,1,0,0,0,0,105,34
2,150,ground,River Fish,4,0,0,0,0,65,33
2,150,ground,River Fish,2,0,0,0,0,50,35
2,150,ground,River Fish,5,0,0,0,0,22,41
2,150,ground,River Fish,3,0,0,0,0,12,48
2,150,ground,Torch,1,90,0,0,0,9,60
2,150,ground,Digging Claws,1,200,0,0,0,45,31
2,150,wall,Herb Bag,1,0,4,0,0,21,48
2,150,wall,Rope Hook,1,0,24,0,0,4,123
2,151,ground,Stick,1,18,0,0,0,57,59
2,151,ground,Hatchet,1,35,0,0,0,53,100
2,151,ground,Wooden Maul,1,24,0,0,0,67,93
2,151,ground,Chili,1,0,0,0,0,49,104
2,151,ground,Lighter,1,0,20,0,0,76,93
2,151,ground,River Fish,5,0,0,0,0,73,48
2,151,ground,Fishing Line,1,0,20,0,0,77,51
2,151,ground,Stick,1,18,0,0,0,54,24
2,151,ground,Honey pot,1,0,0,0,0,57,28
2,151,ground,Seed Bag,1,0,6,0,0,76,51
2,151,ground,Mushroom spores,2,0,0,0,0,85,48
2,151,ground,Bird Seed,1,0,0,0,0,38,42
2,151,ground,Bandage,2,0,0,0,0,37,30
2,151,ground,Ammo,1,0,0,0,0,83,79
2,151,ground,Ammo,1,0,0,0,0,34,59
2,151,ground,Resin Glue,1,0,0,0,0,31,13
2,151,ground,Ammo,1,0,0,0,0,33,15
2,151,ground,Medkit,1,0,0,0,0,39,98
2,151,ground,River Fish,5,0,0,0,0,53,40
2,151,stored,Throwing Rock,3,0,0,0,0,82,60
2,151,stored,Egg,3,0,0,0,0,27,53
2,151,ground,Bow,1,0,0,20,0,26,42
2,151,wall,Hunting Spear,1,45,0,0,0,42,47
2,151,wall,Rope Hook,1,0,24,0,0,69,51
2,152,ground,Stick,1,18,0,0,0,56,36
2,152,ground,River Fish,3,0,0,0,0,51,81
2,152,ground,Throwing Rock,3,0,0,0,0,60,100
2,152,ground,Rake,1,400,0,0,0,65,79
2,152,ground,Rope Snare,2,0,0,0,0,56,84
2,152,ground,Bow,1,0,0,20,0,99,82
2,152,ground,Rope Hook,1,0,24,0,0,100,82
2,152,ground,Torch,1,90,0,0,0,77,79
2,152,ground,Thorn Caltrops,2,0,0,0,0,79,32
2,152,ground,Rake,1,400,0,0,0,75,38
2,152,ground,Bandage,2,0,0,0,0,74,41
2,152,ground,Rope Hook,1,0,24,0,0,58,60
2,152,ground,Ammo,1,0,0,0,0,52,63
2,152,ground,Honey pot,1,0,0,0,0,75,12
2,152,ground,Ammo,1,0,0,0,0,68,14
2,152,ground,Fungal Bread,1,0,0,0,0,78,49
2,152,ground,Ammo,1,0,0,0,0,15,99
2,152,ground,River Fish,5,0,0,0,0,103,75
2,152,stored,Rope Snare,2,0,0,0,0,78,52
2,152,stored,Mushroom spores,2,0,0,0,0,73,57
2,152,ground,Sap jar,2,0,0,0,0,44,92
2,152,ground,Resin Glue,1,0,0,0,0,62,63
2,152,wall,Torch,1,90,0,0,0,71,52
2,153,ground,Stick,1,18,0,0,0,34,79
2,153,ground,River Fish,5,0,0,0,0,54,53
2,153,ground,Buckler,1,30,0,0,0,39,61
2,153,ground,Hatchet,1,35,0,0,0,59,39
2,153,ground,Torch,1,90,0,0,0,59,38
2,153,ground,Bow,1,0,0,20,0,31,39
2,153,ground,Root Drill,1,0,3,0,0,30,38
2,153,carried,Buckler,1,30,0,0,0,39,37
2,153,carried,Buckler,1,30,0,0,0,38,31
2,153,carried,Buckler,1,30,0,0,0,54,31
2,153,ground,Fungal Bread,2,0,0,0,0,48,40
2,153,ground,Firecracker,2,0,0,0,0,56,28
2,153,ground,Hatchet,1,35,0,0,0,13,40
2,153,ground,Water flask,2,0,0,0,0,54,72
2,153,ground,Bandage,2,0,0,0,0,47,84
2,153,ground,Rake,1,400,0,0,0,14,51
2,153,ground,Herb Bag,1,0,4,0,0,11,55
2,153,ground,Throwing Net,2,0,0,0,0,14,70
2,153,ground,Ammo,1,0,0,0,0,6,81
2,153,ground,Ammo,1,0,0,0,0,20,31
2,153,ground,Bow,1,0,0,20,0,80,123
2,154,ground,Stick,1,18,0,0,0,57,35
2,154,ground,Flint Knife,1,60,0,0,0,79,75
2,154,ground,Shield Lantern,1,24,0,0,0,75,78
2,154,ground,Hatchet,1,35,0,0,0,59,61
2,154,ground,Torch,1,90,0,0,0,60,61
2,154,ground,Hatchet,1,35,0,0,0,30,61
2,154,ground,Root Drill,1,0,3,0,0,29,61
2,154,carried,Buckler,1,30,0,0,0,27,55
2,154,ground,Fungal Bread,2,0,0,0,0,34,51
2,154,ground,Firecracker,2,0,0,0,0,62,59
2,154,ground,River Fish,5,0,0,0,0,36,76
2,154,ground,River Fish,3,0,0,0,0,74,102
2,154,ground,Torch,1,90,0,0,0,78,39
2,154,ground,Honey pot,1,0,0,0,0,80,37
2,154,ground,Pickaxe,1,32,0,0,0,78,78
2,154,ground,Mushroom spores,2,0,0,0,0,37,77
2,154,ground,Medkit,1,0,0,0,0,53,80
2,154,ground,Bitter Root,1,0,0,0,0,8,71
2,154,ground,Fungal Bread,1,0,0,0,0,81,41
2,154,ground,Scarecrow,1,0,0,0,0,78,12
2,154,ground,Ammo,1,0,0,0,0,75,9
2,154,ground,Ammo,1,0,0,0,0,57,80
2,154,ground,River Fish,2,0,0,0,0,73,86
2,154,ground,Sap jar,2,0,0,0,0,14,107
2,155,ground,Stick,1,18,0,0,0,56,35
2,155,ground,Seed Bag,1,0,6,0,0,5,60
2,155,ground,Ammo,2,0,0,0,0,19,53
2,155,ground,River Fish,5,0,0,0,0,58,82
2,155,ground,Bow,1,0,0,20,0,11,11
2,155,ground,Honey pot,1,0,0,0,0,19,7
2,155,ground,Sap jar,2,0,0,0,0,51,48
2,155,ground,Herb Bag,1,0,4,0,0,59,50
2,155,ground,Herb Bag,1,0,4,0,0,62,60
2,155,ground,Bird Seed,1,0,0,0,0,26,33
2,155,ground,Herb Bag,1,0,4,0,0,35,38
2,155,ground,Ammo,1,0,0,0,0,55,15
2,155,ground,Rabbit Charm,1,0,0,0,0,52,93
2,155,ground,Ammo,1,0,0,0,0,61,100
2,155,ground,Ammo,1,0,0,0,0,24,77
2,155,ground,River Fish,3,0,0,0,0,66,81
2,155,ground,Bow,1,0,0,20,0,36,10
2,155,ground,Sticky Boots,1,0,4,0,0,31,14
2,155,ground,Water flask,2,0,0,0,0,53,57
2,155,wall,Stick,1,18,0,0,0,32,24
2,155,wall,Fried Egg,2,0,0,0,0,46,34
2,155,wall,Flint Knife,1,60,0,0,0,52,72
2,156,ground,Stick,1,18,0,0,0,77,36
2,156,ground,Hatchet,1,35,0,0,0,60,30
2,156,ground,Torch,1,90,0,0,0,61,30
2,156,ground,Digging Claws,1,200,0,0,0,30,30
2,156,ground,Root Drill,1,0,3,0,0,29,31
2,156,carried,Buckler,1,30,0,0,0,33,29
2,156,ground,Fungal Bread,2,0,0,0,0,61,27
2,156,ground,Firecracker,2,0,0,0,0,51,29
2,156,ground,Firecracker,2,0,0,0,0,37,38
2,156,ground,Torch,1,90,0,0,0,10,41
2,156,ground,Torch,1,90,0,0,0,44,35
2,156,ground,Sticky Boots,1,0,4,0,0,53,13
2,156,ground,Ammo,1,0,0,0,0,51,10
2,156,ground,Chili,1,0,0,0,0,122,34
2,156,ground,Lantern Seed,1,0,0,0,0,9,35
2,156,ground,Herb Bag,1,0,4,0,0,30,7
2,156,ground,Medkit,1,0,0,0,0,9,7
2,156,ground,Ammo,1,0,0,0,0,8,3
2,156,ground,Rope Hook,1,0,24,0,0,29,14
2,156,ground,Bear Trap,2,0,0,0,0,126,41
2,156,wall,Flint Knife,1,60,0,0,0,129,8
2,157,ground,Stick,1,18,0,0,0,34,36
2,157,ground,Hatchet,1,35,0,0,0,12,82
2,157,ground,Rope Hook,1,0,24,0,0,13,82
2,157,ground,Torch,1,90,0,0,0,34,77
2,157,ground,Flint Knife,1,60,0,0,0,77,73
2,157,ground,Resin Glue,1,0,0,0,0,84,78
2,157,ground,Mushroom spores,2,0,0,0,0,81,73
2,157,ground,Throwing Rock,3,0,0,0,0,81,56
2,157,ground,Rake,1,400,0,0,0,98,73
2,157,ground,Fungal Bread,1,0,0,0,0,103,75
2,157,ground,Sap jar,2,0,0,0,0,102,65
2,157,ground,Fungal Bread,1,0,0,0,0,101,61
2,157,ground,Root Drill,1,0,3,0,0,16,54
2,157,ground,Ammo,1,0,0,0,0,2,56
2,157,ground,Ammo,1,0,0,0,0,82,58
2,157,stored,Bow,1,0,0,20,0,28,51
2,157,ground,Hunting Horn,1,0,8,0,0,53,55
2,157,ground,Medkit,1,0,0,0,0,106,41
2,157,ground,Sap jar,2,0,0,0,0,31,49
2,157,ground,Straw Decoy,1,0,0,0,0,91,36
2,157,wall,Throwing Net,2,0,0,0,0,95,60
2,158,ground,Stick,1,18,0,0,0,35,79
2,158,carried,Buckler,1,30,0,0,0,62,41
2,158,carried,Buckler,1,30,0,0,0,67,39
2,158,carried,Buckler,1,30,0,0,0,56,46
2,158,carried,Buckler,1,30,0,0,0,55,48
2,158,carried,Buckler,1,30,0,0,0,54,49
2,158,carried,Buckler,1,30,0,0,0,78,38
2,158,carried,Buckler,1,30,0,0,0,79,42
2,158,ground,Sap jar,2,0,0,0,0,58,56
2,158,ground,Oil flask,2,0,0,0,0,78,54
2,158,ground,Crossbow,1,0,0,1,16,82,96
2,158,ground,Splint,1,0,2,0,0,55,78
2,158,ground,Hatchet,1,35,0,0,0,37,50
2,158,ground,Torch,1,90,0,0,0,37,49
2,158,ground,Stick,1,18,0,0,0,7,50
2,158,ground,Root Drill,1,0,3,0,0,6,50
2,158,carried,Buckler,1,30,0,0,0,34,47
2,158,ground,Fungal Bread,2,0,0,0,0,36,60
2,158,ground,Straw Decoy,1,0,0,0,0,78,73
2,158,ground,Medkit,1,0,0,0,0,58,16
2,158,ground,Blink Seed,2,0,0,0,0,17,32
2,158,ground,Ammo,1,0,0,0,0,15,36
2,158,ground,Bandage,2,0,0,0,0,57,17
2,158,ground,Torch,1,90,0,0,0,52,13
2,158,ground,Ammo,1,0,0,0,0,61,10
2,158,wall,Sap jar,2,0,0,0,0,90,54
2,158,wall,Mushroom spores,2,0,0,0,0,55,67
2,159,ground,Stick,1,18,0,0,0,79,59
2,159,ground,Bandage,3,0,0,0,0,84,37
2,159,ground,Digging Claws,1,200,0,0,0,87,20
2,159,ground,River Fish,3,0,0,0,0,32,55
2,159,ground,Smoke pot,2,0,0,0,0,36,43
2,159,ground,Lighter,1,0,20,0,0,38,51
2,159,ground,Hatchet,1,35,0,0,0,60,56
2,159,ground,Throwing Net,2,0,0,0,0,61,56
2,159,ground,Torch,1,90,0,0,0,57,35
2,159,ground,Bear Trap,2,0,0,0,0,79,38
2,159,ground,Acorn Mine,2,0,0,0,0,104,48
2,159,ground,Ammo,1,0,0,0,0,98,51
2,159,ground,Mushroom spores,2,0,0,0,0,50,8
2,159,ground,Bird Seed,1,0,0,0,0,121,5
2,159,ground,Herb Bag,1,0,4,0,0,126,19
2,159,ground,Medkit,1,0,0,0,0,13,61
2,159,ground,Ammo,1,0,0,0,0,11,55
2,159,ground,Pickaxe,1,32,0,0,0,60,16
2,159,ground,Sap jar,2,0,0,0,0,56,3
2,159,ground,Flint Knife,1,60,0,0,0,49,14
2,159,ground,Water flask,2,0,0,0,0,124,14
2,160,ground,Stick,1,18,0,0,0,77,79
2,160,ground,Flint Knife,1,60,0,0,0,73,61
2,160,ground,Bird Seed,3,0,0,0,0,74,44
2,160,ground,Wooden Maul,1,24,0,0,0,65,53
2,160,ground,Pickaxe,1,32,0,0,0,79,55
2,160,ground,River Fish,4,0,0,0,0,35,37
2,160,ground,Seed Bag,1,0,6,0,0,43,30
2,160,ground,Lighter,1,0,20,0,0,57,76
2,160,ground,Ammo,1,0,0,0,0,52,78
2,160,ground,Rake,1,400,0,0,0,81,12
2,160,ground,Bandage,2,0,0,0,0,81,8
2,160,ground,Bandage,2,0,0,0,0,32,48
2,160,ground,Ammo,1,0,0,0,0,33,78
2,160,ground,River Fish,3,0,0,0,0,22,64
2,160,ground,Pickaxe,1,32,0,0,0,73,12
2,160,ground,Pitch Bomb,2,0,0,0,0,53,11
2,160,wall,Pickaxe,1,32,0,0,0,8,67
2,161,ground,Stick,1,18,0,0,0,33,36
2,161,ground,Stick,1,18,0,0,0,83,21
2,161,ground,Resin Glue,1,0,0,0,0,55,27
2,161,ground,Smoke pot,2,0,0,0,0,74,14
2,161,ground,River Fish,3,0,0,0,0,53,58
2,161,ground,Flint Knife,1,60,0,0,0,56,83
2,161,ground,Hatchet,1,35,0,0,0,39,74
2,161,ground,Torch,1,90,0,0,0,38,74
2,161,ground,Hatchet,1,35,0,0,0,39,104
2,161,ground,Root Drill,1,0,3,0,0,39,105
2,161,carried,Buckler,1,30,0,0,0,31,78
2,161,ground,Fungal Bread,2,0,0,0,0,41,79
2,161,ground,Firecracker,2,0,0,0,0,37,78
2,161,ground,River Fish,3,0,0,0,0,75,77
2,161,ground,Fishing Line,1,0,20,0,0,72,79
2,161,ground,Straw Decoy,1,0,0,0,0,54,39
2,161,ground,Crossbow,1,0,0,1,16,30,50
2,161,ground,Fungal Bread,1,0,0,0,0,31,51
2,161,ground,Water flask,2,0,0,0,0,85,83
2,161,ground,Medkit,1,0,0,0,0,98,10
2,161,ground,Ammo,1,0,0,0,0,13,38
2,161,ground,Ammo,1,0,0,0,0,101,10
2,161,ground,River Fish,5,0,0,0,0,82,67
2,161,ground,River Fish,3,0,0,0,0,91,40
2,161,ground,River Fish,5,0,0,0,0,98,29
2,161,ground,Rake,1,400,0,0,0,88,68
2,161,ground,Water flask,2,0,0,0,0,104,32
2,161,ground,Resin Glue,1,0,0,0,0,12,32
2,161,wall,Bandage,3,0,0,0,0,91,27
2,162,ground,Stick,1,18,0,0,0,33,81
2,162,ground,Flint Knife,1,60,0,0,0,38,110
2,162,ground,Acorn Mine,2,0,0,0,0,36,119
2,162,ground,Rake,1,400,0,0,0,34,101
2,162,ground,Bow,1,0,0,20,0,60,123
2,162,ground,Throwing Net,2,0,0,0,0,61,123
2,162,ground,Torch,1,90,0,0,0,56,101
2,162,ground,River Fish,5,0,0,0,0,58,34
2,162,ground,Fishing Line,1,0,20,0,0,61,32
2,162,ground,Bear Trap,2,0,0,0,0,58,32
2,162,ground,Sap jar,2,0,0,0,0,59,82
2,162,ground,Bandage,2,0,0,0,0,54,81
2,162,ground,Bird Seed,1,0,0,0,0,11,73
2,162,ground,Herb Bag,1,0,4,0,0,7,79
2,162,ground,Ammo,1,0,0,0,0,31,41
2,162,ground,Bomb,2,0,0,0,0,14,62
2,162,ground,Flint Knife,1,60,0,0,0,12,83
2,162,wall,Sap jar,2,0,0,0,0,58,69
2,163,ground,Stick,1,18,0,0,0,57,81
2,163,carried,Buckler,1,30,0,0,0,96,113
2,163,carried,Buckler,1,30,0,0,0,97,107
2,163,carried,Buckler,1,30,0,0,0,96,109
2,163,ground,Acorn Mine,2,0,0,0,0,94,119
2,163,ground,Resin Glue,1,0,0,0,0,93,122
2,163,ground,Hunting Spear,1,45,0,0,0,96,106
2,163,ground,Flint Knife,1,60,0,0,0,62,51
2,163,ground,Scarecrow,1,0,0,0,0,50,63
2,163,ground,Lighter,1,0,20,0,0,72,51
2,163,ground,Stick,1,18,0,0,0,75,12
2,163,ground,Rope Hook,1,0,24,0,0,76,12
2,163,ground,Torch,1,90,0,0,0,78,34
2,163,ground,River Fish,5,0,0,0,0,58,103
2,163,ground,Fishing Line,1,0,20,0,0,56,104
2,163,ground,Hatchet,1,35,0,0,0,77,107
2,163,ground,Mushroom spores,2,0,0,0,0,59,96
2,163,ground,Ammo,1,0,0,0,0,86,77
2,163,ground,Throwing Net,2,0,0,0,0,59,117
2,163,ground,Ammo,1,0,0,0,0,53,121
2,163,ground,Medkit,1,0,0,0,0,52,14
2,163,ground,Rake,1,400,0,0,0,34,56
2,163,ground,Herb Bag,1,0,4,0,0,39,50
2,163,ground,Ammo,1,0,0,0,0,57,16
2,163,ground,Crossbow,1,0,0,1,16,44,64
2,163,ground,Pickaxe,1,32,0,0,0,27,48
2,163,ground,Pickaxe,1,32,0,0,0,27,58
2,164,ground,Stick,1,18,0,0,0,77,80
2,164,ground,Rope Hook,1,0,24,0,0,32,48
2,164,ground,Pickaxe,1,32,0,0,0,12,74
2,164,ground,River Fish,5,0,0,0,0,15,32
2,164,ground,Fishing Line,1,0,20,0,0,16,32
2,164,ground,Pitch Bomb,2,0,0,0,0,52,58
2,164,ground,Lantern Seed,1,0,0,0,0,51,80
2,164,ground,Lighter,1,0,20,0,0,85,64
2,164,ground,Ammo,1,0,0,0,0,80,64
2,164,ground,Medkit,1,0,0,0,0,13,13
2,164,ground,Pitch Bomb,2,0,0,0,0,71,31
2,164,ground,Ammo,1,0,0,0,0,71,34
2,164,ground,Bandage,2,0,0,0,0,12,18
2,164,ground,Ammo,1,0,0,0,0,10,15
2,165,ground,Stick,1,18,0,0,0,56,80
2,165,ground,Thorn Caltrops,2,0,0,0,0,69,51
2,165,ground,Resin Glue,1,0,0,0,0,63,37
2,165,ground,Flint Knife,1,60,0,0,0,6,28
2,165,ground,Ammo,1,0,0,0,0,83,101
2,165,ground,Mushroom spores,2,0,0,0,0,40,34
2,165,ground,Medkit,1,0,0,0,0,7,25
2,165,ground,Rake,1,400,0,0,0,99,101
2,165,ground,Fungal Bread,1,0,0,0,0,97,102
2,165,ground,Wooden Maul,1,24,0,0,0,102,85
2,165,ground,Ammo,1,0,0,0,0,97,76
2,165,ground,Ammo,1,0,0,0,0,10,35
2,165,ground,River Fish,4,0,0,0,0,62,29
2,165,ground,River Fish,2,0,0,0,0,93,32
2,165,ground,Water flask,2,0,0,0,0,103,41
2,165,ground,Splint,1,0,2,0,0,36,9
2,165,ground,Medkit,1,0,0,0,0,68,22
2,166,ground,Stick,1,18,0,0,0,78,36
2,166,ground,River Fish,5,0,0,0,0,33,27
2,166,ground,Crossbow,1,0,0,1,16,10,36
2,166,ground,Stick,1,18,0,0,0,51,33
2,166,ground,Rope Hook,1,0,24,0,0,52,33
2,166,ground,Torch,1,90,0,0,0,57,56
2,166,ground,Spring Trap,2,0,0,0,0,38,37
2,166,ground,Rake,1,400,0,0,0,74,59
2,166,ground,Fungal Bread,1,0,0,0,0,75,56
2,166,ground,Mushroom spores,2,0,0,0,0,120,53
2,166,ground,Herb Bag,1,0,4,0,0,123,50
2,166,ground,Straw Decoy,1,0,0,0,0,26,57
2,166,ground,Ammo,1,0,0,0,0,31,62
2,166,ground,Ammo,1,0,0,0,0,80,16
2,166,ground,Ammo,1,0,0,0,0,148,57
2,166,ground,River Fish,3,0,0,0,0,83,56
2,166,ground,Water flask,2,0,0,0,0,81,82
2,166,ground,Rope Snare,2,0,0,0,0,91,59
2,166,ground,Hatchet,1,35,0,0,0,48,44
2,166,wall,Bandage,3,0,0,0,0,91,76
2,166,wall,Bandage,3,0,0,0,0,106,76
2,167,ground,Stick,1,18,0,0,0,11,81
2,167,ground,Pickaxe,1,32,0,0,0,51,56
2,167,ground,Throwing Net,2,0,0,0,0,52,56
2,167,ground,Torch,1,90,0,0,0,55,77
2,167,ground,Hatchet,1,35,0,0,0,82,51
2,167,ground,Torch,1,90,0,0,0,82,50
2,167,ground,Bow,1,0,0,20,0,82,81
2,167,ground,Root Drill,1,0,3,0,0,82,82
2,167,carried,Buckler,1,30,0,0,0,80,59
2,167,ground,Firecracker,2,0,0,0,0,79,71
2,167,ground,Fungal Bread,2,0,0,0,0,80,67
2,167,ground,Firecracker,2,0,0,0,0,84,71
2,167,ground,River Fish,3,0,0,0,0,83,105
2,167,ground,Fishing Line,1,0,20,0,0,82,105
2,167,ground,Raw Meat,1,0,0,0,0,49,18
2,167,ground,Hatchet,1,35,0,0,0,31,45
2,167,ground,Ammo,1,0,0,0,0,36,72
2,167,ground,Lighter,1,0,20,0,0,27,58
2,167,ground,Ammo,1,0,0,0,0,27,51
2,167,ground,Medkit,1,0,0,0,0,76,30
2,167,ground,Rake,1,400,0,0,0,56,95
2,167,ground,Herb Bag,1,0,4,0,0,61,98
2,167,ground,Ammo,1,0,0,0,0,52,8
2,167,ground,Fried Egg,2,0,0,0,0,57,16
2,167,ground,Torch,1,90,0,0,0,38,30
2,168,ground,Stick,1,18,0,0,0,78,81
2,168,carried,Buckler,1,30,0,0,0,60,56
2,168,carried,Buckler,1,30,0,0,0,60,54
2,168,ground,Pickaxe,1,32,0,0,0,69,52
2,168,ground,Water flask,2,0,0,0,0,75,35
2,168,ground,Flint Knife,1,60,0,0,0,8,50
2,168,ground,River Fish,5,0,0,0,0,53,75
2,168,ground,Hunting Horn,1,0,8,0,0,57,101
2,168,ground,Torch,1,90,0,0,0,76,83
2,168,ground,Medkit,1,0,0,0,0,39,15
2,168,ground,Bandage,2,0,0,0,0,27,4
2,168,ground,Pickaxe,1,32,0,0,0,35,9
2,168,ground,Ammo,1,0,0,0,0,30,8
2,168,ground,Stick,1,18,0,0,0,81,93
2,169,ground,Stick,1,18,0,0,0,34,59
2,169,ground,Hatchet,1,35,0,0,0,53,79
2,169,ground,Rope Hook,1,0,24,0,0,54,79
2,169,ground,Torch,1,90,0,0,0,57,57
2,169,ground,Torch,1,90,0,0,0,56,10
2,169,ground,Torch,1,90,0,0,0,62,7
2,169,ground,Seed Bag,1,0,6,0,0,78,57
2,169,ground,Resin Glue,1,0,0,0,0,10,63
2,169,ground,Ammo,1,0,0,0,0,15,60
2,169,ground,Chili,1,0,0,0,0,73,71
2,169,ground,Medkit,1,0,0,0,0,59,104
2,169,ground,Wooden Maul,1,24,0,0,0,75,128
2,169,ground,Ammo,1,0,0,0,0,78,118
2,169,ground,Herb Bag,1,0,4,0,0,75,62
2,169,ground,Ammo,1,0,0,0,0,4,36
2,169,ground,River Fish,5,0,0,0,0,32,98
2,169,ground,River Fish,5,0,0,0,0,26,113
2,169,ground,Rope Hook,1,0,24,0,0,76,83
2,169,ground,Pickaxe,1,32,0,0,0,73,102
2,169,wall,Stick,1,18,0,0,0,19,37
2,170,ground,Stick,1,18,0,0,0,11,80
2,170,ground,River Fish,6,0,0,0,0,33,36
2,170,ground,Pickaxe,1,32,0,0,0,18,25
2,170,ground,Rope Hook,1,0,24,0,0,34,38
2,170,ground,Bird Seed,1,0,0,0,0,15,50
2,170,ground,Fungal Bread,1,0,0,0,0,14,56
2,170,ground,Ammo,1,0,0,0,0,30,64
2,170,ground,Water flask,2,0,0,0,0,62,56
2,170,ground,Ammo,1,0,0,0,0,62,60
2,170,ground,Medkit,1,0,0,0,0,60,37
2,170,ground,Ammo,1,0,0,0,0,33,72
2,170,ground,Bomb,2,0,0,0,0,33,20
2,170,ground,Smoke pot,2,0,0,0,0,55,85
2,170,wall,Throwing Rock,3,0,0,0,0,25,78
2,171,ground,Stick,1,18,0,0,0,77,79
2,171,ground,River Fish,5,0,0,0,0,94,93
2,171,ground,Digging Claws,1,200,0,0,0,101,118
2,171,ground,Hunting Spear,1,45,0,0,0,11,54
2,171,ground,Lighter,1,0,20,0,0,35,62
2,171,ground,Hatchet,1,35,0,0,0,59,82
2,171,ground,Torch,1,90,0,0,0,60,82
2,171,ground,Flint Knife,1,60,0,0,0,31,82
2,171,ground,Root Drill,1,0,3,0,0,31,81
2,171,carried,Buckler,1,30,0,0,0,42,75
2,171,ground,Fungal Bread,2,0,0,0,0,26,74
2,171,ground,Firecracker,2,0,0,0,0,33,76
2,171,ground,Wooden Maul,1,24,0,0,0,14,32
2,171,ground,Raw Meat,1,0,0,0,0,17,40
2,171,ground,Throwing Rock,3,0,0,0,0,17,80
2,171,ground,Water flask,2,0,0,0,0,101,82
2,171,ground,Rake,1,400,0,0,0,17,35
2,171,ground,Bandage,2,0,0,0,0,7,33
2,171,ground,Medkit,1,0,0,0,0,51,32
2,171,ground,Ammo,1,0,0,0,0,53,33
2,171,ground,Medkit,1,0,0,0,0,122,115
2,171,ground,Ammo,1,0,0,0,0,115,126
2,171,ground,River Fish,3,0,0,0,0,5,77
2,171,ground,Lighter,1,0,20,0,0,9,70
2,171,ground,Bomb,2,0,0,0,0,12,37
2,171,ground,Bow,1,0,0,20,0,10,83
2,171,wall,Bomb,2,0,0,0,0,37,69
2,172,ground,Stick,1,18,0,0,0,57,81
2,172,ground,Cooked Meat,2,0,0,0,0,79,107
2,172,ground,Fried Egg,2,0,0,0,0,77,103
2,172,ground,Bandage,3,0,0,0,0,74,96
2,172,ground,Hatchet,1,35,0,0,0,34,8
2,172,ground,Rope Hook,1,0,24,0,0,35,8
2,172,ground,Torch,1,90,0,0,0,56,13
2,172,ground,Flint Knife,1,60,0,0,0,58,34
2,172,ground,Rope Snare,2,0,0,0,0,49,27
2,172,ground,Mushroom spores,2,0,0,0,0,105,96
2,172,ground,Ammo,1,0,0,0,0,81,48
2,172,ground,Ammo,1,0,0,0,0,102,93
2,172,ground,Root Drill,1,0,3,0,0,60,107
2,172,ground,Ammo,1,0,0,0,0,53,100
2,172,ground,Medkit,1,0,0,0,0,101,121
2,172,ground,Bandage,2,0,0,0,0,93,125
2,172,ground,Flint Knife,1,60,0,0,0,104,119
2,172,ground,Fried Egg,2,0,0,0,0,78,54
2,172,ground,Shield Lantern,1,24,0,0,0,98,99
2,172,wall,Bow,1,0,0,20,0,71,51
2,172,wall,Reflecting Pan,1,24,0,0,0,89,103
2,172,wall,Torch,1,90,0,0,0,108,103
2,173,ground,Stick,1,18,0,0,0,56,14
2,173,ground,Pickaxe,1,32,0,0,0,80,78
2,173,ground,Lighter,1,0,20,0,0,80,75
2,173,ground,Rake,1,400,0,0,0,71,67
2,173,ground,Hatchet,1,35,0,0,0,96,29
2,173,ground,Torch,1,90,0,0,0,95,29
2,173,ground,Stick,1,18,0,0,0,125,29
2,173,ground,Root Drill,1,0,3,0,0,127,29
2,173,carried,Buckler,1,30,0,0,0,115,33
2,173,carried,Buckler,1,30,0,0,0,106,38
2,173,ground,Firecracker,2,0,0,0,0,103,34
2,173,ground,River Fish,3,0,0,0,0,56,35
2,173,ground,Mushroom spores,2,0,0,0,0,78,60
2,173,ground,Mushroom spores,2,0,0,0,0,62,38
2,173,ground,Bird Seed,1,0,0,0,0,36,16
2,173,ground,Herb Bag,1,0,4,0,0,40,6
2,173,ground,Fungal Bread,1,0,0,0,0,105,52
2,173,ground,Ammo,1,0,0,0,0,39,76
2,173,ground,Ammo,1,0,0,0,0,49,59
2,173,ground,Pickaxe,1,32,0,0,0,108,63
2,173,ground,Reflecting Pan,1,24,0,0,0,49,34
2,174,ground,Stick,1,18,0,0,0,79,80
2,174,ground,Pickaxe,1,32,0,0,0,54,82
2,174,ground,Flint Knife,1,60,0,0,0,43,84
2,174,ground,Stick,1,18,0,0,0,38,35
2,174,ground,Rope Hook,1,0,24,0,0,39,35
2,174,ground,Torch,1,90,0,0,0,33,57
2,174,ground,Torch,1,90,0,0,0,53,53
2,174,ground,Flint Knife,1,60,0,0,0,34,79
2,174,ground,Pocket Door,1,0,2,0,0,65,41
2,174,ground,Ammo,1,0,0,0,0,60,35
2,174,ground,Lighter,1,0,20,0,0,72,105
2,174,ground,Ammo,1,0,0,0,0,74,92
2,174,ground,Medkit,1,0,0,0,0,33,17
2,174,ground,Seed Bag,1,0,6,0,0,11,36
2,174,ground,Bandage,2,0,0,0,0,38,12
2,174,ground,Ammo,1,0,0,0,0,37,10
2,174,ground,Cooked Meat,2,0,0,0,0,9,30
2,174,ground,Sap jar,2,0,0,0,0,16,20
2,174,wall,Spring Trap,2,0,0,0,0,54,59
2,175,ground,Stick,1,18,0,0,0,35,80
2,175,carried,Buckler,1,30,0,0,0,27,58
2,175,carried,Buckler,1,30,0,0,0,27,55
2,175,carried,Buckler,1,30,0,0,0,33,56
2,175,carried,Buckler,1,30,0,0,0,30,55
2,175,carried,Buckler,1,30,0,0,0,13,39
2,175,carried,Buckler,1,30,0,0,0,13,34
2,175,carried,Buckler,1,30,0,0,0,15,34
2,175,carried,Buckler,1,30,0,0,0,15,37
2,175,ground,Smoke pot,2,0,0,0,0,17,41
2,175,ground,Torch,1,90,0,0,0,55,100
2,175,ground,Resin Glue,1,0,0,0,0,47,102
2,175,ground,Egg,3,0,0,0,0,60,95
2,175,ground,Hatchet,1,35,0,0,0,30,117
2,175,ground,Torch,1,90,0,0,0,29,117
2,175,ground,Pickaxe,1,32,0,0,0,59,117
2,175,ground,Root Drill,1,0,3,0,0,60,117
2,175,ground,Fungal Bread,2,0,0,0,0,27,128
2,175,ground,Firecracker,2,0,0,0,0,45,120
2,175,ground,Fungal Bread,2,0,0,0,0,41,121
2,175,ground,Hatchet,1,35,0,0,0,3,100
2,175,ground,Mushroom spores,2,0,0,0,0,8,32
2,175,ground,Medkit,1,0,0,0,0,33,148
2,175,ground,Thunder Acorn,2,0,0,0,0,57,82
2,175,ground,Ammo,1,0,0,0,0,57,73
2,175,ground,Lantern Seed,1,0,0,0,0,9,100
2,175,ground,Bandage,2,0,0,0,0,34,149
2,175,ground,Digging Claws,1,200,0,0,0,31,144
2,175,ground,Ammo,1,0,0,0,0,36,148
2,175,ground,River Fish,5,0,0,0,0,42,119
2,175,ground,River Fish,2,0,0,0,0,30,131
2,175,ground,Acorn Mine,2,0,0,0,0,15,81
2,175,ground,Reflecting Pan,1,24,0,0,0,11,21
2,175,ground,Bandage,3,0,0,0,0,20,118
2,175,ground,Pickaxe,1,32,0,0,0,8,77
2,176,ground,Stick,1,18,0,0,0,78,79
2,176,ground,Mushroom spores,2,0,0,0,0,59,31
2,176,ground,Raw Meat,2,0,0,0,0,47,55
2,176,ground,Hatchet,1,35,0,0,0,53,104
2,176,ground,Torch,1,90,0,0,0,53,103
2,176,ground,Wooden Maul,1,24,0,0,0,81,104
2,176,ground,Root Drill,1,0,3,0,0,82,103
2,176,carried,Buckler,1,30,0,0,0,56,101
2,176,ground,Firecracker,2,0,0,0,0,76,95
2,176,ground,Fungal Bread,2,0,0,0,0,58,101
2,176,ground,Fungal Bread,2,0,0,0,0,79,101
2,176,ground,Crossbow,1,0,0,1,16,58,50
2,176,ground,Chili,1,0,0,0,0,58,79
2,176,ground,Rake,1,400,0,0,0,101,50
2,176,ground,Fungal Bread,1,0,0,0,0,100,55
2,176,ground,Fungal Bread,1,0,0,0,0,41,57
2,176,ground,Ammo,1,0,0,0,0,35,34
2,176,ground,Bandage,3,0,0,0,0,84,50
2,176,ground,Resin Glue,1,0,0,0,0,55,125
2,176,ground,Pickaxe,1,32,0,0,0,57,5
2,176,wall,Rope Hook,1,0,24,0,0,38,61
2,177,ground,Stick,1,18,0,0,0,33,80
2,177,ground,Wooden Maul,1,24,0,0,0,18,38
2,177,ground,Pocket Door,1,0,2,0,0,57,75
2,177,ground,Ammo,1,0,0,0,0,60,75
2,177,ground,Rake,1,400,0,0,0,16,70
2,177,ground,Herb Bag,1,0,4,0,0,13,75
2,177,ground,Ammo,1,0,0,0,0,11,56
2,177,ground,Lighter,1,0,20,0,0,57,47
2,177,ground,Ammo,1,0,0,0,0,53,54
2,177,ground,Fungal Bread,1,0,0,0,0,38,98
2,177,wall,Cooked Meat,2,0,0,0,0,10,80
2,177,wall,Bandage,3,0,0,0,0,9,90
2,178,ground,Stick,1,18,0,0,0,78,37
2,178,ground,Hatchet,1,35,0,0,0,99,51
2,178,ground,Rope Hook,1,0,24,0,0,100,51
2,178,ground,Torch,1,90,0,0,0,79,55
2,178,ground,Hatchet,1,35,0,0,0,61,52
2,178,ground,Torch,1,90,0,0,0,62,52
2,178,ground,Pickaxe,1,32,0,0,0,31,52
2,178,ground,Root Drill,1,0,3,0,0,30,52
2,178,carried,Buckler,1,30,0,0,0,34,52
2,178,carried,Buckler,1,30,0,0,0,36,50
2,178,ground,Firecracker,2,0,0,0,0,53,65
2,178,ground,Fungal Bread,2,0,0,0,0,58,64
2,178,ground,Flint Knife,1,60,0,0,0,77,98
2,178,ground,Raw Meat,1,0,0,0,0,75,98
2,178,ground,Flint Knife,1,60,0,0,0,76,31
2,178,ground,Resin Glue,1,0,0,0,0,12,40
2,178,ground,Ammo,1,0,0,0,0,14,33
2,178,ground,Ammo,1,0,0,0,0,53,72
2,178,ground,Medkit,1,0,0,0,0,60,101
2,178,ground,Stick,1,18,0,0,0,79,80
2,178,ground,Herb Bag,1,0,4,0,0,77,77
2,178,ground,Ammo,1,0,0,0,0,56,103
2,178,ground,River Fish,3,0,0,0,0,25,48
2,178,ground,River Fish,4,0,0,0,0,36,71
2,178,ground,Flint Knife,1,60,0,0,0,61,31
2,178,ground,Rope Hook,1,0,24,0,0,97,75
2,178,ground,Throwing Net,2,0,0,0,0,27,38
2,178,wall,Bear Trap,2,0,0,0,0,29,68
2,179,ground,Stick,1,18,0,0,0,12,57
2,179,carried,Buckler,1,30,0,0,0,38,72
2,179,carried,Buckler,1,30,0,0,0,37,75
2,179,ground,Hatchet,1,35,0,0,0,52,75
2,179,ground,Bow,1,0,0,20,0,15,11
2,179,ground,Rope Hook,1,0,24,0,0,16,11
2,179,ground,Torch,1,90,0,0,0,12,33
2,179,ground,Reflecting Pan,1,24,0,0,0,56,51
2,179,ground,Digging Claws,1,200,0,0,0,53,101
2,179,ground,Ammo,1,0,0,0,0,55,102
2,179,ground,Medkit,1,0,0,0,0,10,74
2,179,ground,Cooked Meat,2,0,0,0,0,53,34
2,179,ground,Herb Bag,1,0,4,0,0,50,32
2,179,ground,Ammo,1,0,0,0,0,9,76
2,179,ground,Lighter,1,0,20,0,0,48,37
2,179,ground,Lighter,1,0,20,0,0,54,40
2,179,wall,Pickaxe,1,32,0,0,0,32,92
2,180,ground,Stick,1,18,0,0,0,78,81
2,180,ground,Wooden Maul,1,24,0,0,0,52,99
2,180,ground,Throwing Net,2,0,0,0,0,53,99
2,180,ground,Torch,1,90,0,0,0,56,78
2,180,ground,River Fish,4,0,0,0,0,53,35
2,180,ground,Fishing Line,1,0,20,0,0,51,36
2,180,ground,Crossbow,1,0,0,1,16,38,32
2,180,ground,Throwing Rock,3,0,0,0,0,81,61
2,180,ground,Ammo,1,0,0,0,0,70,57
2,180,ground,Mushroom spores,2,0,0,0,0,50,32
2,180,ground,Throwing Rock,3,0,0,0,0,31,52
2,180,ground,Bandage,2,0,0,0,0,29,47
2,180,ground,Fungal Bread,1,0,0,0,0,35,43
2,180,ground,Ammo,1,0,0,0,0,76,14
2,180,ground,Ammo,1,0,0,0,0,15,36
2,180,ground,River Fish,3,0,0,0,0,59,102
2,181,ground,Stick,1,18,0,0,0,13,14
2,181,ground,River Fish,5,0,0,0,0,35,26
2,181,ground,Crossbow,1,0,0,1,16,55,38
2,181,ground,River Fish,4,0,0,0,0,7,56
2,181,ground,River Fish,5,0,0,0,0,75,36
2,181,ground,Wooden Maul,1,24,0,0,0,40,16
2,181,ground,Sap jar,2,0,0,0,0,62,16
2,181,ground,Cooked Meat,2,0,0,0,0,19,29
2,181,ground,Bandage,2,0,0,0,0,9,43
2,181,ground,Sap jar,1,0,0,0,0,29,7
2,181,ground,Herb Bag,1,0,4,0,0,48,56
2,181,ground,Ammo,1,0,0,0,0,51,12
2,181,ground,Ammo,1,0,0,0,0,82,51
2,181,ground,Boomerang,1,0,0,0,0,33,11
2,181,ground,Mushroom spores,2,0,0,0,0,12,60
2,182,ground,Stick,1,18,0,0,0,33,35
2,182,carried,Buckler,1,30,0,0,0,65,74
2,182,carried,Buckler,1,30,0,0,0,69,71
2,182,carried,Buckler,1,30,0,0,0,54,65
2,182,carried,Buckler,1,30,0,0,0,53,62
2,182,carried,Buckler,1,30,0,0,0,55,67
2,182,ground,Flint Knife,1,60,0,0,0,67,59
2,182,ground,Chili,1,0,0,0,0,68,66
2,182,ground,Torch,1,90,0,0,0,75,29
2,182,ground,Resin Glue,1,0,0,0,0,79,38
2,182,ground,Digging Claws,1,200,0,0,0,8,11
2,182,ground,Throwing Net,2,0,0,0,0,9,11
2,182,ground,Torch,1,90,0,0,0,13,33
2,182,ground,River Fish,6,0,0,0,0,95,37
2,182,ground,Pickaxe,1,32,0,0,0,64,72
2,182,ground,Splint,1,0,2,0,0,42,58
2,182,ground,Herb Bag,1,0,4,0,0,41,51
2,182,ground,Mushroom spores,2,0,0,0,0,98,30
2,182,ground,Medkit,1,0,0,0,0,100,56
2,182,ground,Ammo,1,0,0,0,0,102,54
2,182,ground,River Fish,3,0,0,0,0,89,48
2,182,ground,River Fish,4,0,0,0,0,82,77
2,182,ground,River Fish,5,0,0,0,0,72,85
2,182,ground,River Fish,4,0,0,0,0,57,88
2,182,ground,Shield Lantern,1,24,0,0,0,38,61
2,182,ground,Rope Hook,1,0,24,0,0,37,87
2,182,ground,Hatchet,1,35,0,0,0,108,36
2,183,ground,Stick,1,18,0,0,0,78,37
2,183,ground,Flint Knife,1,60,0,0,0,56,13
2,183,ground,Sap jar,2,0,0,0,0,51,27
2,183,ground,Reflecting Pan,1,24,0,0,0,61,8
2,183,ground,River Fish,5,0,0,0,0,145,39
2,183,ground,River Fish,6,0,0,0,0,57,58
2,183,ground,Fishing Line,1,0,20,0,0,60,58
2,183,ground,Reflecting Pan,1,24,0,0,0,101,38
2,183,ground,Bird Seed,1,0,0,0,0,120,40
2,183,ground,Bandage,2,0,0,0,0,116,33
2,183,ground,Ammo,1,0,0,0,0,32,50
2,183,ground,Medkit,1,0,0,0,0,8,53
2,183,ground,Mushroom spores,2,0,0,0,0,139,41
2,183,ground,Ammo,1,0,0,0,0,8,55
2,183,ground,Spring Trap,2,0,0,0,0,9,34
2,183,ground,Lighter,1,0,20,0,0,31,26
2,184,ground,Stick,1,18,0,0,0,79,59
2,184,ground,Bow,1,0,0,20,0,56,97
2,184,ground,Lighter,1,0,20,0,0,49,96
2,184,ground,Sap jar,2,0,0,0,0,41,63
2,184,ground,Ammo,1,0,0,0,0,97,56
2,184,ground,Bird Seed,1,0,0,0,0,31,60
2,184,ground,Bandage,2,0,0,0,0,41,51
2,184,ground,Water flask,2,0,0,0,0,42,40
2,184,ground,Fungal Bread,1,0,0,0,0,98,37
2,184,ground,Ammo,1,0,0,0,0,11,61
2,184,ground,Ammo,1,0,0,0,0,12,37
2,184,ground,River Fish,5,0,0,0,0,44,42
2,184,ground,River Fish,4,0,0,0,0,48,57
2,184,ground,River Fish,4,0,0,0,0,51,73
2,184,ground,River Fish,2,0,0,0,0,50,91
2,184,stored,Bow,1,0,0,20,0,8,57
2,184,stored,Sleep Meds,3,0,0,0,0,55,67
2,184,ground,Stick,1,18,0,0,0,65,65
2,185,ground,Stick,1,18,0,0,0,57,80
2,185,carried,Buckler,1,30,0,0,0,92,13
2,185,carried,Buckler,1,30,0,0,0,93,21
2,185,carried,Buckler,1,30,0,0,0,89,17
2,185,carried,Buckler,1,30,0,0,0,94,15
2,185,ground,Bow,1,0,0,20,0,87,25
2,185,ground,Spring Trap,2,0,0,0,0,77,27
2,185,ground,Hunting Spear,1,45,0,0,0,12,53
2,185,ground,Rope Hook,1,0,24,0,0,14,68
2,185,ground,Sap jar,2,0,0,0,0,18,80
2,185,ground,Flint Knife,1,60,0,0,0,5,50
2,185,ground,River Fish,6,0,0,0,0,33,79
2,185,ground,Fishing Line,1,0,20,0,0,30,79
2,185,ground,Pickaxe,1,32,0,0,0,59,54
2,185,ground,Throwing Rock,3,0,0,0,0,128,28
2,185,ground,Torch,1,90,0,0,0,33,60
2,185,ground,Bandage,2,0,0,0,0,42,53
2,185,ground,Water flask,2,0,0,0,0,30,78
2,185,ground,Bandage,2,0,0,0,0,37,37
2,185,ground,Acorn Mine,2,0,0,0,0,41,15
2,185,ground,Ammo,1,0,0,0,0,31,6
2,185,ground,Ammo,1,0,0,0,0,128,31
2,185,ground,River Fish,2,0,0,0,0,49,68
2,185,ground,River Fish,5,0,0,0,0,72,31
2,185,ground,River Fish,3,0,0,0,0,74,12
2,185,ground,River Fish,2,0,0,0,0,94,2
2,185,wall,Wooden Maul,1,24,0,0,0,53,30
2,186,ground,Stick,1,18,0,0,0,56,37
2,186,ground,Reflecting Pan,1,24,0,0,0,38,26
2,186,ground,Splint,1,0,2,0,0,42,20
2,186,ground,Resin Glue,1,0,0,0,0,28,32
2,186,ground,Stick,1,18,0,0,0,51,101
2,186,ground,Rope Hook,1,0,24,0,0,52,101
2,186,ground,Torch,1,90,0,0,0,56,79
2,186,ground,Bow,1,0,0,20,0,76,77
2,186,ground,Splint,1,0,2,0,0,67,50
2,186,ground,Blink Seed,2,0,0,0,0,73,83
2,186,ground,Sap jar,2,0,0,0,0,33,79
2,186,ground,Ammo,1,0,0,0,0,34,58
2,186,ground,Medkit,1,0,0,0,0,31,98
2,186,ground,Bandage,2,0,0,0,0,37,100
2,186,ground,Bow,1,0,0,20,0,38,105
2,186,ground,Ammo,1,0,0,0,0,37,105
2,187,ground,Stick,1,18,0,0,0,79,80
2,187,ground,River Fish,3,0,0,0,0,28,73
2,187,ground,Torch,1,90,0,0,0,58,35
2,187,ground,Rake,1,400,0,0,0,76,95
2,187,ground,Fungal Bread,1,0,0,0,0,83,94
2,187,ground,Mushroom spores,2,0,0,0,0,58,81
2,187,ground,Bandage,2,0,0,0,0,38,53
2,187,ground,Straw Decoy,1,0,0,0,0,11,74
2,187,ground,Ammo,1,0,0,0,0,8,85
2,187,ground,Ammo,1,0,0,0,0,63,35
2,187,ground,Ammo,1,0,0,0,0,52,17
2,187,stored,Water flask,2,0,0,0,0,54,83
2,187,stored,Seed Bag,1,0,6,0,0,58,30
2,187,stored,Hatchet,1,35,0,0,0,49,33
2,187,ground,Seed Bag,1,0,6,0,0,31,34
2,187,ground,Resin Glue,1,0,0,0,0,41,24
2,187,ground,Spring Trap,2,0,0,0,0,106,96
2,187,wall,Pickaxe,1,32,0,0,0,54,47
2,187,wall,Cooked Meat,2,0,0,0,0,31,58
2,187,wall,Boomerang,1,0,0,0,0,45,78
2,188,ground,Stick,1,18,0,0,0,56,81
2,188,carried,Buckler,1,30,0,0,0,55,46
2,188,carried,Buckler,1,30,0,0,0,61,49
2,188,ground,Wooden Maul,1,24,0,0,0,67,49
2,188,ground,Lighter,1,0,20,0,0,70,51
2,188,ground,Wolf Whistle,1,0,8,0,0,73,46
2,188,ground,Stick,1,18,0,0,0,26,50
2,188,ground,Flint Knife,1,60,0,0,0,12,54
2,188,ground,Resin Glue,1,0,0,0,0,12,37
2,188,ground,Ammo,1,0,0,0,0,14,33
2,188,ground,Medkit,1,0,0,0,0,31,33
2,188,ground,Bandage,2,0,0,0,0,32,34
2,188,ground,Pickaxe,1,32,0,0,0,38,30
2,188,ground,Ammo,1,0,0,0,0,41,33
2,188,ground,Seed Bag,1,0,6,0,0,8,15
2,188,ground,Pitch Bomb,2,0,0,0,0,16,4
2,188,ground,Water flask,2,0,0,0,0,7,33
2,188,wall,Torch,1,90,0,0,0,54,67
2,189,ground,Stick,1,18,0,0,0,78,36
2,189,carried,Buckler,1,30,0,0,0,22,51
2,189,carried,Buckler,1,30,0,0,0,24,54
2,189,carried,Buckler,1,30,0,0,0,22,53
2,189,ground,Bow,1,0,0,20,0,15,41
2,189,ground,Hatchet,1,35,0,0,0,12,51
2,189,ground,River Fish,3,0,0,0,0,77,59
2,189,ground,Bow,1,0,0,20,0,94,49
2,189,ground,Resin Glue,1,0,0,0,0,95,62
2,189,ground,Bow,1,0,0,20,0,59,35
2,189,ground,Throwing Net,2,0,0,0,0,60,35
2,189,ground,Torch,1,90,0,0,0,55,57
2,189,ground,River Fish,6,0,0,0,0,96,30
2,189,ground,Fishing Line,1,0,20,0,0,100,29
2,189,ground,Smoke pot,2,0,0,0,0,30,8
2,189,ground,Mushroom spores,2,0,0,0,0,98,32
2,189,ground,Thunder Acorn,2,0,0,0,0,75,73
2,189,ground,Ammo,1,0,0,0,0,77,84
2,189,ground,Medkit,1,0,0,0,0,38,9
2,189,ground,Bandage,2,0,0,0,0,30,3
2,189,ground,Flint Knife,1,60,0,0,0,34,7
2,189,ground,Ammo,1,0,0,0,0,30,2
2,189,ground,River Fish,4,0,0,0,0,18,61
2,189,ground,Pitch Bomb,2,0,0,0,0,108,33
2,189,ground,Boomerang,1,0,0,0,0,94,38
2,189,wall,Thorn Caltrops,2,0,0,0,0,50,75
2,189,wall,Fried Egg,2,0,0,0,0,63,82
2,190,ground,Stick,1,18,0,0,0,79,81
2,190,ground,Pickaxe,1,32,0,0,0,82,34
2,190,ground,Throwing Net,2,0,0,0,0,83,34
2,190,ground,Torch,1,90,0,0,0,78,57
2,190,ground,River Fish,6,0,0,0,0,57,86
2,190,ground,Fishing Line,1,0,20,0,0,60,86
2,190,ground,Honey pot,1,0,0,0,0,29,103
2,190,ground,Acorn Mine,2,0,0,0,0,48,79
2,190,ground,Mushroom spores,2,0,0,0,0,56,77
2,190,ground,Lighter,1,0,20,0,0,37,85
2,190,ground,Ammo,1,0,0,0,0,37,75
2,190,ground,Medkit,1,0,0,0,0,5,105
2,190,ground,Bandage,2,0,0,0,0,8,84
2,190,ground,Hunting Spear,1,45,0,0,0,106,11
2,190,ground,Ammo,1,0,0,0,0,102,13
2,190,ground,Ammo,1,0,0,0,0,49,35
2,190,ground,Torch,1,90,0,0,0,65,32
2,190,ground,Rake,1,400,0,0,0,98,40
2,190,wall,Wooden Maul,1,24,0,0,0,27,80
2,191,ground,Stick,1,18,0,0,0,56,81
2,191,ground,River Fish,4,0,0,0,0,28,60
2,191,ground,Fishing Line,1,0,20,0,0,29,60
2,191,ground,Digging Claws,1,200,0,0,0,85,103
2,191,ground,Boomerang,1,0,0,0,0,58,120
2,191,ground,Bird Seed,1,0,0,0,0,72,88
2,191,ground,Herb Bag,1,0,4,0,0,75,83
2,191,ground,Rake,1,400,0,0,0,75,98
2,191,ground,Fungal Bread,1,0,0,0,0,68,98
2,191,ground,Ammo,1,0,0,0,0,81,34
2,191,ground,Ammo,1,0,0,0,0,79,15
2,191,ground,Ammo,1,0,0,0,0,17,57
2,191,ground,River Fish,5,0,0,0,0,51,69
2,191,ground,River Fish,3,0,0,0,0,67,75
2,191,ground,River Fish,5,0,0,0,0,75,89
2,191,ground,River Fish,5,0,0,0,0,86,100
2,191,wall,Throwing Rock,3,0,0,0,0,90,97
2,191,wall,Bow,1,0,0,20,0,58,103
2,192,ground,Stick,1,18,0,0,0,78,81
2,192,ground,River Fish,3,0,0,0,0,50,28
2,192,ground,Digging Claws,1,200,0,0,0,32,36
2,192,ground,Fried Egg,2,0,0,0,0,54,33
2,192,ground,Hunting Spear,1,45,0,0,0,48,27
2,192,ground,Throwing Rock,3,0,0,0,0,34,75
2,192,ground,Splint,1,0,2,0,0,39,54
2,192,ground,Hatchet,1,35,0,0,0,40,80
2,192,ground,Bandage,3,0,0,0,0,28,68
2,192,ground,Root Drill,1,0,3,0,0,30,82
2,192,ground,Hatchet,1,35,0,0,0,83,52
2,192,ground,Torch,1,90,0,0,0,83,51
2,192,ground,Hatchet,1,35,0,0,0,52,52
2,192,ground,Root Drill,1,0,3,0,0,51,53
2,192,ground,Fungal Bread,2,0,0,0,0,76,54
2,192,ground,Fungal Bread,2,0,0,0,0,84,57
2,192,ground,River Fish,6,0,0,0,0,29,122
2,192,ground,Pickaxe,1,32,0,0,0,67,123
2,192,ground,Torch,1,90,0,0,0,56,81
2,192,ground,Medkit,1,0,0,0,0,62,12
2,192,ground,Rake,1,400,0,0,0,57,92
2,192,ground,Ammo,1,0,0,0,0,55,108
2,192,ground,Bandage,2,0,0,0,0,78,125
2,192,ground,Ammo,1,0,0,0,0,51,14
2,192,ground,River Fish,2,0,0,0,0,29,127
2,192,ground,River Fish,3,0,0,0,0,14,129
2,192,ground,Wooden Maul,1,24,0,0,0,49,97
2,192,ground,Mushroom spores,2,0,0,0,0,34,119
2,192,wall,Sap jar,2,0,0,0,0,81,115
2,193,ground,Stick,1,18,0,0,0,55,81
2,193,ground,Pickaxe,1,32,0,0,0,34,63
2,193,ground,Hunting Horn,1,0,8,0,0,9,53
2,193,ground,Lighter,1,0,20,0,0,26,64
2,193,ground,Water flask,2,0,0,0,0,15,77
2,193,ground,River Fish,3,0,0,0,0,56,27
2,193,ground,Torch,1,90,0,0,0,75,32
2,193,ground,Torch,1,90,0,0,0,55,39
2,193,ground,Stick,1,18,0,0,0,38,11
2,193,ground,Rope Hook,1,0,24,0,0,39,11
2,193,ground,Torch,1,90,0,0,0,35,33
2,193,ground,Honey pot,1,0,0,0,0,73,59
2,193,ground,Mushroom spores,2,0,0,0,0,53,84
2,193,ground,Rake,1,400,0,0,0,49,58
2,193,ground,Bandage,2,0,0,0,0,49,51
2,193,ground,Medkit,1,0,0,0,0,49,12
2,193,ground,Rake,1,400,0,0,0,31,96
2,193,ground,Ammo,1,0,0,0,0,63,16
2,193,ground,River Fish,5,0,0,0,0,59,40
2,193,ground,River Fish,5,0,0,0,0,61,28
2,193,ground,River Fish,2,0,0,0,0,62,24
2,193,ground,River Fish,4,0,0,0,0,66,12
2,193,ground,Sticky Boots,1,0,4,0,0,22,43
2,193,ground,Bow,1,0,0,20,0,60,46
2,194,ground,Stick,1,18,0,0,0,33,59
2,194,ground,Stick,1,18,0,0,0,60,13
2,194,ground,Rope Hook,1,0,24,0,0,61,13
2,194,ground,Torch,1,90,0,0,0,55,35
2,194,ground,Hatchet,1,35,0,0,0,71,9
2,194,ground,Raw Meat,1,0,0,0,0,82,6
2,194,ground,Pickaxe,1,32,0,0,0,61,14
2,194,ground,Thorn Caltrops,1,0,0,0,0,31,74
2,194,ground,Rake,1,400,0,0,0,62,54
2,194,ground,Ammo,1,0,0,0,0,59,50
2,194,ground,Bandage,2,0,0,0,0,68,83
2,194,ground,Fungal Bread,1,0,0,0,0,102,83
2,194,ground,Ammo,1,0,0,0,0,12,13
2,194,ground,River Fish,4,0,0,0,0,64,36
2,194,ground,River Fish,4,0,0,0,0,55,46
2,194,ground,River Fish,2,0,0,0,0,47,35
2,195,ground,Stick,1,18,0,0,0,78,81
2,195,ground,Hatchet,1,35,0,0,0,7,83
2,195,ground,Torch,1,90,0,0,0,7,84
2,195,ground,Torch,1,90,0,0,0,7,51
2,195,ground,Root Drill,1,0,3,0,0,9,50
2,195,carried,Buckler,1,30,0,0,0,11,58
2,195,carried,Buckler,1,30,0,0,0,12,72
2,195,ground,Firecracker,2,0,0,0,0,13,52
2,195,ground,Firecracker,2,0,0,0,0,15,83
2,195,ground,Fungal Bread,2,0,0,0,0,11,72
2,195,ground,Throwing Net,2,0,0,0,0,31,9
2,195,ground,Bird Seed,1,0,0,0,0,55,73
2,195,ground,Bandage,2,0,0,0,0,56,76
2,195,ground,Boomerang,1,0,0,0,0,55,49
2,195,ground,Herb Bag,1,0,4,0,0,53,63
2,195,ground,Ammo,1,0,0,0,0,54,29
2,195,ground,Ammo,1,0,0,0,0,54,13
2,195,ground,Ammo,1,0,0,0,0,74,29
2,195,stored,Rotten Fruit,3,0,0,0,0,11,32
2,195,ground,Throwing Rock,3,0,0,0,0,60,69
2,195,ground,Bandage,3,0,0,0,0,63,51
2,195,wall,Throwing Rock,3,0,0,0,0,63,77
2,196,ground,Stick,1,18,0,0,0,79,58
2,196,ground,Flint Knife,1,60,0,0,0,54,24
2,196,ground,Hatchet,1,35,0,0,0,65,11
2,196,ground,Flint Knife,1,60,0,0,0,56,35
2,196,ground,Hatchet,1,35,0,0,0,60,60
2,196,ground,Torch,1,90,0,0,0,61,58
2,196,ground,Stick,1,18,0,0,0,31,60
2,196,ground,Root Drill,1,0,3,0,0,30,60
2,196,carried,Buckler,1,30,0,0,0,57,55
2,196,ground,Firecracker,2,0,0,0,0,49,57
2,196,ground,River Fish,3,0,0,0,0,97,54
2,196,ground,Reflecting Pan,1,24,0,0,0,15,28
2,196,ground,Water flask,2,0,0,0,0,103,56
2,196,ground,Rake,1,400,0,0,0,98,75
2,196,ground,Ammo,1,0,0,0,0,95,78
2,196,ground,Ammo,1,0,0,0,0,32,34
2,196,ground,Fungal Bread,1,0,0,0,0,120,74
2,196,ground,Ammo,1,0,0,0,0,17,34
2,196,ground,Medkit,1,0,0,0,0,16,58
2,196,ground,River Fish,5,0,0,0,0,28,59
2,196,ground,River Fish,5,0,0,0,0,31,47
2,196,ground,Flint Knife,1,60,0,0,0,39,30
2,196,ground,Splint,1,0,2,0,0,12,36
2,196,wall,Medkit,1,0,0,0,0,92,86
2,197,ground,Stick,1,18,0,0,0,11,79
2,197,ground,Pickaxe,1,32,0,0,0,18,118
2,197,ground,Stick,1,18,0,0,0,23,122
2,197,ground,Bow,1,0,0,20,0,53,67
2,197,ground,Hunting Horn,1,0,8,0,0,81,72
2,197,ground,Rake,1,400,0,0,0,82,75
2,197,ground,Pickaxe,1,32,0,0,0,34,51
2,197,ground,Rope Hook,1,0,24,0,0,35,51
2,197,ground,Torch,1,90,0,0,0,13,57
2,197,ground,Torch,1,90,0,0,0,11,52
2,197,ground,Medkit,1,0,0,0,0,27,34
2,197,ground,Lantern Seed,1,0,0,0,0,25,82
2,197,ground,Bandage,2,0,0,0,0,35,80
2,197,ground,Scarecrow,1,0,0,0,0,64,16
2,197,ground,Ammo,1,0,0,0,0,36,30
2,197,ground,Crossbow,1,0,0,1,16,49,31
2,198,ground,Stick,1,18,0,0,0,12,36
2,198,ground,Stick,1,18,0,0,0,47,66
2,198,ground,Water flask,2,0,0,0,0,57,69
2,198,ground,Hunting Spear,1,45,0,0,0,55,28
2,198,ground,Pickaxe,1,32,0,0,0,65,40
2,198,ground,Digging Claws,1,200,0,0,0,75,13
2,198,ground,Rope Hook,1,0,24,0,0,76,13
2,198,ground,Torch,1,90,0,0,0,77,33
2,198,ground,Thorn Caltrops,2,0,0,0,0,81,33
2,198,ground,Medkit,1,0,0,0,0,81,61
2,198,ground,Ammo,1,0,0,0,0,8,58
2,198,ground,Blunderbuss,1,0,0,2,14,30,104
2,198,ground,Ammo,1,0,0,0,0,32,102
2,198,ground,Thorn Caltrops,1,0,0,0,0,14,81
2,198,ground,Bandage,2,0,0,0,0,71,55
2,198,ground,Hatchet,1,35,0,0,0,79,52
2,198,ground,Ammo,1,0,0,0,0,75,58
2,198,ground,River Fish,3,0,0,0,0,80,35
2,198,ground,River Fish,4,0,0,0,0,72,35
2,198,ground,Hatchet,1,35,0,0,0,67,22
2,198,ground,Water flask,2,0,0,0,0,7,84
2,198,wall,Herb Bag,1,0,4,0,0,20,83
2,199,ground,Stick,1,18,0,0,0,56,59
2,199,ground,Hatchet,1,35,0,0,0,74,17
2,199,ground,Torch,1,90,0,0,0,15,34
2,199,ground,Pickaxe,1,32,0,0,0,36,26
2,199,ground,Mushroom spores,2,0,0,0,0,42,34
2,199,ground,Hatchet,1,35,0,0,0,16,83
2,199,ground,Torch,1,90,0,0,0,15,83
2,199,ground,Crossbow,1,0,0,1,16,16,53
2,199,ground,Root Drill,1,0,3,0,0,16,52
2,199,carried,Buckler,1,30,0,0,0,17,55
2,199,carried,Buckler,1,30,0,0,0,18,61
2,199,ground,Firecracker,2,0,0,0,0,16,57
2,199,ground,Bear Trap,2,0,0,0,0,105,17
2,199,ground,Rake,1,400,0,0,0,60,73
2,199,ground,Herb Bag,1,0,4,0,0,52,83
2,199,ground,Bird Seed,1,0,0,0,0,34,81
2,199,ground,Fungal Bread,1,0,0,0,0,37,73
2,199,ground,Ammo,1,0,0,0,0,104,14
2,199,ground,Cooked Meat,2,0,0,0,0,107,35
2,199,wall,Medkit,1,0,0,0,0,56,87
2,200,ground,Stick,1,18,0,0,0,34,57
2,200,ground,Torch,1,90,0,0,0,75,23
2,200,ground,Splint,1,0,2,0,0,57,21
2,200,ground,Herb Bag,1,0,4,0,0,61,11
2,200,ground,Buckler,1,30,0,0,0,62,56
2,200,ground,Rake,1,400,0,0,0,51,71
2,200,ground,Herb Bag,1,0,4,0,0,50,76
2,200,ground,Chili,1,0,0,0,0,33,82
2,200,ground,Medkit,1,0,0,0,0,100,28
2,200,ground,Thunder Acorn,2,0,0,0,0,9,100
2,200,ground,Ammo,1,0,0,0,0,9,105
2,200,ground,Ammo,1,0,0,0,0,103,32
2,200,stored,Flint Knife,1,60,0,0,0,10,84
2,200,ground,Fried Egg,2,0,0,0,0,63,77
2,200,wall,Rope Snare,2,0,0,0,0,66,83
2,201,ground,Stick,1,18,0,0,0,35,58
2,201,ground,Seed Bag,1,0,6,0,0,67,52
2,201,ground,Resin Glue,1,0,0,0,0,58,60
2,201,ground,Lighter,1,0,20,0,0,62,75
2,201,ground,Bow,1,0,0,20,0,31,100
2,201,ground,Mushroom spores,2,0,0,0,0,36,93
2,201,ground,Hatchet,1,35,0,0,0,74,37
2,201,ground,Torch,1,90,0,0,0,73,37
2,201,ground,Hatchet,1,35,0,0,0,105,37
2,201,ground,Root Drill,1,0,3,0,0,106,37
2,201,carried,Buckler,1,30,0,0,0,82,42
2,201,ground,Fungal Bread,2,0,0,0,0,88,40
2,201,ground,River Fish,4,0,0,0,0,15,81
2,201,ground,Spring Trap,2,0,0,0,0,10,73
2,201,ground,Stink Bomb,2,0,0,0,0,32,35
2,201,ground,Ammo,1,0,0,0,0,37,34
2,201,ground,Egg,3,0,0,0,0,102,58
2,201,ground,Bandage,2,0,0,0,0,96,51
2,201,ground,Medkit,1,0,0,0,0,56,25
2,201,ground,Bird Seed,1,0,0,0,0,53,98
2,201,ground,Ammo,1,0,0,0,0,55,28
2,201,ground,Herb Bag,1,0,4,0,0,108,52
2,201,wall,Flint Knife,1,60,0,0,0,59,89
2,202,ground,Stick,1,18,0,0,0,57,57
2,202,ground,Torch,1,90,0,0,0,71,18
2,202,ground,Bitter Root,1,0,0,0,0,57,30
2,202,ground,Water flask,2,0,0,0,0,72,23
2,202,ground,Digging Claws,1,200,0,0,0,83,77
2,202,ground,Rope Hook,1,0,24,0,0,84,77
2,202,ground,Torch,1,90,0,0,0,77,57
2,202,ground,Hunting Spear,1,45,0,0,0,10,58
2,202,ground,Rope Hook,1,0,24,0,0,11,66
2,202,ground,Crossbow,1,0,0,1,16,7,61
2,202,ground,Sleep Meds,3,0,0,0,0,95,31
2,202,ground,Ammo,1,0,0,0,0,40,29
2,202,ground,Bird Seed,1,0,0,0,0,107,33
2,202,ground,Herb Bag,1,0,4,0,0,98,34
2,202,ground,Medkit,1,0,0,0,0,102,10
2,202,ground,Torch,1,90,0,0,0,19,80
2,202,ground,Ammo,1,0,0,0,0,94,11
2,202,ground,River Fish,2,0,0,0,0,46,85
2,202,ground,River Fish,4,0,0,0,0,15,88
2,202,stored,Mushroom spores,2,0,0,0,0,99,37
2,202,ground,Shield Lantern,1,24,0,0,0,108,40
2,202,ground,Acorn Mine,2,0,0,0,0,30,33
2,202,wall,Wooden Maul,1,24,0,0,0,42,35
2,202,wall,Wooden Maul,1,24,0,0,0,16,71
2,203,ground,Stick,1,18,0,0,0,78,13
2,203,ground,Digging Claws,1,200,0,0,0,52,74
2,203,ground,Hatchet,1,35,0,0,0,51,9
2,203,ground,Torch,1,90,0,0,0,50,9
2,203,ground,Bow,1,0,0,20,0,51,39
2,203,ground,Root Drill,1,0,3,0,0,51,40
2,203,carried,Buckler,1,30,0,0,0,56,19
2,203,carried,Buckler,1,30,0,0,0,51,32
2,203,ground,Fungal Bread,2,0,0,0,0,52,42
2,203,ground,Fungal Bread,2,0,0,0,0,55,21
2,203,ground,Fungal Bread,2,0,0,0,0,55,16
2,203,ground,Sap jar,2,0,0,0,0,41,73
2,203,ground,Ammo,1,0,0,0,0,98,10
2,203,ground,Reflecting Pan,1,24,0,0,0,76,40
2,203,ground,Ammo,1,0,0,0,0,80,30
2,203,ground,Resin Glue,1,0,0,0,0,128,17
2,203,ground,Ammo,1,0,0,0,0,120,13
2,203,ground,Medkit,1,0,0,0,0,78,73
2,203,ground,Bandage,2,0,0,0,0,83,82
2,203,ground,Bow,1,0,0,20,0,79,81
2,203,ground,River Fish,3,0,0,0,0,63,70
2,203,ground,River Fish,2,0,0,0,0,57,55
2,203,ground,River Fish,5,0,0,0,0,44,45
2,203,ground,River Fish,5,0,0,0,0,34,32
2,203,ground,River Fish,3,0,0,0,0,28,15
2,203,stored,Fried Egg,2,0,0,0,0,62,14
2,203,ground,Torch,1,90,0,0,0,39,42
2,203,ground,Pitch Bomb,2,0,0,0,0,20,9
2,204,ground,Stick,1,18,0,0,0,33,79
2,204,ground,River Fish,6,0,0,0,0,39,106
2,204,ground,Hatchet,1,35,0,0,0,29,122
2,204,ground,Throwing Rock,3,0,0,0,0,53,142
2,204,ground,Lighter,1,0,20,0,0,48,145
2,204,ground,Flint Knife,1,60,0,0,0,6,106
2,204,ground,Honey pot,1,0,0,0,0,5,101
2,204,ground,Reflecting Pan,1,24,0,0,0,36,125
2,204,ground,Rake,1,400,0,0,0,12,74
2,204,ground,Herb Bag,1,0,4,0,0,13,83
2,204,ground,Chili,1,0,0,0,0,17,101
2,204,ground,Straw Decoy,1,0,0,0,0,7,131
2,204,ground,Ammo,1,0,0,0,0,9,125
2,204,ground,Ammo,1,0,0,0,0,61,102
2,204,ground,Ammo,1,0,0,0,0,65,75
2,204,ground,Herb Bag,1,0,4,0,0,57,60
2,204,stored,Water flask,2,0,0,0,0,57,101
2,204,stored,Bow,1,0,0,20,0,52,97
2,204,ground,Thorn Caltrops,2,0,0,0,0,16,94
2,204,ground,Throwing Rock,3,0,0,0,0,8,81
2,204,wall,Boomerang,1,0,0,0,0,10,110
2,205,ground,Stick,1,18,0,0,0,13,36
2,205,ground,Throwing Rock,3,0,0,0,0,9,78
2,205,ground,Honey pot,1,0,0,0,0,17,49
2,205,ground,Hatchet,1,35,0,0,0,61,53
2,205,ground,Torch,1,90,0,0,0,61,52
2,205,ground,Digging Claws,1,200,0,0,0,61,83
2,205,ground,Root Drill,1,0,3,0,0,61,84
2,205,carried,Buckler,1,30,0,0,0,58,81
2,205,ground,Fungal Bread,2,0,0,0,0,58,64
2,205,ground,Fungal Bread,2,0,0,0,0,48,84
2,205,ground,River Fish,5,0,0,0,0,40,61
2,205,ground,Flint Knife,1,60,0,0,0,78,74
2,205,ground,Water flask,2,0,0,0,0,26,52
2,205,ground,Chili,1,0,0,0,0,25,77
2,205,ground,Bandage,2,0,0,0,0,15,20
2,205,ground,Medkit,1,0,0,0,0,79,52
2,205,ground,Ammo,1,0,0,0,0,77,50
2,205,ground,Water flask,2,0,0,0,0,41,99
2,205,ground,Fried Egg,2,0,0,0,0,17,13
2,206,ground,Stick,1,18,0,0,0,78,57
2,206,ground,Pickaxe,1,32,0,0,0,34,69
2,206,ground,Rake,1,400,0,0,0,57,52
2,206,ground,Throwing Rock,3,0,0,0,0,45,71
2,206,ground,Rake,1,400,0,0,0,40,49
2,206,ground,River Fish,6,0,0,0,0,104,55
2,206,ground,Hunting Spear,1,45,0,0,0,93,26
2,206,ground,Splint,1,0,2,0,0,95,61
2,206,ground,River Fish,4,0,0,0,0,59,11
2,206,ground,Rope Hook,1,0,24,0,0,96,29
2,206,ground,Rake,1,400,0,0,0,72,38
2,206,ground,Bandage,2,0,0,0,0,75,35
2,206,ground,Rake,1,400,0,0,0,61,38
2,206,ground,Herb Bag,1,0,4,0,0,62,38
2,206,ground,Ammo,1,0,0,0,0,78,70
2,206,ground,Splint,1,0,2,0,0,29,32
2,206,wall,Hatchet,1,35,0,0,0,56,2
2,206,wall,Stick,1,18,0,0,0,22,14
2,206,wall,Straw Decoy,1,0,0,0,0,68,79
2,207,ground,Stick,1,18,0,0,0,79,57
2,207,ground,River Fish,6,0,0,0,0,50,37
2,207,ground,Fried Egg,2,0,0,0,0,31,29
2,207,ground,Digging Claws,1,200,0,0,0,47,34
2,207,ground,Throwing Rock,3,0,0,0,0,58,33
2,207,ground,Lantern Seed,1,0,0,0,0,84,73
2,207,ground,Rake,1,400,0,0,0,63,54
2,207,ground,Bandage,2,0,0,0,0,55,52
2,207,ground,Herb Bag,1,0,4,0,0,60,80
2,207,ground,Lighter,1,0,20,0,0,51,97
2,207,ground,Ammo,1,0,0,0,0,53,94
2,207,ground,Ammo,1,0,0,0,0,12,38
2,207,ground,River Fish,3,0,0,0,0,55,47
2,207,ground,River Fish,2,0,0,0,0,45,54
2,207,ground,Resin Glue,1,0,0,0,0,62,5
2,207,ground,Hatchet,1,35,0,0,0,71,85
2,207,wall,Fried Egg,2,0,0,0,0,64,76
2,208,ground,Stick,1,18,0,0,0,35,79
2,208,ground,Rope Snare,2,0,0,0,0,62,54
2,208,ground,Torch,1,90,0,0,0,11,17
2,208,ground,Rope Hook,1,0,24,0,0,12,17
2,208,ground,Torch,1,90,0,0,0,35,13
2,208,ground,Bow,1,0,0,20,0,52,10
2,208,ground,Digging Claws,1,200,0,0,0,47,17
2,208,ground,Smoke pot,2,0,0,0,0,59,7
2,208,ground,Pickaxe,1,32,0,0,0,78,51
2,208,ground,Seed Bag,1,0,6,0,0,37,62
2,208,ground,Thunder Acorn,2,0,0,0,0,106,59
2,208,ground,Ammo,1,0,0,0,0,98,52
2,208,ground,Thorn Caltrops,1,0,0,0,0,35,32
2,208,ground,Herb Bag,1,0,4,0,0,75,26
2,208,ground,Medkit,1,0,0,0,0,92,36
2,208,ground,Ammo,1,0,0,0,0,100,33
2,208,ground,Buckler,1,30,0,0,0,72,33
2,208,wall,Mushroom spores,2,0,0,0,0,28,65
2,209,ground,Stick,1,18,0,0,0,56,13
2,209,ground,Bow,1,0,0,20,0,83,35
2,209,ground,Rope Hook,1,0,24,0,0,84,35
2,209,ground,Torch,1,90,0,0,0,78,11
2,209,ground,Digging Claws,1,200,0,0,0,100,60
2,209,ground,Wooden Maul,1,24,0,0,0,104,62
2,209,ground,Torch,1,90,0,0,0,8,54
2,209,ground,Honey pot,1,0,0,0,0,8,57
2,209,ground,Pickaxe,1,32,0,0,0,12,35
2,209,ground,Rake,1,400,0,0,0,40,12
2,209,ground,Bandage,2,0,0,0,0,42,15
2,209,ground,Water flask,2,0,0,0,0,36,30
2,209,ground,Bandage,2,0,0,0,0,95,10
2,209,ground,Ammo,1,0,0,0,0,129,29
2,209,ground,River Fish,5,0,0,0,0,53,29
2,209,ground,River Fish,2,0,0,0,0,65,23
2,209,ground,River Fish,5,0,0,0,0,77,30
2,209,ground,River Fish,3,0,0,0,0,87,38
2,209,ground,Thorn Caltrops,2,0,0,0,0,123,7
2,209,ground,Pickaxe,1,32,0,0,0,16,26
2,209,ground,Hatchet,1,35,0,0,0,61,29
2,209,wall,Bow,1,0,0,20,0,100,4
2,210,ground,Stick,1,18,0,0,0,33,81
2,210,ground,River Fish,5,0,0,0,0,51,35
2,210,ground,Stick,1,18,0,0,0,81,41
2,210,ground,Honey pot,1,0,0,0,0,84,33
2,210,ground,Digging Claws,1,200,0,0,0,34,37
2,210,ground,Rake,1,400,0,0,0,37,39
2,210,ground,Bandage,2,0,0,0,0,30,35
2,210,ground,Hand Bell,1,0,80,0,0,6,32
2,210,ground,Bandage,2,0,0,0,0,13,27
2,210,ground,Ammo,1,0,0,0,0,78,30
2,210,ground,Ammo,2,0,0,0,0,15,84
2,210,ground,Ammo,1,0,0,0,0,18,85
2,210,ground,Ammo,1,0,0,0,0,13,7
2,210,ground,Boomerang,1,0,0,0,0,55,62
2,210,ground,Rope Snare,2,0,0,0,0,99,39
2,210,ground,Acorn Mine,2,0,0,0,0,41,33
2,210,wall,Sap jar,2,0,0,0,0,59,30
2,211,ground,Stick,1,18,0,0,0,34,79
2,211,ground,Hatchet,1,35,0,0,0,60,35
2,211,ground,Rope Hook,1,0,24,0,0,61,35
2,211,ground,Torch,1,90,0,0,0,56,56
2,211,ground,Crossbow,1,0,0,1,16,37,122
2,211,ground,Lighter,1,0,20,0,0,42,121
2,211,ground,Crossbow,1,0,0,1,16,29,128
2,211,ground,River Fish,4,0,0,0,0,79,59
2,211,ground,Crossbow,1,0,0,1,16,39,6
2,211,ground,Ammo,1,0,0,0,0,34,56
2,211,ground,Bird Seed,1,0,0,0,0,31,37
2,211,ground,Fungal Bread,1,0,0,0,0,30,30
2,211,ground,Water flask,2,0,0,0,0,76,48
2,211,ground,Medkit,1,0,0,0,0,73,26
2,211,ground,Ammo,1,0,0,0,0,37,9
2,211,ground,Ammo,1,0,0,0,0,87,38
2,211,ground,River Fish,3,0,0,0,0,65,86
2,211,ground,River Fish,5,0,0,0,0,41,101
2,211,ground,River Fish,4,0,0,0,0,36,115
2,211,stored,Egg,3,0,0,0,0,75,49
2,211,wall,Bandage,3,0,0,0,0,19,100
2,212,ground,Stick,1,18,0,0,0,11,79
2,212,ground,River Fish,3,0,0,0,0,36,50
2,212,ground,Bear Trap,2,0,0,0,0,59,50
2,212,ground,Hatchet,1,35,0,0,0,52,58
2,212,ground,Buckler,1,30,0,0,0,41,53
2,212,ground,River Fish,4,0,0,0,0,78,52
2,212,ground,Hatchet,1,35,0,0,0,74,36
2,212,ground,Boomerang,1,0,0,0,0,34,77
2,212,ground,Bandage,2,0,0,0,0,32,74
2,212,ground,Mushroom spores,2,0,0,0,0,28,96
2,212,ground,Bandage,2,0,0,0,0,5,103
2,212,ground,Ammo,1,0,0,0,0,58,81
2,212,ground,Ammo,1,0,0,0,0,78,33
2,212,ground,Ammo,1,0,0,0,0,84,122
2,212,ground,River Fish,5,0,0,0,0,35,62
2,212,stored,Seed Bag,1,0,6,0,0,79,27
2,212,ground,Bow,1,0,0,20,0,41,102
2,213,ground,Stick,1,18,0,0,0,35,13
2,213,ground,Stick,1,18,0,0,0,15,79
2,213,ground,Rake,1,400,0,0,0,15,64
2,213,ground,Spring Trap,2,0,0,0,0,9,52
2,213,ground,River Fish,4,0,0,0,0,52,14
2,213,ground,River Fish,6,0,0,0,0,81,14
2,213,ground,Fishing Line,1,0,20,0,0,84,17
2,213,ground,Acorn Mine,2,0,0,0,0,9,36
2,213,ground,Ammo,1,0,0,0,0,29,37
2,213,ground,Lighter,1,0,20,0,0,31,56
2,213,ground,Ammo,1,0,0,0,0,33,48
2,213,ground,Water flask,2,0,0,0,0,56,9
2,213,ground,Ammo,1,0,0,0,0,72,33
2,213,ground,Medkit,1,0,0,0,0,78,54
2,213,ground,Bandage,2,0,0,0,0,73,60
2,213,ground,River Fish,4,0,0,0,0,45,15
2,213,ground,River Fish,4,0,0,0,0,32,22
2,213,ground,River Fish,4,0,0,0,0,25,9
2,213,ground,Torch,1,90,0,0,0,59,37
2,213,wall,Seed Bag,1,0,6,0,0,24,20
2,214,ground,Stick,1,18,0,0,0,33,59
2,214,ground,Flint Knife,1,60,0,0,0,30,122
2,214,ground,Throwing Net,2,0,0,0,0,31,122
2,214,ground,Torch,1,90,0,0,0,34,77
2,214,ground,Pitch Bomb,2,0,0,0,0,11,35
2,214,ground,Hatchet,1,35,0,0,0,11,30
2,214,ground,Rake,1,400,0,0,0,3,43
2,214,ground,Torch,1,90,0,0,0,18,40
2,214,ground,Medkit,1,0,0,0,0,34,9
2,214,ground,Pitch Bomb,2,0,0,0,0,17,15
2,214,ground,Ammo,1,0,0,0,0,12,14
2,214,ground,Bird Seed,1,0,0,0,0,56,113
2,214,ground,Bandage,2,0,0,0,0,61,126
2,214,ground,Lighter,1,0,20,0,0,57,34
2,214,ground,Ammo,1,0,0,0,0,55,44
2,214,ground,Ammo,1,0,0,0,0,16,100
2,214,ground,Fungal Bread,1,0,0,0,0,52,128
2,214,ground,Sap jar,2,0,0,0,0,6,107
2,214,ground,Pitch Bomb,2,0,0,0,0,13,95
2,214,wall,Flint Knife,1,60,0,0,0,24,30
2,215,ground,Stick,1,18,0,0,0,77,57
2,215,ground,River Fish,6,0,0,0,0,29,41
2,215,ground,Spring Trap,2,0,0,0,0,38,58
2,215,ground,Mushroom spores,2,0,0,0,0,31,52
2,215,ground,Hatchet,1,35,0,0,0,101,38
2,215,ground,Throwing Net,2,0,0,0,0,102,38
2,215,ground,Torch,1,90,0,0,0,78,34
2,215,ground,Acorn Mine,2,0,0,0,0,57,14
2,215,ground,Rope Hook,1,0,24,0,0,62,38
2,215,ground,Resin Glue,1,0,0,0,0,55,7
2,215,ground,Torch,1,90,0,0,0,17,40
2,215,ground,Flint Knife,1,60,0,0,0,26,57
2,215,ground,Ammo,1,0,0,0,0,60,56
2,215,ground,Rake,1,400,0,0,0,11,30
2,215,ground,Herb Bag,1,0,4,0,0,17,34
2,215,ground,Medkit,1,0,0,0,0,71,9
2,215,ground,Boomerang,1,0,0,0,0,35,18
2,215,ground,Ammo,1,0,0,0,0,29,13
2,215,ground,Torch,1,90,0,0,0,78,11
2,215,ground,Ammo,1,0,0,0,0,75,11
2,215,ground,River Fish,5,0,0,0,0,12,29
2,215,ground,Pickaxe,1,32,0,0,0,91,54
2,216,ground,Stick,1,18,0,0,0,77,35
2,216,ground,Digging Claws,1,200,0,0,0,119,56
2,216,ground,Crossbow,1,0,0,1,16,123,35
2,216,ground,Bomb,2,0,0,0,0,126,60
2,216,ground,Hunting Spear,1,45,0,0,0,87,7
2,216,ground,Honey pot,1,0,0,0,0,70,16
2,216,ground,Torch,1,90,0,0,0,143,55
2,216,ground,Ammo,1,0,0,0,0,85,20
2,216,ground,Sap jar,1,0,0,0,0,31,13
2,216,ground,Mushroom spores,2,0,0,0,0,7,6
2,216,ground,Medkit,1,0,0,0,0,142,54
2,216,ground,Bandage,2,0,0,0,0,142,60
2,216,ground,Ammo,1,0,0,0,0,152,55
2,216,ground,River Fish,3,0,0,0,0,9,32
2,216,ground,River Fish,3,0,0,0,0,20,40
2,216,ground,River Fish,4,0,0,0,0,30,50
2,216,ground,River Fish,5,0,0,0,0,45,54
2,216,ground,Bandage,3,0,0,0,0,38,8
2,217,ground,Stick,1,18,0,0,0,55,81
2,217,ground,Buckler,1,30,0,0,0,66,39
2,217,ground,Lighter,1,0,20,0,0,69,39
2,217,ground,Chili,1,0,0,0,0,80,19
2,217,ground,River Fish,6,0,0,0,0,53,51
2,217,ground,Bow,1,0,0,20,0,81,57
2,217,ground,Bow,1,0,0,20,0,53,122
2,217,ground,Rope Hook,1,0,24,0,0,54,122
2,217,ground,Torch,1,90,0,0,0,57,100
2,217,ground,Hatchet,1,35,0,0,0,37,61
2,217,ground,Torch,1,90,0,0,0,38,61
2,217,ground,Pickaxe,1,32,0,0,0,8,61
2,217,ground,Root Drill,1,0,3,0,0,7,61
2,217,carried,Buckler,1,30,0,0,0,35,52
2,217,carried,Buckler,1,30,0,0,0,13,65
2,217,carried,Buckler,1,30,0,0,0,6,59
2,217,ground,Firecracker,2,0,0,0,0,33,52
2,217,ground,Fungal Bread,2,0,0,0,0,24,64
2,217,ground,Torch,1,90,0,0,0,28,122
2,217,ground,Hatchet,1,35,0,0,0,64,32
2,217,ground,Bird Seed,1,0,0,0,0,36,120
2,217,ground,Fungal Bread,1,0,0,0,0,33,117
2,217,ground,Medkit,1,0,0,0,0,31,95
2,217,ground,Digging Claws,1,200,0,0,0,19,28
2,217,ground,Ammo,1,0,0,0,0,9,39
2,217,ground,Bow,1,0,0,20,0,37,104
2,217,ground,Ammo,1,0,0,0,0,33,94
2,217,ground,Rake,1,400,0,0,0,44,44
2,217,ground,Fungal Bread,1,0,0,0,0,43,65
2,217,wall,Wooden Maul,1,24,0,0,0,57,88
2,218,ground,Stick,1,18,0,0,0,77,57
2,218,ground,Flint Knife,1,60,0,0,0,81,18
2,218,ground,Thorn Caltrops,2,0,0,0,0,102,81
2,218,ground,Rake,1,400,0,0,0,99,48
2,218,ground,River Fish,3,0,0,0,0,10,38
2,218,ground,Fishing Line,1,0,20,0,0,9,40
2,218,ground,Flint Knife,1,60,0,0,0,27,33
2,218,ground,Throwing Net,2,0,0,0,0,73,74
2,218,ground,Ammo,1,0,0,0,0,81,81
2,218,ground,Ammo,1,0,0,0,0,34,36
2,218,ground,Water flask,2,0,0,0,0,13,40
2,218,ground,Seed Bag,1,0,6,0,0,113,51
2,218,ground,Medkit,1,0,0,0,0,14,11
2,218,ground,Bandage,2,0,0,0,0,8,14
2,218,ground,Ammo,1,0,0,0,0,7,15
2,218,ground,River Fish,4,0,0,0,0,52,59
2,218,ground,River Fish,4,0,0,0,0,60,54
2,218,ground,Mushroom spores,2,0,0,0,0,26,47
2,218,ground,Seed Bag,1,0,6,0,0,10,28
2,219,ground,Stick,1,18,0,0,0,77,57
2,219,carried,Buckler,1,30,0,0,0,40,69
2,219,carried,Buckler,1,30,0,0,0,42,70
2,219,carried,Buckler,1,30,0,0,0,43,68
2,219,ground,Flint Knife,1,60,0,0,0,55,70
2,219,ground,Digging Claws,1,200,0,0,0,105,30
2,219,ground,Resin Glue,1,0,0,0,0,97,16
2,219,ground,Flint Knife,1,60,0,0,0,99,24
2,219,ground,Lighter,1,0,20,0,0,81,37
2,219,ground,Throwing Rock,3,0,0,0,0,75,38
2,219,ground,Water flask,2,0,0,0,0,65,33
2,219,ground,Ammo,1,0,0,0,0,54,36
2,219,ground,Hunting Spear,1,45,0,0,0,57,12
2,219,ground,Ammo,1,0,0,0,0,57,13
2,219,ground,Lighter,1,0,20,0,0,78,84
2,219,ground,Ammo,1,0,0,0,0,76,84
2,219,ground,Medkit,1,0,0,0,0,12,55
2,219,ground,Bandage,2,0,0,0,0,17,60
2,219,ground,Rope Hook,1,0,24,0,0,68,71
2,219,ground,Bow,1,0,0,20,0,75,74
2,219,ground,Boomerang,1,0,0,0,0,61,37
2,219,ground,Sleep Meds,3,0,0,0,0,65,26
2,219,wall,Throwing Rock,3,0,0,0,0,79,46
2,220,ground,Stick,1,18,0,0,0,34,57
2,220,ground,Smoke pot,2,0,0,0,0,74,70
2,220,ground,River Fish,4,0,0,0,0,77,7
2,220,ground,Hunting Horn,1,0,8,0,0,51,65
2,220,ground,Bitter Root,1,0,0,0,0,51,60
2,220,ground,Sap jar,1,0,0,0,0,17,56
2,220,ground,Herb Bag,1,0,4,0,0,76,37
2,220,ground,Ammo,1,0,0,0,0,96,40
2,220,ground,Medkit,1,0,0,0,0,62,19
2,220,ground,Ammo,1,0,0,0,0,61,11
2,220,ground,River Fish,2,0,0,0,0,70,30
2,220,ground,River Fish,5,0,0,0,0,74,42
2,220,wall,Sleep Meds,3,0,0,0,0,104,28
2,221,ground,Stick,1,18,0,0,0,55,80
2,221,ground,Torch,1,90,0,0,0,104,56
2,221,ground,Water flask,2,0,0,0,0,102,81
2,221,ground,Fungal Bread,1,0,0,0,0,93,79
2,221,ground,Reflecting Pan,1,24,0,0,0,38,104
2,221,ground,Stick,1,18,0,0,0,38,72
2,221,ground,Herb Bag,1,0,4,0,0,26,72
2,221,ground,Bird Seed,1,0,0,0,0,73,86
2,221,ground,Herb Bag,1,0,4,0,0,77,75
2,221,ground,Ammo,1,0,0,0,0,98,17
2,221,ground,Ammo,1,0,0,0,0,9,96
2,221,ground,River Fish,5,0,0,0,0,66,78
2,221,ground,River Fish,2,0,0,0,0,36,81
2,221,ground,River Fish,2,0,0,0,0,21,92
2,221,ground,Buckler,1,30,0,0,0,96,35
2,221,ground,Seed Bag,1,0,6,0,0,3,84
2,222,ground,Stick,1,18,0,0,0,55,58
2,222,ground,River Fish,5,0,0,0,0,81,68
2,222,ground,Stick,1,18,0,0,0,99,75
2,222,ground,Sleep Meds,3,0,0,0,0,83,84
2,222,ground,Bow,1,0,0,20,0,9,33
2,222,ground,Splint,1,0,2,0,0,38,50
2,222,ground,Throwing Rock,3,0,0,0,0,79,51
2,222,ground,Lighter,1,0,20,0,0,52,85
2,222,ground,Water flask,2,0,0,0,0,82,95
2,222,ground,Herb Bag,1,0,4,0,0,115,72
2,222,ground,Medkit,1,0,0,0,0,96,106
2,222,ground,Crossbow,1,0,0,1,16,12,10
2,222,ground,Ammo,1,0,0,0,0,15,11
2,222,ground,Ammo,1,0,0,0,0,98,97
2,222,ground,River Fish,2,0,0,0,0,75,80
2,222,ground,River Fish,5,0,0,0,0,74,68
2,222,ground,River Fish,5,0,0,0,0,81,52
2,222,ground,Pitch Bomb,2,0,0,0,0,125,79
2,222,ground,Mushroom spores,2,0,0,0,0,73,28
2,222,ground,Bomb,2,0,0,0,0,81,4
2,222,ground,Hatchet,1,35,0,0,0,121,71
2,223,ground,Stick,1,18,0,0,0,57,58
2,223,ground,River Fish,5,0,0,0,0,15,32
2,223,ground,Bow,1,0,0,20,0,58,79
2,223,ground,Seed Bag,1,0,6,0,0,31,83
2,223,ground,Splint,1,0,2,0,0,33,49
2,223,ground,Ammo,1,0,0,0,0,34,47
2,223,ground,Lighter,1,0,20,0,0,55,83
2,223,ground,Ammo,1,0,0,0,0,74,74
2,223,ground,Bandage,2,0,0,0,0,103,97
2,223,ground,Medkit,1,0,0,0,0,95,78
2,223,ground,Blink Seed,2,0,0,0,0,56,101
2,223,ground,Ammo,1,0,0,0,0,49,97
2,223,ground,Water flask,2,0,0,0,0,58,40
2,223,wall,Water flask,2,0,0,0,0,40,37
2,224,ground,Stick,1,18,0,0,0,34,35
2,224,ground,River Fish,6,0,0,0,0,56,81
2,224,ground,Pickaxe,1,32,0,0,0,71,73
2,224,ground,Rope Hook,1,0,24,0,0,57,83
2,224,ground,Hatchet,1,35,0,0,0,53,51
2,224,ground,Torch,1,90,0,0,0,52,51
2,224,ground,Stick,1,18,0,0,0,82,51
2,224,ground,Root Drill,1,0,3,0,0,83,51
2,224,carried,Buckler,1,30,0,0,0,69,49
2,224,carried,Buckler,1,30,0,0,0,60,54
2,224,ground,Fungal Bread,2,0,0,0,0,57,47
2,224,ground,Fungal Bread,2,0,0,0,0,82,59
2,224,ground,Bear Trap,2,0,0,0,0,35,102
2,224,ground,Lighter,1,0,20,0,0,63,33
2,224,ground,Ammo,1,0,0,0,0,53,41
2,224,ground,Bird Seed,1,0,0,0,0,79,40
2,224,ground,Bandage,2,0,0,0,0,80,40
2,224,ground,Medkit,1,0,0,0,0,34,100
2,224,ground,Bear Trap,2,0,0,0,0,11,21
2,224,ground,Ammo,1,0,0,0,0,12,16
2,224,ground,Ammo,1,0,0,0,0,30,54
2,224,ground,River Fish,4,0,0,0,0,65,62
2,224,ground,Bomb,2,0,0,0,0,29,63
2,224,ground,Sap jar,2,0,0,0,0,40,49
2,224,ground,Fried Egg,2,0,0,0,0,43,55
2,224,ground,Lighter,1,0,20,0,0,72,32
2,225,ground,Stick,1,18,0,0,0,33,35
2,225,ground,Hatchet,1,35,0,0,0,79,39
2,225,ground,Throwing Net,2,0,0,0,0,80,39
2,225,ground,Torch,1,90,0,0,0,55,33
2,225,ground,Hatchet,1,35,0,0,0,74,51
2,225,ground,Torch,1,90,0,0,0,73,51
2,225,ground,Hatchet,1,35,0,0,0,104,51
2,225,ground,Root Drill,1,0,3,0,0,104,50
2,225,ground,Fungal Bread,2,0,0,0,0,82,54
2,225,ground,Firecracker,2,0,0,0,0,97,61
2,225,ground,Bear Trap,2,0,0,0,0,54,48
2,225,ground,Ammo,1,0,0,0,0,32,61
2,225,ground,Thorn Caltrops,1,0,0,0,0,53,61
2,225,ground,Ammo,1,0,0,0,0,79,84
2,225,ground,Medkit,1,0,0,0,0,80,93
2,225,ground,Bird Seed,1,0,0,0,0,58,9
2,225,ground,Herb Bag,1,0,4,0,0,62,13
2,225,ground,Ammo,1,0,0,0,0,83,92
2,225,ground,Fungal Bread,1,0,0,0,0,104,82
2,225,ground,Hatchet,1,35,0,0,0,11,55
2,225,wall,Fungal Bread,1,0,0,0,0,21,53
2,226,ground,Stick,1,18,0,0,0,56,79
2,226,carried,Buckler,1,30,0,0,0,37,40
2,226,carried,Buckler,1,30,0,0,0,35,46
2,226,ground,Flint Knife,1,60,0,0,0,35,49
2,226,ground,Bow,1,0,0,20,0,26,72
2,226,ground,Hatchet,1,35,0,0,0,21,72
2,226,ground,Bomb,2,0,0,0,0,38,14
2,226,ground,Splint,1,0,2,0,0,55,4
2,226,ground,Ammo,1,0,0,0,0,57,8
2,226,ground,Medkit,1,0,0,0,0,36,21
2,226,ground,Rake,1,400,0,0,0,54,109
2,226,ground,Ammo,1,0,0,0,0,59,99
2,226,ground,Bandage,2,0,0,0,0,34,8
2,226,ground,Ammo,1,0,0,0,0,37,20
2,226,ground,Medkit,1,0,0,0,0,63,102
2,226,ground,Digging Claws,1,200,0,0,0,51,9
2,226,wall,Rope Hook,1,0,24,0,0,47,110
2,227,ground,Stick,1,18,0,0,0,35,59
2,227,ground,Thorn Caltrops,2,0,0,0,0,53,85
2,227,ground,Pickaxe,1,32,0,0,0,62,84
2,227,ground,Rope Snare,2,0,0,0,0,72,98
2,227,ground,Stick,1,18,0,0,0,11,79
2,227,ground,Crossbow,1,0,0,1,16,13,39
2,227,ground,Torch,1,90,0,0,0,61,56
2,227,ground,Bird Seed,1,0,0,0,0,62,56
2,227,ground,Herb Bag,1,0,4,0,0,61,55
2,227,ground,Rake,1,400,0,0,0,28,37
2,227,ground,Fungal Bread,1,0,0,0,0,36,33
2,227,ground,Ammo,1,0,0,0,0,13,36
2,227,ground,Ammo,1,0,0,0,0,39,97
2,227,wall,Straw Decoy,1,0,0,0,0,17,12
2,228,ground,Stick,1,18,0,0,0,79,13
2,228,ground,Flint Knife,1,60,0,0,0,83,36
2,228,ground,Bandaid,5,0,0,0,0,108,24
2,228,ground,Digging Claws,1,200,0,0,0,117,35
2,228,ground,Rope Hook,1,0,24,0,0,118,35
2,228,ground,Torch,1,90,0,0,0,122,11
2,228,ground,Bow,1,0,0,20,0,97,9
2,228,ground,Hunting Horn,1,0,8,0,0,76,38
2,228,ground,Seed Bag,1,0,6,0,0,54,13
2,228,ground,Ammo,1,0,0,0,0,97,4
2,228,ground,Bird Seed,1,0,0,0,0,142,7
2,228,ground,Fungal Bread,1,0,0,0,0,141,14
2,228,ground,Ammo,1,0,0,0,0,148,55
2,228,ground,Herb Bag,1,0,4,0,0,33,21
2,228,ground,Ammo,1,0,0,0,0,9,29
2,228,ground,River Fish,3,0,0,0,0,61,25
2,228,ground,River Fish,2,0,0,0,0,49,34
2,228,ground,River Fish,4,0,0,0,0,40,47
2,228,ground,River Fish,4,0,0,0,0,41,65
2,228,ground,River Fish,4,0,0,0,0,34,79
2,228,ground,Stick,1,18,0,0,0,41,56
2,228,ground,Spring Trap,2,0,0,0,0,60,8
2,228,ground,Bear Trap,2,0,0,0,0,140,50
2,229,ground,Stick,1,18,0,0,0,13,79
2,229,carried,Buckler,1,30,0,0,0,29,15
2,229,carried,Buckler,1,30,0,0,0,28,10
2,229,carried,Buckler,1,30,0,0,0,31,14
2,229,ground,Bow,1,0,0,20,0,20,21
2,229,ground,Hatchet,1,35,0,0,0,23,36
2,229,ground,River Fish,3,0,0,0,0,53,82
2,229,ground,Sleep Meds,3,0,0,0,0,62,54
2,229,ground,Hatchet,1,35,0,0,0,12,61
2,229,ground,Throwing Net,2,0,0,0,0,13,61
2,229,ground,Torch,1,90,0,0,0,35,55
2,229,ground,Bow,1,0,0,20,0,75,76
2,229,ground,Mushroom spores,2,0,0,0,0,33,19
2,229,ground,Medkit,1,0,0,0,0,56,31
2,229,ground,Lantern Seed,1,0,0,0,0,76,78
2,229,ground,Bandage,2,0,0,0,0,55,36
2,229,ground,Pickaxe,1,32,0,0,0,53,31
2,229,ground,Ammo,1,0,0,0,0,58,34
2,229,ground,River Fish,4,0,0,0,0,16,6
2,229,ground,River Fish,4,0,0,0,0,41,21
2,229,ground,River Fish,2,0,0,0,0,63,23
2,229,ground,River Fish,5,0,0,0,0,73,37
2,229,ground,Flint Knife,1,60,0,0,0,42,66
2,229,wall,Cooked Meat,2,0,0,0,0,24,52
2,230,ground,Stick,1,18,0,0,0,77,36
2,230,carried,Buckler,1,30,0,0,0,36,54
2,230,carried,Buckler,1,30,0,0,0,38,52
2,230,carried,Buckler,1,30,0,0,0,39,55
2,230,ground,Pickaxe,1,32,0,0,0,50,40
2,230,ground,Mushroom spores,2,0,0,0,0,38,36
2,230,ground,Rope Snare,2,0,0,0,0,18,60
2,230,ground,Lantern Seed,1,0,0,0,0,42,10
2,230,ground,Thorn Caltrops,1,0,0,0,0,9,8
2,230,ground,Ammo,1,0,0,0,0,8,56
2,230,ground,Medkit,1,0,0,0,0,17,38
2,230,ground,Honey pot,1,0,0,0,0,9,77
2,230,ground,Ammo,1,0,0,0,0,12,82
2,230,ground,Ammo,1,0,0,0,0,85,57
2,230,ground,Bandage,2,0,0,0,0,12,30
2,230,ground,River Fish,3,0,0,0,0,30,7
2,230,ground,River Fish,2,0,0,0,0,34,21
2,230,ground,River Fish,4,0,0,0,0,44,15
2,230,ground,Pickaxe,1,32,0,0,0,54,12
2,230,wall,Throwing Net,2,0,0,0,0,4,12
2,231,ground,Stick,1,18,0,0,0,78,79
2,231,ground,Hatchet,1,35,0,0,0,49,65
2,231,ground,Rake,1,400,0,0,0,38,60
2,231,ground,Lighter,1,0,20,0,0,57,70
2,231,ground,River Fish,5,0,0,0,0,28,39
2,231,ground,Hunting Spear,1,45,0,0,0,15,27
2,231,ground,Hatchet,1,35,0,0,0,28,37
2,231,ground,Hunting Spear,1,45,0,0,0,9,78
2,231,ground,Throwing Net,2,0,0,0,0,10,78
2,231,ground,Torch,1,90,0,0,0,13,57
2,231,ground,Throwing Rock,3,0,0,0,0,13,61
2,231,ground,Resin Glue,1,0,0,0,0,76,95
2,231,ground,Ammo,1,0,0,0,0,86,103
2,231,ground,Ammo,1,0,0,0,0,79,59
2,231,ground,Medkit,1,0,0,0,0,32,13
2,231,ground,Bandage,2,0,0,0,0,32,8
2,231,ground,Digging Claws,1,200,0,0,0,34,14
2,231,ground,Ammo,1,0,0,0,0,31,18
2,231,ground,River Fish,4,0,0,0,0,20,31
2,231,ground,River Fish,4,0,0,0,0,33,37
2,231,ground,River Fish,5,0,0,0,0,74,48
2,231,ground,Lighter,1,0,20,0,0,46,44
2,231,wall,Bear Trap,2,0,0,0,0,1,89
2,232,ground,Stick,1,18,0,0,0,56,36
2,232,ground,Torch,1,90,0,0,0,34,52
2,232,ground,Rotten Fruit,3,0,0,0,0,35,56
2,232,ground,Digging Claws,1,200,0,0,0,13,73
2,232,ground,Throwing Net,2,0,0,0,0,14,73
2,232,ground,Torch,1,90,0,0,0,33,77
2,232,ground,Sap jar,2,0,0,0,0,56,102
2,232,ground,Lighter,1,0,20,0,0,63,103
2,232,ground,Hatchet,1,35,0,0,0,52,15
2,232,ground,Torch,1,90,0,0,0,51,15
2,232,ground,Stick,1,18,0,0,0,83,15
2,232,ground,Root Drill,1,0,3,0,0,84,15
2,232,carried,Buckler,1,30,0,0,0,50,12
2,232,ground,Firecracker,2,0,0,0,0,79,9
2,232,ground,Firecracker,2,0,0,0,0,85,10
2,232,ground,Seed Bag,1,0,6,0,0,3,52
2,232,ground,Bird Seed,1,0,0,0,0,57,57
2,232,ground,Herb Bag,1,0,4,0,0,60,53
2,232,ground,Sticky Boots,1,0,4,0,0,37,102
2,232,ground,Ammo,1,0,0,0,0,35,93
2,232,ground,Oil flask,1,0,0,0,0,15,99
2,232,ground,Medkit,1,0,0,0,0,10,36
2,232,ground,Ammo,1,0,0,0,0,10,37
2,232,ground,River Fish,5,0,0,0,0,21,57
2,232,ground,River Fish,3,0,0,0,0,9,65
2,232,ground,Splint,1,0,2,0,0,11,105
2,232,ground,Hunting Spear,1,45,0,0,0,54,52
2,233,ground,Stick,1,18,0,0,0,33,57
2,233,ground,River Fish,5,0,0,0,0,34,75
2,233,ground,Acorn Mine,2,0,0,0,0,58,58
2,233,ground,Hatchet,1,35,0,0,0,15,51
2,233,ground,Bandage,2,0,0,0,0,3,53
2,233,ground,Water flask,2,0,0,0,0,34,76
2,233,ground,Ammo,1,0,0,0,0,31,108
2,233,ground,Ammo,1,0,0,0,0,56,76
2,233,ground,Ammo,1,0,0,0,0,82,55
2,233,ground,Medkit,1,0,0,0,0,105,61
2,233,ground,River Fish,5,0,0,0,0,45,66
2,233,ground,River Fish,4,0,0,0,0,40,77
2,233,ground,River Fish,3,0,0,0,0,39,93
2,233,ground,River Fish,2,0,0,0,0,27,117
2,233,ground,Digging Claws,1,200,0,0,0,61,62
2,233,ground,Bandage,3,0,0,0,0,9,50
2,233,ground,Cooked Meat,2,0,0,0,0,47,52
2,234,ground,Stick,1,18,0,0,0,35,37
2,234,ground,River Fish,6,0,0,0,0,58,58
2,234,ground,Flint Knife,1,60,0,0,0,85,51
2,234,ground,Bear Trap,2,0,0,0,0,73,60
2,234,ground,Hatchet,1,35,0,0,0,61,56
2,234,ground,Hatchet,1,35,0,0,0,79,52
2,234,ground,Hunting Horn,1,0,8,0,0,26,83
2,234,ground,Rake,1,400,0,0,0,62,35
2,234,ground,Fungal Bread,1,0,0,0,0,54,40
2,234,ground,Rake,1,400,0,0,0,56,13
2,234,ground,Fungal Bread,1,0,0,0,0,58,12
2,234,ground,Ammo,1,0,0,0,0,95,56
2,234,ground,River Fish,2,0,0,0,0,84,76
2,234,stored,Throwing Rock,3,0,0,0,0,30,84
2,234,ground,Sticky Boots,1,0,4,0,0,11,73
2,234,ground,Acorn Mine,2,0,0,0,0,73,16
2,234,ground,Fungal Bread,1,0,0,0,0,37,61
2,235,ground,Stick,1,18,0,0,0,34,58
2,235,ground,Mushroom spores,2,0,0,0,0,81,53
2,235,ground,Rake,1,400,0,0,0,73,51
2,235,ground,Pickaxe,1,32,0,0,0,7,55
2,235,ground,Rope Hook,1,0,24,0,0,8,55
2,235,ground,Torch,1,90,0,0,0,13,35
2,235,ground,Torch,1,90,0,0,0,109,81
2,235,ground,Raw Meat,1,0,0,0,0,108,80
2,235,ground,Mushroom spores,2,0,0,0,0,24,31
2,235,ground,Rake,1,400,0,0,0,50,82
2,235,ground,Herb Bag,1,0,4,0,0,57,77
2,235,ground,Scarecrow,1,0,0,0,0,99,30
2,235,ground,Ammo,1,0,0,0,0,97,31
2,235,ground,Chili,1,0,0,0,0,80,71
2,235,ground,Ammo,1,0,0,0,0,30,30
2,235,ground,Medkit,1,0,0,0,0,57,8
2,235,ground,Ammo,1,0,0,0,0,56,16
2,235,ground,River Fish,2,0,0,0,0,84,71
2,235,ground,River Fish,4,0,0,0,0,97,76
2,235,ground,Pickaxe,1,32,0,0,0,33,26
2,236,ground,Stick,1,18,0,0,0,79,59
2,236,ground,Throwing Rock,3,0,0,0,0,44,59
2,236,ground,Ammo,1,0,0,0,0,82,27
2,236,ground,Hatchet,1,35,0,0,0,56,41
2,236,ground,Ammo,1,0,0,0,0,49,38
2,236,ground,Water flask,2,0,0,0,0,27,72
2,236,ground,Herb Bag,1,0,4,0,0,31,18
2,236,ground,Pocket Door,1,0,2,0,0,58,13
2,236,ground,Ammo,1,0,0,0,0,59,10
2,236,ground,Medkit,1,0,0,0,0,15,11
2,236,ground,Bow,1,0,0,20,0,58,85
2,236,wall,Medkit,1,0,0,0,0,34,65
2,236,wall,Flint Knife,1,60,0,0,0,24,76
2,237,ground,Stick,1,18,0,0,0,57,79
2,237,ground,Flint Knife,1,60,0,0,0,27,50
2,237,ground,River Fish,6,0,0,0,0,74,75
2,237,ground,Fishing Line,1,0,20,0,0,71,76
2,237,ground,River Fish,3,0,0,0,0,36,37
2,237,ground,Fishing Line,1,0,20,0,0,36,40
2,237,ground,Throwing Rock,3,0,0,0,0,119,56
2,237,ground,Rake,1,400,0,0,0,49,57
2,237,ground,Fungal Bread,1,0,0,0,0,49,54
2,237,ground,Mushroom spores,2,0,0,0,0,85,80
2,237,ground,Medkit,1,0,0,0,0,39,12
2,237,ground,Ammo,1,0,0,0,0,76,97
2,237,ground,Ammo,1,0,0,0,0,29,10
2,237,ground,River Fish,2,0,0,0,0,110,81
2,237,ground,River Fish,4,0,0,0,0,91,19
2,237,ground,Rake,1,400,0,0,0,101,30
2,237,ground,Sap jar,2,0,0,0,0,128,77
2,237,wall,Cooked Meat,2,0,0,0,0,67,60
2,238,ground,Stick,1,18,0,0,0,56,57
2,238,carried,Buckler,1,30,0,0,0,35,19
2,238,carried,Buckler,1,30,0,0,0,31,19
2,238,carried,Buckler,1,30,0,0,0,37,17
2,238,carried,Buckler,1,30,0,0,0,35,15
2,238,carried,Buckler,1,30,0,0,0,37,33
2,238,carried,Buckler,1,30,0,0,0,44,35
2,238,ground,Stick,1,18,0,0,0,44,14
2,238,ground,Bird Seed,3,0,0,0,0,57,31
2,238,ground,Hatchet,1,35,0,0,0,18,53
2,238,ground,Rope Snare,2,0,0,0,0,14,73
2,238,ground,Hunting Spear,1,45,0,0,0,81,77
2,238,ground,Rope Hook,1,0,24,0,0,82,77
2,238,ground,Torch,1,90,0,0,0,78,55
2,238,ground,Sap jar,2,0,0,0,0,33,62
2,238,ground,Medkit,1,0,0,0,0,11,19
2,238,ground,Bandage,2,0,0,0,0,14,19
2,238,ground,Torch,1,90,0,0,0,9,20
2,238,ground,Ammo,1,0,0,0,0,4,9
2,238,ground,Cooked Meat,2,0,0,0,0,76,42
2,238,ground,Thorn Caltrops,2,0,0,0,0,14,32
2,238,wall,Smoke pot,2,0,0,0,0,81,15
2,238,wall,Wooden Maul,1,24,0,0,0,4,33
2,239,ground,Stick,1,18,0,0,0,57,81
2,239,ground,Wooden Maul,1,24,0,0,0,36,87
2,239,ground,Digging Claws,1,200,0,0,0,60,99
2,239,ground,Mushroom spores,2,0,0,0,0,52,101
2,239,ground,Rake,1,400,0,0,0,54,51
2,239,ground,Fungal Bread,1,0,0,0,0,62,60
2,239,ground,Ammo,1,0,0,0,0,30,33
2,239,ground,Bow,1,0,0,20,0,81,96
2,239,ground,Ammo,1,0,0,0,0,81,91
2,239,ground,Ammo,1,0,0,0,0,12,37
2,239,ground,Medkit,1,0,0,0,0,17,14
2,239,ground,Sleep Meds,3,0,0,0,0,41,57
2,239,wall,Herb Bag,1,0,4,0,0,71,100
2,240,ground,Stick,1,18,0,0,0,79,79
2,240,ground,River Fish,5,0,0,0,0,59,71
2,240,ground,Pickaxe,1,32,0,0,0,55,51
2,240,ground,Bandage,3,0,0,0,0,60,84
2,240,ground,Lighter,1,0,20,0,0,57,60
2,240,ground,Pickaxe,1,32,0,0,0,29,34
2,240,ground,Throwing Net,2,0,0,0,0,30,34
2,240,ground,Torch,1,90,0,0,0,34,55
2,240,ground,Rope Snare,2,0,0,0,0,37,62
2,240,ground,Rake,1,400,0,0,0,29,73
2,240,ground,Bandage,2,0,0,0,0,41,85
2,240,ground,Rope Snare,2,0,0,0,0,96,86
2,240,ground,Ammo,1,0,0,0,0,96,72
2,240,ground,Bandage,2,0,0,0,0,59,17
2,240,ground,Ammo,1,0,0,0,0,80,41
2,240,ground,Ammo,1,0,0,0,0,7,35
2,240,ground,River Fish,4,0,0,0,0,67,24
2,240,ground,River Fish,4,0,0,0,0,101,58
2,240,ground,Pickaxe,1,32,0,0,0,60,104
2,240,ground,Bomb,2,0,0,0,0,78,9
2,240,wall,Seed Bag,1,0,6,0,0,53,19
2,241,ground,Stick,1,18,0,0,0,11,79
2,241,ground,Bow,1,0,0,20,0,47,52
2,241,ground,Hunting Horn,1,0,8,0,0,38,84
2,241,ground,Torch,1,90,0,0,0,51,123
2,241,ground,Rope Hook,1,0,24,0,0,52,123
2,241,ground,Torch,1,90,0,0,0,57,101
2,241,ground,Pickaxe,1,32,0,0,0,34,13
2,241,ground,Honey pot,1,0,0,0,0,38,33
2,241,ground,Hatchet,1,35,0,0,0,39,36
2,241,ground,Bird Seed,1,0,0,0,0,10,64
2,241,ground,Herb Bag,1,0,4,0,0,18,60
2,241,ground,Ammo,1,0,0,0,0,24,101
2,241,ground,Medkit,1,0,0,0,0,76,123
2,241,ground,Bird Seed,1,0,0,0,0,74,78
2,241,ground,Ammo,1,0,0,0,0,76,125
2,241,ground,Boomerang,1,0,0,0,0,27,97
2,241,ground,Pitch Bomb,2,0,0,0,0,12,52
2,241,wall,Smoke pot,2,0,0,0,0,76,73
2,242,ground,Stick,1,18,0,0,0,34,59
2,242,carried,Buckler,1,30,0,0,0,59,50
2,242,carried,Buckler,1,30,0,0,0,59,46
2,242,carried,Buckler,1,30,0,0,0,56,38
2,242,carried,Buckler,1,30,0,0,0,59,37
2,242,carried,Buckler,1,30,0,0,0,60,36
2,242,ground,Pickaxe,1,32,0,0,0,64,45
2,242,ground,Bandage,3,0,0,0,0,78,47
2,242,ground,Sticky Boots,1,0,4,0,0,64,34
2,242,ground,Smoke pot,2,0,0,0,0,71,48
2,242,ground,Torch,1,90,0,0,0,29,13
2,242,ground,Rope Hook,1,0,24,0,0,30,13
2,242,ground,Torch,1,90,0,0,0,35,34
2,242,ground,Pitch Bomb,2,0,0,0,0,10,77
2,242,ground,Pickaxe,1,32,0,0,0,30,73
2,242,ground,Rope Hook,1,0,24,0,0,5,73
2,242,ground,Bow,1,0,0,20,0,38,101
2,242,ground,Bird Seed,1,0,0,0,0,56,74
2,242,ground,Herb Bag,1,0,4,0,0,58,72
2,242,ground,Bomb,2,0,0,0,0,84,88
2,242,ground,Ammo,1,0,0,0,0,86,84
2,242,ground,Rake,1,400,0,0,0,18,11
2,242,ground,Bandage,2,0,0,0,0,13,13
2,242,ground,Ammo,1,0,0,0,0,10,31
2,242,ground,River Fish,4,0,0,0,0,32,100
2,242,ground,River Fish,3,0,0,0,0,42,105
2,242,ground,Water flask,2,0,0,0,0,56,85
2,243,ground,Stick,1,18,0,0,0,56,57
2,243,ground,Flint Knife,1,60,0,0,0,57,83
2,243,ground,Stick,1,18,0,0,0,52,74
2,243,ground,River Fish,4,0,0,0,0,69,11
2,243,ground,Pickaxe,1,32,0,0,0,27,33
2,243,ground,Rope Snare,2,0,0,0,0,77,22
2,243,ground,Ammo,1,0,0,0,0,35,56
2,243,ground,Lantern Seed,1,0,0,0,0,83,62
2,243,ground,Sticky Boots,1,0,4,0,0,13,55
2,243,ground,Ammo,1,0,0,0,0,13,65
2,243,ground,Ammo,1,0,0,0,0,84,37
2,243,ground,Mushroom spores,2,0,0,0,0,81,11
2,243,ground,Medkit,1,0,0,0,0,60,39
2,243,ground,Bandage,2,0,0,0,0,106,6
2,243,ground,River Fish,2,0,0,0,0,90,13
2,243,ground,River Fish,3,0,0,0,0,117,2
2,243,ground,Water flask,2,0,0,0,0,36,12
2,243,ground,Mushroom spores,2,0,0,0,0,30,59
2,243,wall,Wooden Maul,1,24,0,0,0,86,57
2,244,ground,Stick,1,18,0,0,0,57,15
2,244,carried,Buckler,1,30,0,0,0,89,14
2,244,carried,Buckler,1,30,0,0,0,87,13
2,244,carried,Buckler,1,30,0,0,0,92,11
2,244,carried,Buckler,1,30,0,0,0,91,12
2,244,carried,Buckler,1,30,0,0,0,91,21
2,244,carried,Buckler,1,30,0,0,0,91,26
2,244,carried,Buckler,1,30,0,0,0,93,26
2,244,ground,Spring Trap,2,0,0,0,0,94,23
2,244,ground,Splint,1,0,2,0,0,85,16
2,244,ground,Fried Egg,2,0,0,0,0,102,55
2,244,ground,Stick,1,18,0,0,0,79,60
2,244,ground,River Fish,3,0,0,0,0,54,79
2,244,ground,Raw Meat,1,0,0,0,0,36,77
2,244,ground,Sap jar,2,0,0,0,0,55,17
2,244,ground,Ammo,1,0,0,0,0,61,27
2,244,ground,Torch,1,90,0,0,0,59,49
2,244,ground,Fungal Bread,1,0,0,0,0,57,50
2,244,ground,Medkit,1,0,0,0,0,126,40
2,244,ground,Mushroom spores,2,0,0,0,0,50,79
2,244,ground,Ammo,1,0,0,0,0,31,80
2,244,ground,Ammo,1,0,0,0,0,124,38
2,244,ground,River Fish,2,0,0,0,0,59,77
2,244,ground,River Fish,5,0,0,0,0,67,83
2,244,ground,Lighter,1,0,20,0,0,63,74
2,244,wall,Cooked Meat,2,0,0,0,0,66,35
2,244,wall,Sticky Boots,1,0,4,0,0,43,78
2,244,wall,Bandage,3,0,0,0,0,58,83
2,245,ground,Stick,1,18,0,0,0,78,13
2,245,ground,Pickaxe,1,32,0,0,0,52,55
2,245,ground,Throwing Net,2,0,0,0,0,53,55
2,245,ground,Torch,1,90,0,0,0,57,33
2,245,ground,Hatchet,1,35,0,0,0,74,53
2,245,ground,Torch,1,90,0,0,0,74,52
2,245,ground,Hunting Spear,1,45,0,0,0,74,82
2,245,ground,Root Drill,1,0,3,0,0,74,83
2,245,carried,Buckler,1,30,0,0,0,82,83
2,245,ground,Firecracker,2,0,0,0,0,80,73
2,245,ground,Fungal Bread,2,0,0,0,0,82,84
2,245,ground,Firecracker,2,0,0,0,0,77,78
2,245,ground,Flint Knife,1,60,0,0,0,79,61
2,245,ground,Ammo,1,0,0,0,0,58,6
2,245,ground,Bird Seed,1,0,0,0,0,55,77
2,245,ground,Fungal Bread,1,0,0,0,0,53,75
2,245,ground,Rake,1,400,0,0,0,102,60
2,245,ground,Fungal Bread,1,0,0,0,0,102,56
2,245,ground,Ammo,1,0,0,0,0,26,83
2,245,ground,Ammo,1,0,0,0,0,101,26
2,245,ground,Stick,1,18,0,0,0,40,47
2,245,wall,Seed Bag,1,0,6,0,0,24,1
2,246,ground,Stick,1,18,0,0,0,33,80
2,246,ground,Bow,1,0,0,20,0,69,27
2,246,ground,Sap jar,2,0,0,0,0,61,33
2,246,ground,Rake,1,400,0,0,0,75,17
2,246,ground,River Fish,3,0,0,0,0,54,59
2,246,ground,Sleep Meds,3,0,0,0,0,79,50
2,246,ground,Digging Claws,1,200,0,0,0,38,34
2,246,ground,Throwing Net,2,0,0,0,0,39,34
2,246,ground,Torch,1,90,0,0,0,35,57
2,246,ground,Throwing Rock,3,0,0,0,0,33,63
2,246,ground,Hatchet,1,35,0,0,0,57,76
2,246,ground,Ammo,1,0,0,0,0,55,79
2,246,ground,Medkit,1,0,0,0,0,107,58
2,246,ground,Pitch Bomb,2,0,0,0,0,109,78
2,246,ground,Ammo,1,0,0,0,0,101,79
2,246,ground,Oil flask,1,0,0,0,0,13,64
2,246,ground,Ammo,1,0,0,0,0,19,37
2,246,ground,Bandage,2,0,0,0,0,93,50
2,246,ground,Mushroom spores,2,0,0,0,0,82,79
2,246,wall,Stick,1,18,0,0,0,14,41
2,246,wall,Medkit,1,0,0,0,0,10,50
2,246,wall,Hatchet,1,35,0,0,0,46,75
2,247,ground,Stick,1,18,0,0,0,79,35
2,247,ground,Spring Trap,2,0,0,0,0,68,78
2,247,ground,Rope Hook,1,0,24,0,0,67,63
2,247,ground,Hatchet,1,35,0,0,0,81,15
2,247,ground,Torch,1,90,0,0,0,82,16
2,247,ground,Stick,1,18,0,0,0,52,15
2,247,ground,Root Drill,1,0,3,0,0,51,15
2,247,carried,Buckler,1,30,0,0,0,82,7
2,247,ground,Fungal Bread,2,0,0,0,0,54,13
2,247,ground,Firecracker,2,0,0,0,0,57,14
2,247,ground,Crossbow,1,0,0,1,16,21,82
2,247,ground,Wooden Maul,1,24,0,0,0,104,61
2,247,ground,Ammo,1,0,0,0,0,106,59
2,247,ground,Mushroom spores,2,0,0,0,0,28,53
2,247,ground,Bandage,2,0,0,0,0,29,54
2,247,ground,Water flask,2,0,0,0,0,33,75
2,247,ground,Ammo,1,0,0,0,0,30,98
2,247,ground,Medkit,1,0,0,0,0,18,73
2,247,ground,Ammo,1,0,0,0,0,18,77
2,247,ground,River Fish,3,0,0,0,0,32,67
2,247,ground,River Fish,3,0,0,0,0,37,54
2,247,ground,River Fish,4,0,0,0,0,41,40
2,247,ground,Straw Decoy,1,0,0,0,0,16,64
2,247,wall,Hatchet,1,35,0,0,0,43,48
2,247,wall,Torch,1,90,0,0,0,35,88
2,248,ground,Stick,1,18,0,0,0,55,59
2,248,ground,Wooden Maul,1,24,0,0,0,23,82
2,248,ground,Hatchet,1,35,0,0,0,53,101
2,248,ground,Throwing Net,2,0,0,0,0,54,101
2,248,ground,Torch,1,90,0,0,0,57,77
2,248,ground,Hatchet,1,35,0,0,0,59,38
2,248,ground,Torch,1,90,0,0,0,58,38
2,248,ground,Bow,1,0,0,20,0,59,9
2,248,ground,Root Drill,1,0,3,0,0,59,8
2,248,carried,Buckler,1,30,0,0,0,56,12
2,248,ground,Firecracker,2,0,0,0,0,54,7
2,248,ground,Raw Meat,1,0,0,0,0,28,122
2,248,ground,Buckler,1,30,0,0,0,25,81
2,248,ground,Medkit,1,0,0,0,0,16,98
2,248,ground,Medkit,1,0,0,0,0,35,41
2,248,ground,Ammo,1,0,0,0,0,33,37
2,248,ground,Thorn Caltrops,1,0,0,0,0,34,92
2,248,ground,Bird Seed,1,0,0,0,0,30,125
2,248,ground,Herb Bag,1,0,4,0,0,31,130
2,248,ground,Ammo,1,0,0,0,0,8,96
2,248,ground,Digging Claws,1,200,0,0,0,32,117
2,248,ground,Rope Snare,2,0,0,0,0,36,108
2,248,ground,Mushroom spores,2,0,0,0,0,29,103
2,248,wall,Medkit,1,0,0,0,0,43,98
2,248,wall,Acorn Mine,2,0,0,0,0,21,122
2,249,ground,Stick,1,18,0,0,0,56,57
2,249,carried,Buckler,1,30,0,0,0,75,104
2,249,carried,Buckler,1,30,0,0,0,76,102
2,249,carried,Buckler,1,30,0,0,0,71,100
2,249,carried,Buckler,1,30,0,0,0,73,101
2,249,ground,Stick,1,18,0,0,0,73,103
2,249,ground,Flint Knife,1,60,0,0,0,34,83
2,249,ground,Throwing Net,2,0,0,0,0,35,83
2,249,ground,Torch,1,90,0,0,0,56,77
2,249,ground,River Fish,4,0,0,0,0,39,56
2,249,ground,Straw Decoy,1,0,0,0,0,72,123
2,249,ground,Raw Meat,2,0,0,0,0,75,55
2,249,ground,Ammo,1,0,0,0,0,78,61
2,249,ground,Bird Seed,1,0,0,0,0,31,105
2,249,ground,Fungal Bread,1,0,0,0,0,33,102
2,249,ground,Rake,1,400,0,0,0,35,112
2,249,ground,Fungal Bread,1,0,0,0,0,37,125
2,249,ground,Ammo,1,0,0,0,0,16,118
2,249,ground,Seed Bag,1,0,6,0,0,43,28
2,249,ground,Thorn Caltrops,2,0,0,0,0,29,98
2,249,ground,Rake,1,400,0,0,0,26,30
2,249,wall,Straw Decoy,1,0,0,0,0,33,64
2,249,wall,Cooked Meat,2,0,0,0,0,42,118
2,250,ground,Stick,1,18,0,0,0,56,58
2,250,ground,Wooden Maul,1,24,0,0,0,14,33
2,250,ground,Rake,1,400,0,0,0,10,29
2,250,ground,Water flask,2,0,0,0,0,35,35
2,250,ground,Hunting Spear,1,45,0,0,0,102,76
2,250,ground,Mushroom spores,2,0,0,0,0,83,84
2,250,ground,Bow,1,0,0,20,0,82,52
2,250,ground,River Fish,4,0,0,0,0,77,34
2,250,ground,Fishing Line,1,0,20,0,0,74,34
2,250,ground,Seed Bag,1,0,6,0,0,105,79
2,250,ground,Water flask,2,0,0,0,0,51,35
2,250,ground,Bird Seed,1,0,0,0,0,119,72
2,250,ground,Fungal Bread,1,0,0,0,0,116,75
2,250,ground,Medkit,1,0,0,0,0,8,11
2,250,ground,Ammo,1,0,0,0,0,13,9
2,250,ground,Pickaxe,1,32,0,0,0,127,60
2,251,ground,Stick,1,18,0,0,0,57,79
2,251,ground,Wooden Maul,1,24,0,0,0,74,56
2,251,ground,Throwing Net,2,0,0,0,0,75,56
2,251,ground,Torch,1,90,0,0,0,78,77
2,251,ground,Hatchet,1,35,0,0,0,7,74
2,251,ground,Torch,1,90,0,0,0,7,73
2,251,ground,Pickaxe,1,32,0,0,0,7,104
2,251,ground,Root Drill,1,0,3,0,0,7,105
2,251,carried,Buckler,1,30,0,0,0,10,106
2,251,carried,Buckler,1,30,0,0,0,21,75
2,251,ground,Fungal Bread,2,0,0,0,0,16,84
2,251,ground,Firecracker,2,0,0,0,0,11,75
2,251,ground,Fungal Bread,2,0,0,0,0,5,73
2,251,ground,Bomb,2,0,0,0,0,76,45
2,251,ground,Torch,1,90,0,0,0,32,72
2,251,ground,Bird Seed,1,0,0,0,0,19,56
2,251,ground,Bandage,2,0,0,0,0,11,48
2,251,ground,Ammo,1,0,0,0,0,83,31
2,251,ground,Medkit,1,0,0,0,0,18,32
2,251,ground,Ammo,1,0,0,0,0,17,31
2,251,ground,Pickaxe,1,32,0,0,0,63,59
2,251,ground,Seed Bag,1,0,6,0,0,73,12
2,251,wall,Water flask,2,0,0,0,0,81,21
2,252,ground,Stick,1,18,0,0,0,55,37
2,252,ground,Stick,1,18,0,0,0,17,41
2,252,ground,Lighter,1,0,20,0,0,12,50
2,252,ground,Hatchet,1,35,0,0,0,74,60
2,252,ground,Torch,1,90,0,0,0,73,60
2,252,ground,Flint Knife,1,60,0,0,0,105,60
2,252,ground,Root Drill,1,0,3,0,0,106,60
2,252,carried,Buckler,1,30,0,0,0,86,63
2,252,ground,Firecracker,2,0,0,0,0,77,56
2,252,ground,Pickaxe,1,32,0,0,0,95,18
2,252,ground,Honey pot,1,0,0,0,0,95,20
2,252,ground,Throwing Rock,3,0,0,0,0,20,39
2,252,ground,Ammo,1,0,0,0,0,77,28
2,252,ground,Seed Bag,1,0,6,0,0,76,14
2,252,ground,Oil flask,1,0,0,0,0,100,13
2,252,ground,Medkit,1,0,0,0,0,99,33
2,252,ground,Fungal Bread,1,0,0,0,0,12,16
2,252,ground,Ammo,1,0,0,0,0,103,34
2,252,ground,River Fish,5,0,0,0,0,101,51
2,252,ground,River Fish,4,0,0,0,0,90,43
2,252,ground,River Fish,4,0,0,0,0,90,25
2,252,ground,River Fish,5,0,0,0,0,106,22
2,252,ground,River Fish,2,0,0,0,0,115,13
2,252,ground,Rake,1,400,0,0,0,121,4
2,252,ground,Throwing Rock,3,0,0,0,0,103,46
2,252,wall,Wooden Maul,1,24,0,0,0,129,5
2,253,ground,Stick,1,18,0,0,0,78,58
2,253,ground,Wooden Maul,1,24,0,0,0,118,101
2,253,ground,Water flask,2,0,0,0,0,114,89
2,253,ground,Digging Claws,1,200,0,0,0,39,95
2,253,ground,Pickaxe,1,32,0,0,0,34,101
2,253,ground,Hatchet,1,35,0,0,0,56,83
2,253,ground,Rope Hook,1,0,24,0,0,57,83
2,253,ground,Torch,1,90,0,0,0,78,77
2,253,ground,Hatchet,1,35,0,0,0,95,51
2,253,ground,Torch,1,90,0,0,0,94,51
2,253,ground,Torch,1,90,0,0,0,126,51
2,253,ground,Root Drill,1,0,3,0,0,127,51
2,253,carried,Buckler,1,30,0,0,0,107,49
2,253,ground,Firecracker,2,0,0,0,0,93,58
2,253,ground,Seed Bag,1,0,6,0,0,122,105
2,253,ground,Rake,1,400,0,0,0,83,33
2,253,ground,Fungal Bread,1,0,0,0,0,76,35
2,253,ground,Herb Bag,1,0,4,0,0,75,20
2,253,ground,Ammo,1,0,0,0,0,78,12
2,253,ground,Medkit,1,0,0,0,0,19,76
2,253,ground,Hatchet,1,35,0,0,0,10,76
2,253,ground,Ammo,1,0,0,0,0,13,73
2,253,ground,Rake,1,400,0,0,0,71,30
2,253,ground,Digging Claws,1,200,0,0,0,72,39
2,253,wall,Spring Trap,2,0,0,0,0,80,46
2,253,wall,Rope Snare,2,0,0,0,0,76,66
2,254,ground,Stick,1,18,0,0,0,79,13
2,254,ground,Crossbow,1,0,0,1,16,39,15
2,254,ground,Torch,1,90,0,0,0,103,53
2,254,ground,Hatchet,1,35,0,0,0,76,54
2,254,ground,Flint Knife,1,60,0,0,0,30,78
2,254,ground,Throwing Net,2,0,0,0,0,31,78
2,254,ground,Torch,1,90,0,0,0,33,55
2,254,ground,Boomerang,1,0,0,0,0,41,65
2,254,ground,Medkit,1,0,0,0,0,9,73
2,254,ground,Seed Bag,1,0,6,0,0,106,13
2,254,ground,Chili,1,0,0,0,0,57,50
2,254,ground,Ammo,1,0,0,0,0,57,54
2,254,ground,Bandage,2,0,0,0,0,9,88
2,254,ground,Flint Knife,1,60,0,0,0,14,75
2,254,ground,Ammo,1,0,0,0,0,6,77
2,254,ground,River Fish,5,0,0,0,0,107,15
2,254,ground,River Fish,2,0,0,0,0,98,7
2,254,wall,Hatchet,1,35,0,0,0,103,4
2,255,ground,Stick,1,18,0,0,0,56,57
2,255,ground,River Fish,5,0,0,0,0,82,9
2,255,ground,River Fish,4,0,0,0,0,10,31
2,255,ground,Fishing Line,1,0,20,0,0,9,27
2,255,ground,Raw Meat,1,0,0,0,0,36,38
2,255,ground,Seed Bag,1,0,6,0,0,56,99
2,255,ground,Bird Seed,1,0,0,0,0,53,38
2,255,ground,Herb Bag,1,0,4,0,0,56,25
2,255,ground,Raw Meat,2,0,0,0,0,56,72
2,255,ground,Fungal Bread,1,0,0,0,0,56,69
2,255,ground,Ammo,1,0,0,0,0,76,127
2,255,ground,Ammo,1,0,0,0,0,16,53
2,255,ground,River Fish,4,0,0,0,0,23,46
2,255,ground,River Fish,3,0,0,0,0,23,65
2,255,ground,River Fish,2,0,0,0,0,8,68
2,255,ground,River Fish,3,0,0,0,0,3,80
2,255,ground,River Fish,4,0,0,0,0,7,94
2,256,ground,Stick,1,18,0,0,0,35,37
2,256,ground,Throwing Rock,3,0,0,0,0,57,80
2,256,ground,Sleep Meds,3,0,0,0,0,28,60
2,256,ground,Throwing Net,2,0,0,0,0,39,38
2,256,ground,Rake,1,400,0,0,0,56,105
2,256,ground,Fungal Bread,1,0,0,0,0,59,101
2,256,ground,Bird Seed,1,0,0,0,0,28,97
2,256,ground,Fungal Bread,1,0,0,0,0,32,102
2,256,ground,Shield Lantern,1,24,0,0,0,55,3
2,256,ground,Ammo,1,0,0,0,0,55,11
2,256,ground,Ammo,1,0,0,0,0,79,61
2,256,ground,Hatchet,1,35,0,0,0,82,38
2,256,ground,Water flask,2,0,0,0,0,86,33
2,256,ground,Rake,1,400,0,0,0,27,105
3,1,ground,Stick,1,18,0,0,0,56,59
3,1,ground,Torch,1,90,0,0,0,60,94
3,1,ground,Rake,1,400,0,0,0,32,86
3,1,ground,Blunderbuss,1,0,0,2,14,74,35
3,1,ground,Rope Hook,1,0,24,0,0,75,35
3,1,ground,Torch,1,90,0,0,0,77,57
3,1,ground,Hatchet,1,35,0,0,0,76,99
3,1,ground,Flint Knife,1,60,0,0,0,75,84
3,1,ground,Blink Seed,2,0,0,0,0,82,76
3,1,ground,Hatchet,1,35,0,0,0,52,116
3,1,ground,Torch,1,90,0,0,0,52,115
3,1,ground,Stick,1,18,0,0,0,81,116
3,1,ground,Root Drill,1,0,3,0,0,82,116
3,1,carried,Buckler,1,30,0,0,0,71,125
3,1,ground,Fungal Bread,2,0,0,0,0,62,116
3,1,ground,Acorn Mine,2,0,0,0,0,55,94
3,1,ground,Ammo,1,0,0,0,0,30,57
3,1,ground,Medkit,1,0,0,0,0,97,36
3,1,ground,Bandage,2,0,0,0,0,100,36
3,1,ground,Bandage,2,0,0,0,0,105,30
3,1,ground,Pickaxe,1,32,0,0,0,99,40
3,1,ground,Ammo,1,0,0,0,0,101,30
3,1,ground,Thunder Acorn,2,0,0,0,0,15,98
3,1,ground,Water flask,2,0,0,0,0,41,54
3,1,wall,Bow,1,0,0,20,0,89,33
3,2,ground,Stick,1,18,0,0,0,79,80
3,2,carried,Buckler,1,30,0,0,0,103,46
3,2,carried,Buckler,1,30,0,0,0,106,46
3,2,ground,Torch,1,90,0,0,0,109,39
3,2,ground,Mushroom spores,2,0,0,0,0,124,45
3,2,ground,Cooked Meat,2,0,0,0,0,103,40
3,2,ground,Mushroom spores,2,0,0,0,0,39,57
3,2,ground,River Fish,5,0,0,0,0,60,74
3,2,ground,Pickaxe,1,32,0,0,0,52,98
3,2,ground,Fried Egg,2,0,0,0,0,48,100
3,2,carried,Buckler,1,30,0,0,0,122,81
3,2,carried,Buckler,1,30,0,0,0,77,33
3,2,ground,Seed Bag,1,0,6,0,0,106,48
3,2,ground,Medkit,1,0,0,0,0,10,55
3,2,ground,Ammo,1,0,0,0,0,60,14
3,2,ground,Oil flask,1,0,0,0,0,72,36
3,2,ground,Lighter,1,0,20,0,0,127,73
3,2,ground,Bandage,2,0,0,0,0,8,56
3,2,ground,Bandage,2,0,0,0,0,7,58
3,2,ground,Ammo,1,0,0,0,0,16,57
3,2,ground,River Fish,5,0,0,0,0,47,67
3,2,ground,River Fish,4,0,0,0,0,23,53
3,2,ground,Sap jar,2,0,0,0,0,75,61
3,2,ground,Fried Egg,2,0,0,0,0,70,57
3,3,ground,Stick,1,18,0,0,0,34,81
3,3,ground,Blunderbuss,1,0,0,2,14,36,48
3,3,ground,Hatchet,1,35,0,0,0,77,29
3,3,ground,Throwing Net,2,0,0,0,0,78,29
3,3,ground,Torch,1,90,0,0,0,57,34
3,3,carried,Buckler,1,30,0,0,0,14,14
3,3,ground,Flint Knife,1,60,0,0,0,71,10
3,3,ground,Rake,1,400,0,0,0,4,74
3,3,ground,Herb Bag,1,0,4,0,0,19,78
3,3,ground,Bird Seed,1,0,0,0,0,59,54
3,3,ground,Herb Bag,1,0,4,0,0,58,59
3,3,ground,Fungal Bread,1,0,0,0,0,93,13
3,3,ground,Reflecting Pan,1,24,0,0,0,69,50
3,3,ground,Ammo,1,0,0,0,0,81,50
3,3,ground,Ammo,1,0,0,0,0,104,57
3,3,ground,Ammo,1,0,0,0,0,81,10
3,3,ground,River Fish,4,0,0,0,0,49,68
3,3,ground,Bomb,2,0,0,0,0,53,77
3,3,wall,Seed Bag,1,0,6,0,0,23,75
3,4,ground,Stick,1,18,0,0,0,57,79
3,4,ground,Bow,1,0,0,20,0,35,105
3,4,ground,Throwing Net,2,0,0,0,0,36,105
3,4,ground,Torch,1,90,0,0,0,55,100
3,4,ground,River Fish,4,0,0,0,0,31,59
3,4,carried,Buckler,1,30,0,0,0,37,28
3,4,ground,Seed Bag,1,0,6,0,0,27,99
3,4,ground,Rake,1,400,0,0,0,53,59
3,4,ground,Herb Bag,1,0,4,0,0,51,56
3,4,ground,Lantern Seed,1,0,0,0,0,54,118
3,4,ground,Fungal Bread,1,0,0,0,0,76,35
3,4,ground,Fungal Bread,1,0,0,0,0,60,147
3,4,ground,Ammo,1,0,0,0,0,5,140
3,4,stored,Lighter,1,0,20,0,0,28,15
3,4,ground,Throwing Net,2,0,0,0,0,28,47
3,4,ground,Flint Knife,1,60,0,0,0,45,128
3,5,ground,Stick,1,18,0,0,0,35,80
3,5,carried,Buckler,1,30,0,0,0,17,33
3,5,carried,Buckler,1,30,0,0,0,13,30
3,5,carried,Buckler,1,30,0,0,0,16,27
3,5,carried,Buckler,1,30,0,0,0,15,29
3,5,ground,Mushroom spores,2,0,0,0,0,18,26
3,5,ground,River Fish,6,0,0,0,0,39,128
3,5,ground,Water flask,2,0,0,0,0,29,139
3,5,ground,Bear Trap,2,0,0,0,0,28,120
3,5,ground,Water flask,2,0,0,0,0,79,98
3,5,ground,Lighter,1,0,20,0,0,85,101
3,5,ground,Blunderbuss,1,0,0,2,14,82,105
3,5,ground,Pickaxe,1,32,0,0,0,13,120
3,5,carried,Buckler,1,30,0,0,0,59,77
3,5,carried,Buckler,1,30,0,0,0,98,96
3,5,ground,Flint Knife,1,60,0,0,0,21,50
3,5,ground,Scarecrow,1,0,0,0,0,40,60
3,5,ground,Fungal Bread,1,0,0,0,0,36,56
3,5,ground,Lantern Seed,1,0,0,0,0,12,126
3,5,ground,Medkit,1,0,0,0,0,99,107
3,5,ground,Bandage,2,0,0,0,0,100,101
3,5,ground,Ammo,1,0,0,0,0,95,100
3,5,ground,River Fish,3,0,0,0,0,6,45
3,5,ground,River Fish,5,0,0,0,0,5,62
3,5,ground,Water flask,2,0,0,0,0,3,56
3,5,wall,Mushroom spores,2,0,0,0,0,64,80
3,6,ground,Stick,1,18,0,0,0,56,80
3,6,carried,Buckler,1,30,0,0,0,26,63
3,6,carried,Buckler,1,30,0,0,0,21,60
3,6,carried,Buckler,1,30,0,0,0,24,65
3,6,ground,Hunting Spear,1,45,0,0,0,22,77
3,6,ground,Firecracker,3,0,0,0,0,13,61
3,6,ground,Pickaxe,1,32,0,0,0,103,65
3,6,ground,Fried Egg,2,0,0,0,0,75,76
3,6,ground,River Fish,5,0,0,0,0,60,39
3,6,ground,Hunting Spear,1,45,0,0,0,75,30
3,6,ground,Torch,1,90,0,0,0,99,9
3,6,ground,Throwing Net,2,0,0,0,0,100,9
3,6,ground,Torch,1,90,0,0,0,78,13
3,6,carried,Buckler,1,30,0,0,0,61,8
3,6,ground,Straw Decoy,1,0,0,0,0,88,65
3,6,ground,Ammo,1,0,0,0,0,59,55
3,6,ground,Spring Trap,2,0,0,0,0,37,101
3,6,ground,Ammo,1,0,0,0,0,37,100
3,6,ground,Medkit,1,0,0,0,0,57,10
3,6,ground,Bandage,2,0,0,0,0,55,5
3,6,ground,Bandage,2,0,0,0,0,59,9
3,6,ground,Pickaxe,1,32,0,0,0,58,16
3,6,ground,Ammo,1,0,0,0,0,54,11
3,6,ground,Cooked Meat,2,0,0,0,0,53,59
3,6,ground,Shield Lantern,1,24,0,0,0,49,54
3,6,ground,Rope Snare,2,0,0,0,0,55,51
3,6,wall,Shield Lantern,1,24,0,0,0,32,89
3,7,ground,Stick,1,18,0,0,0,55,13
3,7,carried,Buckler,1,30,0,0,0,100,38
3,7,ground,Shield Lantern,1,24,0,0,0,100,76
3,7,ground,Ammo,1,0,0,0,0,77,11
3,7,ground,Mushroom spores,2,0,0,0,0,71,57
3,7,ground,Ammo,1,0,0,0,0,94,52
3,7,ground,Lighter,1,0,20,0,0,33,11
3,7,ground,Ammo,1,0,0,0,0,40,18
3,7,ground,Medkit,1,0,0,0,0,105,32
3,7,ground,Ammo,1,0,0,0,0,29,36
3,7,ground,Lantern Seed,1,0,0,0,0,124,13
3,7,ground,Bandage,2,0,0,0,0,81,76
3,7,ground,Bandage,2,0,0,0,0,98,31
3,7,stored,Medkit,1,0,0,0,0,126,10
3,7,stored,Spring Trap,2,0,0,0,0,81,69
3,7,stored,Lighter,1,0,20,0,0,86,63
3,7,stored,Flint Knife,1,60,0,0,0,74,15
3,7,ground,Bandage,3,0,0,0,0,108,80
3,7,ground,Sap jar,2,0,0,0,0,74,29
3,7,wall,Water flask,2,0,0,0,0,108,14
3,7,wall,Cooked Meat,2,0,0,0,0,96,17
3,8,ground,Stick,1,18,0,0,0,77,36
3,8,ground,Hatchet,1,35,0,0,0,50,27
3,8,ground,Sap jar,2,0,0,0,0,56,28
3,8,ground,Pickaxe,1,32,0,0,0,13,51
3,8,ground,Rope Hook,1,0,24,0,0,14,51
3,8,ground,Torch,1,90,0,0,0,33,56
3,8,ground,Blunderbuss,1,0,0,2,14,80,72
3,8,ground,Raw Meat,1,0,0,0,0,82,82
3,8,carried,Buckler,1,30,0,0,0,30,79
3,8,ground,Thorn Caltrops,2,0,0,0,0,79,22
3,8,ground,Pocket Door,1,0,2,0,0,76,13
3,8,ground,Ammo,1,0,0,0,0,76,10
3,8,ground,Torch,1,90,0,0,0,75,75
3,8,ground,Mushroom spores,2,0,0,0,0,13,73
3,8,ground,Ammo,1,0,0,0,0,54,73
3,8,ground,Fungal Bread,1,0,0,0,0,94,73
3,8,ground,Medkit,1,0,0,0,0,39,82
3,8,ground,Bandage,2,0,0,0,0,35,75
3,8,ground,Ammo,1,0,0,0,0,39,76
3,8,ground,River Fish,3,0,0,0,0,1,63
3,8,ground,River Fish,3,0,0,0,0,3,49
3,8,ground,River Fish,2,0,0,0,0,3,37
3,8,stored,Fried Egg,2,0,0,0,0,73,83
3,8,stored,Egg,3,0,0,0,0,82,80
3,8,ground,Pickaxe,1,32,0,0,0,81,55
3,8,wall,Water flask,2,0,0,0,0,69,83
3,8,wall,Bandage,3,0,0,0,0,61,86
3,9,ground,Stick,1,18,0,0,0,33,58
3,9,ground,Digging Claws,1,200,0,0,0,61,101
3,9,ground,Throwing Net,2,0,0,0,0,62,101
3,9,ground,Torch,1,90,0,0,0,56,78
3,9,ground,Hatchet,1,35,0,0,0,52,59
3,9,ground,Torch,1,90,0,0,0,51,59
3,9,ground,Hatchet,1,35,0,0,0,52,31
3,9,ground,Root Drill,1,0,3,0,0,52,30
3,9,carried,Buckler,1,30,0,0,0,61,33
3,9,carried,Buckler,1,30,0,0,0,56,59
3,9,ground,Firecracker,2,0,0,0,0,56,42
3,9,ground,River Fish,4,0,0,0,0,104,80
3,9,ground,Fishing Line,1,0,20,0,0,106,83
3,9,ground,Pickaxe,1,32,0,0,0,29,106
3,9,carried,Buckler,1,30,0,0,0,78,57
3,9,carried,Buckler,1,30,0,0,0,73,100
3,9,ground,Thunder Acorn,2,0,0,0,0,59,83
3,9,ground,Bird Seed,1,0,0,0,0,79,55
3,9,ground,Fungal Bread,1,0,0,0,0,79,52
3,9,ground,Bird Seed,1,0,0,0,0,5,50
3,9,ground,Fungal Bread,1,0,0,0,0,7,50
3,9,ground,Bandage,2,0,0,0,0,77,81
3,9,ground,Bear Trap,2,0,0,0,0,20,30
3,9,ground,Ammo,1,0,0,0,0,8,39
3,9,ground,Ammo,1,0,0,0,0,79,104
3,9,ground,River Fish,5,0,0,0,0,78,92
3,9,ground,River Fish,2,0,0,0,0,65,73
3,9,ground,River Fish,4,0,0,0,0,54,52
3,9,ground,Lighter,1,0,20,0,0,69,81
3,9,ground,Hatchet,1,35,0,0,0,91,89
3,9,wall,Throwing Rock,3,0,0,0,0,7,64
3,10,ground,Stick,1,18,0,0,0,12,80
3,10,ground,Stick,1,18,0,0,0,26,34
3,10,ground,Shield Lantern,1,24,0,0,0,10,48
3,10,ground,Pickaxe,1,32,0,0,0,51,77
3,10,ground,Rope Hook,1,0,24,0,0,52,77
3,10,ground,Torch,1,90,0,0,0,57,55
3,10,carried,Buckler,1,30,0,0,0,80,32
3,10,carried,Buckler,1,30,0,0,0,81,13
3,10,carried,Buckler,1,30,0,0,0,60,34
3,10,ground,Spring Trap,2,0,0,0,0,80,16
3,10,ground,Torch,1,90,0,0,0,35,75
3,10,ground,Bitter Root,1,0,0,0,0,54,26
3,10,ground,Digging Claws,1,200,0,0,0,58,9
3,10,ground,Ammo,1,0,0,0,0,52,10
3,10,ground,Medkit,1,0,0,0,0,76,14
3,10,ground,Herb Bag,1,0,4,0,0,11,7
3,10,ground,Bandage,2,0,0,0,0,82,15
3,10,ground,Ammo,1,0,0,0,0,85,16
3,10,ground,River Fish,5,0,0,0,0,43,55
3,10,stored,Bandage,3,0,0,0,0,45,32
3,10,ground,Hunting Horn,1,0,8,0,0,57,97
3,10,ground,Pickaxe,1,32,0,0,0,47,98
3,10,ground,Hunting Horn,1,0,8,0,0,32,106
3,11,ground,Stick,1,18,0,0,0,56,37
3,11,ground,Seed Bag,1,0,6,0,0,6,74
3,11,ground,Pickaxe,1,32,0,0,0,15,82
3,11,ground,Bear Trap,2,0,0,0,0,10,101
3,11,ground,Digging Claws,1,200,0,0,0,33,104
3,11,ground,Rope Hook,1,0,24,0,0,34,104
3,11,ground,Torch,1,90,0,0,0,57,100
3,11,ground,Mushroom spores,2,0,0,0,0,83,77
3,11,ground,Ammo,1,0,0,0,0,54,62
3,11,ground,Bird Seed,1,0,0,0,0,58,7
3,11,ground,Herb Bag,1,0,4,0,0,53,13
3,11,ground,Pickaxe,1,32,0,0,0,55,84
3,11,ground,Ammo,1,0,0,0,0,60,84
3,11,ground,Ammo,1,0,0,0,0,37,75
3,11,ground,Bandage,2,0,0,0,0,32,57
3,11,ground,Ammo,1,0,0,0,0,30,31
3,11,ground,Medkit,1,0,0,0,0,33,8
3,11,ground,Pitch Bomb,2,0,0,0,0,77,73
3,12,ground,Stick,1,18,0,0,0,35,81
3,12,ground,Hatchet,1,35,0,0,0,74,81
3,12,ground,Torch,1,90,0,0,0,73,81
3,12,ground,Crossbow,1,0,0,1,16,103,81
3,12,ground,Root Drill,1,0,3,0,0,104,79
3,12,carried,Buckler,1,30,0,0,0,97,80
3,12,carried,Buckler,1,30,0,0,0,79,77
3,12,ground,Fungal Bread,2,0,0,0,0,77,77
3,12,ground,Hatchet,1,35,0,0,0,53,5
3,12,carried,Buckler,1,30,0,0,0,35,101
3,12,ground,Rope Snare,2,0,0,0,0,104,51
3,12,ground,Bitter Root,1,0,0,0,0,33,52
3,12,ground,Chili,1,0,0,0,0,58,27
3,12,ground,Bandage,2,0,0,0,0,63,54
3,12,ground,Fungal Bread,1,0,0,0,0,81,53
3,12,ground,Fungal Bread,1,0,0,0,0,101,63
3,12,ground,Ammo,1,0,0,0,0,56,75
3,12,ground,Cooked Meat,2,0,0,0,0,75,51
3,12,wall,Mushroom spores,2,0,0,0,0,44,49
3,12,wall,Hunting Spear,1,45,0,0,0,7,106
3,13,ground,Stick,1,18,0,0,0,35,36
3,13,ground,Hatchet,1,35,0,0,0,26,67
3,13,ground,Buckler,1,30,0,0,0,12,71
3,13,ground,Stick,1,18,0,0,0,13,95
3,13,ground,Throwing Net,2,0,0,0,0,14,95
3,13,ground,Torch,1,90,0,0,0,33,100
3,13,ground,Hatchet,1,35,0,0,0,16,37
3,13,ground,Torch,1,90,0,0,0,16,38
3,13,ground,Flint Knife,1,60,0,0,0,16,9
3,13,ground,Root Drill,1,0,3,0,0,15,8
3,13,ground,Firecracker,2,0,0,0,0,4,38
3,13,ground,Fungal Bread,2,0,0,0,0,7,10
3,13,ground,Fungal Bread,2,0,0,0,0,10,20
3,13,ground,River Fish,5,0,0,0,0,74,59
3,13,ground,Torch,1,90,0,0,0,97,31
3,13,carried,Buckler,1,30,0,0,0,78,76
3,13,carried,Buckler,1,30,0,0,0,59,82
3,13,ground,Throwing Net,2,0,0,0,0,9,33
3,13,ground,Water flask,2,0,0,0,0,56,56
3,13,ground,Mushroom spores,2,0,0,0,0,82,61
3,13,ground,Ammo,1,0,0,0,0,105,50
3,13,ground,Fungal Bread,1,0,0,0,0,93,35
3,13,ground,Medkit,1,0,0,0,0,76,79
3,13,ground,Firecracker,3,0,0,0,0,58,97
3,13,ground,Ammo,1,0,0,0,0,54,106
3,13,ground,Bandage,2,0,0,0,0,76,77
3,13,ground,Ammo,1,0,0,0,0,79,83
3,13,ground,River Fish,4,0,0,0,0,96,37
3,13,ground,River Fish,5,0,0,0,0,103,29
3,13,ground,Rope Hook,1,0,24,0,0,24,24
3,13,ground,Rake,1,400,0,0,0,60,71
3,13,wall,Throwing Rock,3,0,0,0,0,110,30
3,13,wall,Cooked Meat,2,0,0,0,0,64,53
3,14,ground,Stick,1,18,0,0,0,78,13
3,14,ground,River Fish,6,0,0,0,0,74,28
3,14,ground,Stick,1,18,0,0,0,98,37
3,14,ground,Torch,1,90,0,0,0,77,29
3,14,ground,River Fish,5,0,0,0,0,47,57
3,14,ground,Fishing Line,1,0,20,0,0,47,54
3,14,ground,River Fish,4,0,0,0,0,30,51
3,14,ground,Boomerang,1,0,0,0,0,108,35
3,14,ground,Bitter Root,1,0,0,0,0,49,40
3,14,ground,Seed Bag,1,0,6,0,0,123,34
3,14,ground,Fungal Bread,1,0,0,0,0,52,80
3,14,ground,Ammo,1,0,0,0,0,124,57
3,14,ground,Medkit,1,0,0,0,0,129,86
3,14,ground,Throwing Net,2,0,0,0,0,9,39
3,14,ground,Ammo,1,0,0,0,0,17,28
3,14,ground,Bandage,2,0,0,0,0,122,86
3,14,ground,Ammo,1,0,0,0,0,125,82
3,14,stored,Cooked Meat,2,0,0,0,0,98,13
3,14,stored,Rake,1,400,0,0,0,30,57
3,14,ground,Rake,1,400,0,0,0,102,4
3,14,wall,Mushroom spores,2,0,0,0,0,130,35
3,14,wall,Stick,1,18,0,0,0,27,38
3,15,ground,Stick,1,18,0,0,0,57,81
3,15,ground,River Fish,6,0,0,0,0,33,39
3,15,ground,Smoke pot,2,0,0,0,0,33,11
3,15,ground,Bow,1,0,0,20,0,37,11
3,15,ground,Flint Knife,1,60,0,0,0,12,98
3,15,ground,Sap jar,2,0,0,0,0,25,98
3,15,ground,Wooden Maul,1,24,0,0,0,37,102
3,15,ground,Rope Hook,1,0,24,0,0,7,94
3,15,carried,Buckler,1,30,0,0,0,104,95
3,15,ground,Throwing Rock,3,0,0,0,0,38,100
3,15,ground,Oil flask,1,0,0,0,0,30,80
3,15,ground,Fungal Bread,1,0,0,0,0,36,52
3,15,ground,Herb Bag,1,0,4,0,0,30,51
3,15,ground,Ammo,1,0,0,0,0,85,97
3,15,ground,Herb Bag,1,0,4,0,0,18,64
3,15,ground,Fungal Bread,1,0,0,0,0,92,98
3,15,ground,Ammo,1,0,0,0,0,95,119
3,15,ground,River Fish,4,0,0,0,0,27,44
3,15,ground,River Fish,2,0,0,0,0,23,58
3,15,ground,River Fish,2,0,0,0,0,21,75
3,15,ground,Bow,1,0,0,20,0,22,84
3,15,ground,Torch,1,90,0,0,0,77,100
3,15,ground,Cooked Meat,2,0,0,0,0,98,103
3,15,ground,Rabbit Charm,1,0,0,0,0,15,50
3,15,ground,Lighter,1,0,20,0,0,97,95
3,15,wall,Medkit,1,0,0,0,0,45,27
3,15,wall,Water flask,2,0,0,0,0,40,73
3,16,ground,Stick,1,18,0,0,0,77,14
3,16,ground,Throwing Rock,3,0,0,0,0,55,58
3,16,ground,Herb Bag,1,0,4,0,0,75,36
3,16,ground,Water flask,2,0,0,0,0,63,32
3,16,ground,Fried Egg,2,0,0,0,0,57,64
3,16,carried,Buckler,1,30,0,0,0,101,51
3,16,carried,Buckler,1,30,0,0,0,101,9
3,16,ground,Hatchet,1,35,0,0,0,99,45
3,16,ground,Pickaxe,1,32,0,0,0,75,62
3,16,ground,Ammo,1,0,0,0,0,70,54
3,16,ground,Ammo,1,0,0,0,0,75,78
3,16,ground,Throwing Net,2,0,0,0,0,10,38
3,16,ground,Ammo,1,0,0,0,0,6,34
3,16,ground,Rake,1,400,0,0,0,105,59
3,16,ground,Fungal Bread,1,0,0,0,0,96,61
3,16,ground,Herb Bag,1,0,4,0,0,32,55
3,16,ground,Ammo,1,0,0,0,0,100,34
3,16,ground,Herb Bag,1,0,4,0,0,37,80
3,16,ground,River Fish,3,0,0,0,0,59,62
3,16,ground,River Fish,2,0,0,0,0,84,75
3,16,ground,Hunting Horn,1,0,8,0,0,24,57
3,17,ground,Stick,1,18,0,0,0,77,80
3,17,ground,Stick,1,18,0,0,0,61,143
3,17,ground,Rope Hook,1,0,24,0,0,62,143
3,17,ground,Torch,1,90,0,0,0,55,122
3,17,ground,River Fish,6,0,0,0,0,55,36
3,17,ground,Fishing Line,1,0,20,0,0,51,38
3,17,ground,Hatchet,1,35,0,0,0,79,107
3,17,ground,Rake,1,400,0,0,0,84,51
3,17,ground,Herb Bag,1,0,4,0,0,83,50
3,17,ground,Mushroom spores,2,0,0,0,0,59,42
3,17,ground,Fungal Bread,1,0,0,0,0,52,11
3,17,ground,Bandage,2,0,0,0,0,54,99
3,17,ground,Rabbit Charm,1,0,0,0,0,52,80
3,17,ground,Ammo,1,0,0,0,0,58,70
3,17,ground,Ammo,1,0,0,0,0,81,12
3,17,stored,Bow,1,0,0,20,0,52,33
3,17,stored,Rake,1,400,0,0,0,85,105
3,17,stored,Splint,1,0,2,0,0,44,25
3,17,ground,Cooked Meat,2,0,0,0,0,53,30
3,17,wall,Sleep Meds,3,0,0,0,0,70,52
3,18,ground,Stick,1,18,0,0,0,78,79
3,18,carried,Buckler,1,30,0,0,0,28,56
3,18,carried,Buckler,1,30,0,0,0,26,54
3,18,carried,Buckler,1,30,0,0,0,23,80
3,18,carried,Buckler,1,30,0,0,0,24,74
3,18,carried,Buckler,1,30,0,0,0,21,80
3,18,carried,Buckler,1,30,0,0,0,25,76
3,18,ground,Flint Knife,1,60,0,0,0,15,76
3,18,ground,Hand Bell,1,0,80,0,0,30,68
3,18,ground,River Fish,5,0,0,0,0,100,95
3,18,ground,Blunderbuss,1,0,0,2,14,122,98
3,18,ground,Oil flask,2,0,0,0,0,98,105
3,18,ground,Stick,1,18,0,0,0,8,12
3,18,ground,Throwing Net,2,0,0,0,0,9,12
3,18,ground,Torch,1,90,0,0,0,13,33
3,18,ground,River Fish,5,0,0,0,0,35,31
3,18,ground,Digging Claws,1,200,0,0,0,101,73
3,18,ground,Honey pot,1,0,0,0,0,96,71
3,18,carried,Buckler,1,30,0,0,0,54,36
3,18,ground,Sap jar,2,0,0,0,0,102,93
3,18,ground,Mushroom spores,2,0,0,0,0,31,35
3,18,ground,Bitter Root,1,0,0,0,0,50,51
3,18,ground,Ammo,1,0,0,0,0,57,58
3,18,ground,Medkit,1,0,0,0,0,50,30
3,18,ground,Seed Bag,1,0,6,0,0,120,83
3,18,ground,Bandage,2,0,0,0,0,55,36
3,18,ground,Bandage,2,0,0,0,0,58,34
3,18,ground,Ammo,1,0,0,0,0,56,35
3,18,ground,River Fish,2,0,0,0,0,9,51
3,18,ground,Mushroom spores,2,0,0,0,0,126,75
3,18,ground,Splint,1,0,2,0,0,49,83
3,18,ground,Bomb,2,0,0,0,0,58,75
3,19,ground,Stick,1,18,0,0,0,57,79
3,19,ground,River Fish,5,0,0,0,0,48,96
3,19,ground,Digging Claws,1,200,0,0,0,28,102
3,19,ground,Smoke pot,2,0,0,0,0,57,97
3,19,ground,Torch,1,90,0,0,0,79,61
3,19,ground,Rope Hook,1,0,24,0,0,80,61
3,19,ground,Torch,1,90,0,0,0,57,56
3,19,ground,Hatchet,1,35,0,0,0,37,30
3,19,ground,Torch,1,90,0,0,0,38,31
3,19,ground,Torch,1,90,0,0,0,7,30
3,19,ground,Root Drill,1,0,3,0,0,7,29
3,19,carried,Buckler,1,30,0,0,0,16,36
3,19,carried,Buckler,1,30,0,0,0,35,32
3,19,ground,Fungal Bread,2,0,0,0,0,29,32
3,19,ground,River Fish,5,0,0,0,0,19,60
3,19,ground,Fishing Line,1,0,20,0,0,19,59
3,19,ground,River Fish,3,0,0,0,0,60,32
3,19,ground,Stick,1,18,0,0,0,79,73
3,19,carried,Buckler,1,30,0,0,0,34,56
3,19,ground,Sleep Meds,3,0,0,0,0,55,73
3,19,ground,Ammo,1,0,0,0,0,71,78
3,19,ground,Bird Seed,1,0,0,0,0,34,53
3,19,ground,Herb Bag,1,0,4,0,0,37,55
3,19,ground,Mushroom spores,2,0,0,0,0,93,83
3,19,ground,Medkit,1,0,0,0,0,117,75
3,19,ground,Root Drill,1,0,3,0,0,31,80
3,19,ground,Ammo,1,0,0,0,0,35,79
3,19,ground,Bandage,2,0,0,0,0,118,71
3,19,ground,Ammo,1,0,0,0,0,120,76
3,19,ground,River Fish,4,0,0,0,0,107,80
3,19,ground,Resin Glue,1,0,0,0,0,11,58
3,19,wall,Spring Trap,2,0,0,0,0,67,44
3,19,wall,Boomerang,1,0,0,0,0,23,54
3,20,ground,Stick,1,18,0,0,0,77,35
3,20,ground,River Fish,5,0,0,0,0,17,83
3,20,ground,Acorn Mine,2,0,0,0,0,37,73
3,20,ground,Rope Hook,1,0,24,0,0,26,80
3,20,ground,Rake,1,400,0,0,0,30,73
3,20,ground,River Fish,4,0,0,0,0,74,82
3,20,ground,Fishing Line,1,0,20,0,0,73,80
3,20,ground,River Fish,6,0,0,0,0,82,97
3,20,carried,Buckler,1,30,0,0,0,109,99
3,20,carried,Buckler,1,30,0,0,0,125,103
3,20,ground,Reflecting Pan,1,24,0,0,0,14,43
3,20,ground,Ammo,1,0,0,0,0,75,10
3,20,ground,Torch,1,90,0,0,0,76,60
3,20,ground,Mushroom spores,2,0,0,0,0,82,74
3,20,ground,Fungal Bread,1,0,0,0,0,31,56
3,20,ground,Medkit,1,0,0,0,0,123,96
3,20,ground,Bandage,2,0,0,0,0,125,97
3,20,ground,Ammo,1,0,0,0,0,125,102
3,20,ground,River Fish,3,0,0,0,0,108,54
3,20,ground,River Fish,4,0,0,0,0,114,98
3,20,wall,Cooked Meat,2,0,0,0,0,90,45
3,20,wall,Pitch Bomb,2,0,0,0,0,115,65
3,21,ground,Stick,1,18,0,0,0,77,81
3,21,ground,Stick,1,18,0,0,0,99,61
3,21,ground,Throwing Net,2,0,0,0,0,100,61
3,21,ground,Torch,1,90,0,0,0,79,55
3,21,ground,Hatchet,1,35,0,0,0,61,28
3,21,ground,Torch,1,90,0,0,0,62,28
3,21,ground,Bow,1,0,0,20,0,31,28
3,21,ground,Root Drill,1,0,3,0,0,31,27
3,21,carried,Buckler,1,30,0,0,0,32,25
3,21,carried,Buckler,1,30,0,0,0,60,39
3,21,ground,Firecracker,2,0,0,0,0,36,26
3,21,ground,Fungal Bread,2,0,0,0,0,60,30
3,21,ground,Fungal Bread,2,0,0,0,0,32,31
3,21,ground,River Fish,3,0,0,0,0,118,38
3,21,ground,Fishing Line,1,0,20,0,0,121,40
3,21,ground,Seed Bag,1,0,6,0,0,31,38
3,21,ground,Seed Bag,1,0,6,0,0,59,56
3,21,ground,Ammo,1,0,0,0,0,38,48
3,21,ground,Ammo,1,0,0,0,0,100,85
3,21,ground,Medkit,1,0,0,0,0,12,57
3,21,ground,Bandage,3,0,0,0,0,124,60
3,21,ground,Fungal Bread,1,0,0,0,0,120,61
3,21,ground,Ammo,1,0,0,0,0,99,32
3,21,ground,Fungal Bread,1,0,0,0,0,102,105
3,21,ground,Ammo,1,0,0,0,0,12,55
3,21,ground,River Fish,4,0,0,0,0,118,27
3,21,ground,Hatchet,1,35,0,0,0,26,41
3,21,ground,Shield Lantern,1,24,0,0,0,80,31
3,21,wall,Wooden Maul,1,24,0,0,0,117,2
3,21,wall,Cooked Meat,2,0,0,0,0,110,79
3,22,ground,Stick,1,18,0,0,0,79,81
3,22,ground,Cooked Meat,2,0,0,0,0,70,127
3,22,ground,Stick,1,18,0,0,0,29,79
3,22,ground,Throwing Net,2,0,0,0,0,30,79
3,22,ground,Torch,1,90,0,0,0,33,101
3,22,ground,Hatchet,1,35,0,0,0,60,61
3,22,ground,Torch,1,90,0,0,0,61,61
3,22,ground,Torch,1,90,0,0,0,31,61
3,22,ground,Root Drill,1,0,3,0,0,30,61
3,22,carried,Buckler,1,30,0,0,0,49,63
3,22,ground,Firecracker,2,0,0,0,0,50,53
3,22,ground,Hunting Spear,1,45,0,0,0,63,83
3,22,carried,Buckler,1,30,0,0,0,37,36
3,22,ground,Rope Snare,2,0,0,0,0,40,51
3,22,ground,Hatchet,1,35,0,0,0,15,97
3,22,ground,Herb Bag,1,0,4,0,0,13,107
3,22,ground,Rake,1,400,0,0,0,55,39
3,22,ground,Fungal Bread,1,0,0,0,0,62,32
3,22,ground,Herb Bag,1,0,4,0,0,9,74
3,22,ground,Wooden Maul,1,24,0,0,0,12,141
3,22,ground,Ammo,1,0,0,0,0,12,148
3,22,ground,Ammo,1,0,0,0,0,38,33
3,22,ground,Sleep Meds,3,0,0,0,0,15,79
3,22,ground,Spring Trap,2,0,0,0,0,18,125
3,22,ground,Pickaxe,1,32,0,0,0,51,72
3,23,ground,Stick,1,18,0,0,0,57,37
3,23,ground,Throwing Rock,3,0,0,0,0,35,51
3,23,ground,Flint Knife,1,60,0,0,0,52,56
3,23,ground,Pickaxe,1,32,0,0,0,31,102
3,23,ground,Pickaxe,1,32,0,0,0,25,77
3,23,ground,Blink Seed,2,0,0,0,0,38,106
3,23,ground,River Fish,5,0,0,0,0,103,15
3,23,ground,Root Drill,1,0,3,0,0,51,104
3,23,ground,Bird Seed,1,0,0,0,0,100,31
3,23,ground,Herb Bag,1,0,4,0,0,106,39
3,23,ground,Rake,1,400,0,0,0,13,93
3,23,ground,Bandage,2,0,0,0,0,17,99
3,23,ground,Medkit,1,0,0,0,0,101,52
3,23,ground,Ammo,1,0,0,0,0,58,100
3,23,ground,Ammo,1,0,0,0,0,80,5
3,23,ground,Ammo,1,0,0,0,0,107,57
3,23,ground,Rabbit Charm,1,0,0,0,0,80,32
3,23,wall,Bandage,3,0,0,0,0,76,15
3,24,ground,Stick,1,18,0,0,0,79,81
3,24,ground,Hatchet,1,35,0,0,0,30,92
3,24,ground,Lighter,1,0,20,0,0,38,83
3,24,ground,Hunting Spear,1,45,0,0,0,48,80
3,24,ground,Bear Trap,2,0,0,0,0,32,86
3,24,ground,River Fish,5,0,0,0,0,33,30
3,24,ground,River Fish,3,0,0,0,0,16,75
3,24,ground,Fishing Line,1,0,20,0,0,20,75
3,24,ground,Flint Knife,1,60,0,0,0,94,98
3,24,ground,Raw Meat,1,0,0,0,0,104,93
3,24,ground,Throwing Rock,3,0,0,0,0,7,7
3,24,ground,Bird Seed,1,0,0,0,0,79,101
3,24,ground,Bandage,2,0,0,0,0,71,98
3,24,ground,Water flask,2,0,0,0,0,34,37
3,24,ground,Buckler,1,30,0,0,0,8,58
3,24,ground,Ammo,1,0,0,0,0,6,56
3,24,ground,Herb Bag,1,0,4,0,0,15,33
3,24,ground,Ammo,1,0,0,0,0,56,33
3,24,ground,Bandage,2,0,0,0,0,100,98
3,24,ground,Ammo,1,0,0,0,0,11,13
3,24,stored,Bird Seed,3,0,0,0,0,35,39
3,25,ground,Stick,1,18,0,0,0,77,58
3,25,carried,Buckler,1,30,0,0,0,17,52
3,25,carried,Buckler,1,30,0,0,0,15,55
3,25,carried,Buckler,1,30,0,0,0,22,56
3,25,carried,Buckler,1,30,0,0,0,18,57
3,25,ground,Stick,1,18,0,0,0,19,39
3,25,ground,Flint Knife,1,60,0,0,0,24,40
3,25,ground,Herb Bag,1,0,4,0,0,13,44
3,25,ground,Digging Claws,1,200,0,0,0,53,35
3,25,ground,Rope Hook,1,0,24,0,0,54,35
3,25,ground,Torch,1,90,0,0,0,55,55
3,25,ground,Hatchet,1,35,0,0,0,29,95
3,25,ground,Torch,1,90,0,0,0,28,94
3,25,ground,Pickaxe,1,32,0,0,0,29,127
3,25,ground,Root Drill,1,0,3,0,0,28,127
3,25,ground,Fungal Bread,2,0,0,0,0,35,90
3,25,ground,Firecracker,2,0,0,0,0,34,92
3,25,ground,Firecracker,2,0,0,0,0,29,106
3,25,ground,River Fish,5,0,0,0,0,29,72
3,25,carried,Buckler,1,30,0,0,0,54,83
3,25,ground,Crossbow,1,0,0,1,16,25,74
3,25,ground,Blunderbuss,1,0,0,2,14,80,40
3,25,ground,Ammo,1,0,0,0,0,75,32
3,25,ground,Rake,1,400,0,0,0,60,76
3,25,ground,Bandage,2,0,0,0,0,54,72
3,25,ground,Water flask,2,0,0,0,0,40,84
3,25,ground,Ammo,1,0,0,0,0,49,8
3,25,ground,Medkit,1,0,0,0,0,8,123
3,25,ground,Bandage,2,0,0,0,0,16,132
3,25,ground,Ammo,1,0,0,0,0,13,120
3,25,stored,Chili,1,0,0,0,0,52,81
3,25,stored,Flint Knife,1,60,0,0,0,58,85
3,25,ground,Throwing Rock,3,0,0,0,0,57,82
3,25,ground,Fried Egg,2,0,0,0,0,46,34
3,25,wall,Pitch Bomb,2,0,0,0,0,58,67
3,26,ground,Stick,1,18,0,0,0,55,58
3,26,ground,Flint Knife,1,60,0,0,0,80,34
3,26,ground,Resin Glue,1,0,0,0,0,98,59
3,26,ground,Rake,1,400,0,0,0,98,46
3,26,ground,Hatchet,1,35,0,0,0,94,62
3,26,ground,Hatchet,1,35,0,0,0,82,52
3,26,ground,Torch,1,90,0,0,0,82,51
3,26,ground,Stick,1,18,0,0,0,82,81
3,26,ground,Root Drill,1,0,3,0,0,82,82
3,26,carried,Buckler,1,30,0,0,0,80,75
3,26,carried,Buckler,1,30,0,0,0,84,73
3,26,carried,Buckler,1,30,0,0,0,74,84
3,26,ground,Firecracker,2,0,0,0,0,83,56
3,26,ground,Firecracker,2,0,0,0,0,75,82
3,26,ground,Throwing Net,2,0,0,0,0,110,70
3,26,ground,Lighter,1,0,20,0,0,35,56
3,26,ground,Ammo,1,0,0,0,0,33,57
3,26,ground,Splint,1,0,2,0,0,30,80
3,26,ground,Ammo,1,0,0,0,0,39,74
3,26,ground,Medkit,1,0,0,0,0,125,75
3,26,ground,Bandage,2,0,0,0,0,6,63
3,26,ground,Bandage,2,0,0,0,0,123,73
3,26,ground,Ammo,1,0,0,0,0,129,78
3,26,ground,River Fish,4,0,0,0,0,119,67
3,26,ground,Straw Decoy,1,0,0,0,0,124,32
3,26,ground,Seed Bag,1,0,6,0,0,105,81
3,26,wall,Crossbow,1,0,0,1,16,20,63
3,26,wall,Fried Egg,2,0,0,0,0,95,85
3,27,ground,Stick,1,18,0,0,0,55,81
3,27,ground,Pickaxe,1,32,0,0,0,57,11
3,27,ground,Stick,1,18,0,0,0,50,18
3,27,ground,Hatchet,1,35,0,0,0,60,38
3,27,ground,Torch,1,90,0,0,0,61,38
3,27,ground,Hunting Spear,1,45,0,0,0,30,38
3,27,ground,Root Drill,1,0,3,0,0,29,38
3,27,carried,Buckler,1,30,0,0,0,33,36
3,27,carried,Buckler,1,30,0,0,0,48,41
3,27,ground,Fungal Bread,2,0,0,0,0,27,34
3,27,ground,Firecracker,2,0,0,0,0,28,35
3,27,ground,River Fish,6,0,0,0,0,32,98
3,27,ground,Fishing Line,1,0,20,0,0,29,96
3,27,carried,Buckler,1,30,0,0,0,75,57
3,27,ground,Thorn Caltrops,2,0,0,0,0,82,4
3,27,ground,Hunting Horn,1,0,8,0,0,55,52
3,27,ground,Bandage,2,0,0,0,0,55,60
3,27,ground,Medkit,1,0,0,0,0,75,59
3,27,ground,Bird Seed,1,0,0,0,0,31,63
3,27,ground,Herb Bag,1,0,4,0,0,33,62
3,27,ground,Ammo,1,0,0,0,0,27,10
3,27,ground,Ammo,1,0,0,0,0,76,54
3,27,ground,River Fish,4,0,0,0,0,50,67
3,27,ground,River Fish,5,0,0,0,0,58,52
3,27,stored,Mushroom spores,2,0,0,0,0,36,58
3,27,stored,Pickaxe,1,32,0,0,0,62,51
3,27,ground,Sap jar,2,0,0,0,0,25,75
3,27,ground,Stick,1,18,0,0,0,13,105
3,27,ground,Bear Trap,2,0,0,0,0,17,122
3,27,ground,Bandage,3,0,0,0,0,32,123
3,27,wall,Fried Egg,2,0,0,0,0,41,60
3,27,wall,Fried Egg,2,0,0,0,0,37,69
3,27,wall,Spring Trap,2,0,0,0,0,38,114
3,28,ground,Stick,1,18,0,0,0,78,37
3,28,ground,Pickaxe,1,32,0,0,0,101,8
3,28,ground,Throwing Net,2,0,0,0,0,102,8
3,28,ground,Torch,1,90,0,0,0,78,12
3,28,ground,River Fish,4,0,0,0,0,36,53
3,28,ground,Mushroom spores,2,0,0,0,0,95,11
3,28,ground,Bird Seed,1,0,0,0,0,49,10
3,28,ground,Bandage,2,0,0,0,0,59,17
3,28,ground,Rake,1,400,0,0,0,28,8
3,28,ground,Bandage,2,0,0,0,0,34,15
3,28,ground,Herb Bag,1,0,4,0,0,52,30
3,28,ground,Ammo,1,0,0,0,0,104,32
3,28,ground,Ammo,1,0,0,0,0,11,12
3,28,ground,Ammo,1,0,0,0,0,37,76
3,28,ground,River Fish,2,0,0,0,0,62,48
3,28,ground,River Fish,5,0,0,0,0,77,46
3,28,ground,River Fish,5,0,0,0,0,94,45
3,28,stored,Egg,3,0,0,0,0,14,51
3,28,stored,Sleep Meds,3,0,0,0,0,41,25
3,28,stored,Sap jar,2,0,0,0,0,36,20
3,28,ground,Hatchet,1,35,0,0,0,67,18
3,28,ground,Bandage,3,0,0,0,0,24,19
3,28,ground,Hunting Horn,1,0,8,0,0,33,31
3,28,ground,Lighter,1,0,20,0,0,53,6
3,28,ground,Rake,1,400,0,0,0,61,9
3,29,ground,Stick,1,18,0,0,0,77,79
3,29,carried,Buckler,1,30,0,0,0,70,46
3,29,carried,Buckler,1,30,0,0,0,67,45
3,29,ground,Bow,1,0,0,20,0,70,52
3,29,ground,Rope Snare,2,0,0,0,0,65,39
3,29,ground,Pickaxe,1,32,0,0,0,30,99
3,29,ground,Rope Hook,1,0,24,0,0,31,99
3,29,ground,Torch,1,90,0,0,0,34,79
3,29,carried,Buckler,1,30,0,0,0,50,101
3,29,ground,Pocket Door,1,0,2,0,0,29,61
3,29,ground,Rake,1,400,0,0,0,39,56
3,29,ground,Bandage,2,0,0,0,0,41,56
3,29,ground,Bear Trap,2,0,0,0,0,73,109
3,29,ground,Ammo,1,0,0,0,0,77,109
3,29,ground,Chili,1,0,0,0,0,107,40
3,29,ground,Medkit,1,0,0,0,0,57,98
3,29,ground,Bandage,2,0,0,0,0,60,102
3,29,ground,Ammo,1,0,0,0,0,59,98
3,29,ground,Flint Knife,1,60,0,0,0,109,11
3,29,ground,Flint Knife,1,60,0,0,0,40,47
3,30,ground,Stick,1,18,0,0,0,57,57
3,30,ground,River Fish,6,0,0,0,0,52,80
3,30,ground,Bow,1,0,0,20,0,74,72
3,30,ground,Shield Lantern,1,24,0,0,0,79,78
3,30,ground,Rope Snare,2,0,0,0,0,88,83
3,30,ground,River Fish,4,0,0,0,0,77,53
3,30,ground,River Fish,3,0,0,0,0,94,51
3,30,ground,Raw Meat,1,0,0,0,0,86,94
3,30,carried,Buckler,1,30,0,0,0,128,59
3,30,ground,Acorn Mine,2,0,0,0,0,75,32
3,30,ground,Water flask,2,0,0,0,0,77,56
3,30,ground,Water flask,2,0,0,0,0,99,53
3,30,ground,Bandage,2,0,0,0,0,79,42
3,30,ground,Medkit,1,0,0,0,0,122,63
3,30,ground,Fungal Bread,1,0,0,0,0,60,128
3,30,ground,Ammo,1,0,0,0,0,124,51
3,30,ground,River Fish,2,0,0,0,0,91,44
3,30,ground,River Fish,5,0,0,0,0,107,40
3,30,ground,Fried Egg,2,0,0,0,0,57,104
3,30,wall,Sap jar,2,0,0,0,0,20,80
3,31,ground,Stick,1,18,0,0,0,34,81
3,31,ground,Pitch Bomb,2,0,0,0,0,63,49
3,31,ground,Stick,1,18,0,0,0,16,79
3,31,ground,Throwing Net,2,0,0,0,0,17,79
3,31,ground,Torch,1,90,0,0,0,13,100
3,31,ground,River Fish,6,0,0,0,0,97,81
3,31,ground,River Fish,5,0,0,0,0,74,9
3,31,ground,Wooden Maul,1,24,0,0,0,70,75
3,31,ground,Boomerang,1,0,0,0,0,44,101
3,31,ground,Splint,1,0,2,0,0,57,81
3,31,ground,Ammo,1,0,0,0,0,49,78
3,31,ground,Bird Seed,1,0,0,0,0,79,79
3,31,ground,Fungal Bread,1,0,0,0,0,70,76
3,31,ground,Ammo,1,0,0,0,0,57,94
3,31,ground,Herb Bag,1,0,4,0,0,105,101
3,31,ground,Medkit,1,0,0,0,0,81,94
3,31,ground,Bitter Root,1,0,0,0,0,10,51
3,31,ground,Ammo,1,0,0,0,0,7,55
3,31,ground,Ammo,1,0,0,0,0,81,92
3,31,ground,Pickaxe,1,32,0,0,0,41,96
3,31,ground,Pitch Bomb,2,0,0,0,0,109,70
3,31,wall,Bow,1,0,0,20,0,105,63
3,32,ground,Stick,1,18,0,0,0,55,37
3,32,ground,Sticky Boots,1,0,4,0,0,38,39
3,32,ground,Hatchet,1,35,0,0,0,96,59
3,32,ground,Torch,1,90,0,0,0,96,60
3,32,ground,Flint Knife,1,60,0,0,0,96,30
3,32,ground,Root Drill,1,0,3,0,0,96,29
3,32,carried,Buckler,1,30,0,0,0,103,33
3,32,ground,Firecracker,2,0,0,0,0,103,30
3,32,ground,Fungal Bread,2,0,0,0,0,103,50
3,32,ground,Firecracker,2,0,0,0,0,103,53
3,32,ground,Sap jar,2,0,0,0,0,103,36
3,32,ground,Digging Claws,1,200,0,0,0,33,18
3,32,ground,Herb Bag,1,0,4,0,0,34,9
3,32,ground,Resin Glue,1,0,0,0,0,82,51
3,32,ground,Bandage,2,0,0,0,0,86,50
3,32,ground,Herb Bag,1,0,4,0,0,10,103
3,32,ground,Ammo,1,0,0,0,0,78,86
3,32,ground,Ammo,1,0,0,0,0,58,102
3,32,carried,Buckler,1,30,0,0,0,71,60
3,32,ground,Throwing Rock,3,0,0,0,0,37,72
3,32,ground,Flint Knife,1,60,0,0,0,65,64
3,32,ground,Lighter,1,0,20,0,0,73,51
3,32,wall,Mushroom spores,2,0,0,0,0,70,74
3,33,ground,Stick,1,18,0,0,0,77,57
3,33,ground,Stick,1,18,0,0,0,34,81
3,33,ground,Hatchet,1,35,0,0,0,96,61
3,33,ground,Torch,1,90,0,0,0,95,61
3,33,ground,Flint Knife,1,60,0,0,0,125,61
3,33,ground,Root Drill,1,0,3,0,0,126,61
3,33,carried,Buckler,1,30,0,0,0,122,49
3,33,carried,Buckler,1,30,0,0,0,111,57
3,33,ground,Firecracker,2,0,0,0,0,127,54
3,33,ground,Firecracker,2,0,0,0,0,113,57
3,33,ground,Throwing Rock,3,0,0,0,0,143,54
3,33,ground,Ammo,2,0,0,0,0,124,34
3,33,ground,Fungal Bread,1,0,0,0,0,125,36
3,33,ground,Rake,1,400,0,0,0,146,51
3,33,ground,Herb Bag,1,0,4,0,0,138,55
3,33,ground,Ammo,1,0,0,0,0,60,56
3,33,ground,Fungal Bread,1,0,0,0,0,97,14
3,33,ground,Ammo,1,0,0,0,0,8,57
3,33,ground,Ammo,1,0,0,0,0,142,34
3,33,ground,Rake,1,400,0,0,0,119,17
3,33,ground,Lighter,1,0,20,0,0,10,52
3,33,wall,Sap jar,2,0,0,0,0,113,32
3,33,wall,Pickaxe,1,32,0,0,0,132,59
3,34,ground,Stick,1,18,0,0,0,79,57
3,34,ground,Flint Knife,1,60,0,0,0,81,32
3,34,ground,Fungal Bread,1,0,0,0,0,55,10
3,34,ground,River Fish,3,0,0,0,0,52,34
3,34,ground,Fishing Line,1,0,20,0,0,49,35
3,34,ground,River Fish,3,0,0,0,0,100,71
3,34,ground,Torch,1,90,0,0,0,116,61
3,34,ground,Raw Meat,1,0,0,0,0,126,54
3,34,carried,Buckler,1,30,0,0,0,102,37
3,34,ground,Torch,1,90,0,0,0,49,79
3,34,ground,Water flask,2,0,0,0,0,60,33
3,34,ground,Bird Seed,1,0,0,0,0,95,35
3,34,ground,Bandage,2,0,0,0,0,105,35
3,34,ground,Herb Bag,1,0,4,0,0,96,56
3,34,ground,Fungal Bread,1,0,0,0,0,127,62
3,34,ground,Ammo,1,0,0,0,0,94,96
3,34,ground,Pickaxe,1,32,0,0,0,46,58
3,34,ground,Blink Seed,2,0,0,0,0,101,29
3,34,wall,Medkit,1,0,0,0,0,58,51
3,35,ground,Stick,1,18,0,0,0,77,80
3,35,ground,Pickaxe,1,32,0,0,0,12,75
3,35,ground,Throwing Net,2,0,0,0,0,13,75
3,35,ground,Torch,1,90,0,0,0,35,78
3,35,ground,Hatchet,1,35,0,0,0,59,28
3,35,ground,Torch,1,90,0,0,0,59,27
3,35,ground,Torch,1,90,0,0,0,30,28
3,35,ground,Root Drill,1,0,3,0,0,29,28
3,35,ground,Firecracker,2,0,0,0,0,54,23
3,35,ground,Firecracker,2,0,0,0,0,51,31
3,35,carried,Buckler,1,30,0,0,0,52,83
3,35,ground,Seed Bag,1,0,6,0,0,99,74
3,35,ground,Bird Seed,1,0,0,0,0,102,80
3,35,ground,Herb Bag,1,0,4,0,0,101,80
3,35,ground,Lighter,1,0,20,0,0,99,56
3,35,ground,Herb Bag,1,0,4,0,0,57,59
3,35,ground,Medkit,1,0,0,0,0,54,81
3,35,ground,Ammo,1,0,0,0,0,52,10
3,35,ground,Ammo,1,0,0,0,0,30,12
3,35,ground,Ammo,1,0,0,0,0,105,37
3,35,ground,Ammo,1,0,0,0,0,59,72
3,35,stored,Hatchet,1,35,0,0,0,39,64
3,35,ground,Rake,1,400,0,0,0,75,53
3,35,ground,Cooked Meat,2,0,0,0,0,121,58
3,35,wall,Throwing Rock,3,0,0,0,0,24,8
3,36,ground,Stick,1,18,0,0,0,55,79
3,36,ground,Hunting Spear,1,45,0,0,0,87,103
3,36,ground,Sap jar,2,0,0,0,0,103,83
3,36,ground,Bow,1,0,0,20,0,8,58
3,36,ground,Rake,1,400,0,0,0,14,55
3,36,ground,River Fish,5,0,0,0,0,61,16
3,36,ground,Fishing Line,1,0,20,0,0,60,13
3,36,carried,Buckler,1,30,0,0,0,60,47
3,36,ground,Flint Knife,1,60,0,0,0,79,91
3,36,ground,Rake,1,400,0,0,0,58,62
3,36,ground,Fungal Bread,1,0,0,0,0,50,58
3,36,ground,Hatchet,1,35,0,0,0,52,35
3,36,ground,Ammo,1,0,0,0,0,64,37
3,36,ground,Bandage,2,0,0,0,0,80,119
3,36,ground,Medkit,1,0,0,0,0,82,13
3,36,ground,Ammo,1,0,0,0,0,70,10
3,36,ground,River Fish,2,0,0,0,0,51,32
3,36,ground,River Fish,4,0,0,0,0,63,32
3,36,ground,Torch,1,90,0,0,0,54,7
3,36,ground,Lighter,1,0,20,0,0,57,54
3,37,ground,Stick,1,18,0,0,0,79,59
3,37,ground,Hatchet,1,35,0,0,0,59,61
3,37,ground,Torch,1,90,0,0,0,60,61
3,37,ground,Pickaxe,1,32,0,0,0,30,61
3,37,ground,Root Drill,1,0,3,0,0,29,61
3,37,carried,Buckler,1,30,0,0,0,44,59
3,37,ground,Fungal Bread,2,0,0,0,0,49,61
3,37,ground,Fungal Bread,2,0,0,0,0,46,52
3,37,ground,River Fish,3,0,0,0,0,82,72
3,37,ground,Fishing Line,1,0,20,0,0,81,75
3,37,ground,Digging Claws,1,200,0,0,0,7,57
3,37,ground,Mushroom spores,2,0,0,0,0,76,72
3,37,ground,Rake,1,400,0,0,0,52,76
3,37,ground,Herb Bag,1,0,4,0,0,58,86
3,37,ground,Ammo,1,0,0,0,0,60,31
3,37,ground,Ammo,1,0,0,0,0,80,10
3,37,ground,Medkit,1,0,0,0,0,14,48
3,37,ground,Fungal Bread,1,0,0,0,0,30,38
3,37,ground,Ammo,1,0,0,0,0,17,48
3,37,stored,Water flask,2,0,0,0,0,81,39
3,37,stored,Splint,1,0,2,0,0,101,34
3,37,stored,Flint Knife,1,60,0,0,0,93,32
3,37,stored,Seed Bag,1,0,6,0,0,99,27
3,37,ground,Torch,1,90,0,0,0,82,86
3,37,wall,Sap jar,2,0,0,0,0,51,42
3,37,wall,Spring Trap,2,0,0,0,0,31,72
3,38,ground,Stick,1,18,0,0,0,57,15
3,38,carried,Buckler,1,30,0,0,0,37,72
3,38,carried,Buckler,1,30,0,0,0,36,70
3,38,carried,Buckler,1,30,0,0,0,40,74
3,38,carried,Buckler,1,30,0,0,0,41,75
3,38,carried,Buckler,1,30,0,0,0,39,77
3,38,carried,Buckler,1,30,0,0,0,38,78
3,38,carried,Buckler,1,30,0,0,0,47,78
3,38,carried,Buckler,1,30,0,0,0,41,79
3,38,ground,Hatchet,1,35,0,0,0,44,73
3,38,ground,Torch,1,90,0,0,0,57,61
3,38,ground,River Fish,5,0,0,0,0,103,11
3,38,ground,Hunting Spear,1,45,0,0,0,97,42
3,38,carried,Buckler,1,30,0,0,0,36,34
3,38,ground,Pitch Bomb,2,0,0,0,0,27,47
3,38,ground,Oil flask,1,0,0,0,0,71,17
3,38,ground,Thunder Acorn,2,0,0,0,0,79,62
3,38,ground,Ammo,1,0,0,0,0,80,59
3,38,ground,Bitter Root,1,0,0,0,0,76,30
3,38,ground,Herb Bag,1,0,4,0,0,72,29
3,38,ground,Medkit,1,0,0,0,0,7,31
3,38,ground,Bandage,2,0,0,0,0,18,30
3,38,ground,Ammo,1,0,0,0,0,12,37
3,38,ground,Hatchet,1,35,0,0,0,80,39
3,38,wall,Reflecting Pan,1,24,0,0,0,30,27
3,39,ground,Stick,1,18,0,0,0,56,81
3,39,ground,Fungal Bread,1,0,0,0,0,9,46
3,39,ground,Wolf Whistle,1,0,8,0,0,17,38
3,39,ground,Bandage,3,0,0,0,0,17,55
3,39,ground,River Fish,5,0,0,0,0,83,106
3,39,ground,River Fish,6,0,0,0,0,97,81
3,39,carried,Buckler,1,30,0,0,0,78,76
3,39,ground,Flint Knife,1,60,0,0,0,40,58
3,39,ground,Ammo,1,0,0,0,0,63,103
3,39,ground,Water flask,2,0,0,0,0,77,107
3,39,ground,Water flask,2,0,0,0,0,103,104
3,39,ground,Herb Bag,1,0,4,0,0,75,76
3,39,ground,Ammo,1,0,0,0,0,83,121
3,39,ground,Herb Bag,1,0,4,0,0,35,103
3,39,ground,Medkit,1,0,0,0,0,74,147
3,39,ground,Ammo,1,0,0,0,0,75,150
3,39,ground,River Fish,5,0,0,0,0,89,95
3,39,ground,River Fish,2,0,0,0,0,76,104
3,39,ground,River Fish,3,0,0,0,0,69,119
3,39,ground,River Fish,3,0,0,0,0,45,139
3,39,ground,Water flask,2,0,0,0,0,35,74
3,39,ground,Sleep Meds,3,0,0,0,0,60,99
3,39,wall,Flint Knife,1,60,0,0,0,83,74
3,39,wall,Medkit,1,0,0,0,0,106,79
3,40,ground,Stick,1,18,0,0,0,78,59
3,40,ground,Bow,1,0,0,20,0,31,77
3,40,ground,Throwing Net,2,0,0,0,0,32,77
3,40,ground,Torch,1,90,0,0,0,35,55
3,40,ground,Torch,1,90,0,0,0,58,13
3,40,ground,Resin Glue,1,0,0,0,0,60,25
3,40,ground,Wooden Maul,1,24,0,0,0,49,32
3,40,ground,Pickaxe,1,32,0,0,0,53,54
3,40,ground,Ammo,1,0,0,0,0,53,51
3,40,ground,Mushroom spores,2,0,0,0,0,11,56
3,40,ground,Ammo,1,0,0,0,0,51,75
3,40,ground,Thunder Acorn,2,0,0,0,0,26,94
3,40,ground,Ammo,1,0,0,0,0,38,100
3,40,ground,Ammo,1,0,0,0,0,10,85
3,40,ground,Medkit,1,0,0,0,0,63,99
3,40,ground,Bandage,2,0,0,0,0,48,96
3,40,ground,Bandage,2,0,0,0,0,50,104
3,40,ground,Lighter,1,0,20,0,0,63,71
3,40,ground,Sticky Boots,1,0,4,0,0,81,80
3,40,ground,Hatchet,1,35,0,0,0,75,102
3,40,wall,Straw Decoy,1,0,0,0,0,71,8
3,41,ground,Stick,1,18,0,0,0,77,58
3,41,ground,Torch,1,90,0,0,0,17,82
3,41,ground,Splint,1,0,2,0,0,13,90
3,41,ground,Rake,1,400,0,0,0,29,76
3,41,ground,Hunting Spear,1,45,0,0,0,73,72
3,41,ground,River Fish,6,0,0,0,0,60,48
3,41,ground,Pickaxe,1,32,0,0,0,50,35
3,41,ground,River Fish,3,0,0,0,0,98,36
3,41,ground,Fishing Line,1,0,20,0,0,98,39
3,41,ground,River Fish,3,0,0,0,0,104,74
3,41,ground,Fishing Line,1,0,20,0,0,106,76
3,41,ground,Shield Lantern,1,24,0,0,0,40,83
3,41,ground,Splint,1,0,2,0,0,81,35
3,41,ground,Ammo,1,0,0,0,0,76,41
3,41,ground,Rake,1,400,0,0,0,35,63
3,41,ground,Bandage,2,0,0,0,0,32,62
3,41,ground,Bear Trap,2,0,0,0,0,118,35
3,41,ground,Ammo,1,0,0,0,0,125,34
3,41,ground,Medkit,1,0,0,0,0,19,56
3,41,ground,Bandage,2,0,0,0,0,4,58
3,41,ground,Ammo,1,0,0,0,0,18,55
3,41,ground,River Fish,3,0,0,0,0,97,20
3,41,ground,River Fish,4,0,0,0,0,94,9
3,41,ground,Resin Glue,1,0,0,0,0,93,23
3,41,ground,Hatchet,1,35,0,0,0,102,42
3,41,wall,Torch,1,90,0,0,0,74,32
3,41,wall,Stick,1,18,0,0,0,95,63
3,42,ground,Stick,1,18,0,0,0,56,59
3,42,ground,Flint Knife,1,60,0,0,0,36,44
3,42,ground,Rake,1,400,0,0,0,30,41
3,42,ground,Rabbit Charm,1,0,0,0,0,38,77
3,42,ground,Flint Knife,1,60,0,0,0,73,100
3,42,ground,Rope Hook,1,0,24,0,0,74,100
3,42,ground,Torch,1,90,0,0,0,78,121
3,42,ground,Torch,1,90,0,0,0,58,122
3,42,ground,Torch,1,90,0,0,0,62,128
3,42,carried,Buckler,1,30,0,0,0,36,128
3,42,ground,Wooden Maul,1,24,0,0,0,45,78
3,42,ground,Torch,1,90,0,0,0,34,100
3,42,ground,Ammo,1,0,0,0,0,37,104
3,42,ground,Medkit,1,0,0,0,0,30,120
3,42,ground,Buckler,1,30,0,0,0,34,9
3,42,ground,Herb Bag,1,0,4,0,0,41,17
3,42,ground,Bandage,2,0,0,0,0,29,131
3,42,ground,Torch,1,90,0,0,0,30,124
3,42,ground,Ammo,1,0,0,0,0,39,130
3,42,ground,Rake,1,400,0,0,0,42,4
3,42,wall,Sleep Meds,3,0,0,0,0,46,56
3,43,ground,Stick,1,18,0,0,0,33,81
3,43,carried,Buckler,1,30,0,0,0,74,73
3,43,carried,Buckler,1,30,0,0,0,72,73
3,43,carried,Buckler,1,30,0,0,0,69,75
3,43,ground,Stick,1,18,0,0,0,63,73
3,43,ground,Sap jar,2,0,0,0,0,54,61
3,43,ground,Wooden Maul,1,24,0,0,0,33,103
3,43,carried,Buckler,1,30,0,0,0,105,36
3,43,ground,Shield Lantern,1,24,0,0,0,70,72
3,43,ground,Bandaid,5,0,0,0,0,31,58
3,43,ground,Bandage,2,0,0,0,0,34,60
3,43,ground,Thorn Caltrops,1,0,0,0,0,59,39
3,43,ground,Fungal Bread,1,0,0,0,0,74,32
3,43,ground,Medkit,1,0,0,0,0,103,39
3,43,ground,Scarecrow,1,0,0,0,0,25,13
3,43,ground,Ammo,1,0,0,0,0,26,9
3,43,ground,Ammo,1,0,0,0,0,106,34
3,43,stored,Bow,1,0,0,20,0,74,16
3,43,stored,Ammo,2,0,0,0,0,38,38
3,43,ground,Pickaxe,1,32,0,0,0,15,124
3,43,ground,Torch,1,90,0,0,0,5,119
3,43,wall,Mushroom spores,2,0,0,0,0,51,28
3,43,wall,Mushroom spores,2,0,0,0,0,66,45
3,44,ground,Stick,1,18,0,0,0,12,81
3,44,ground,River Fish,5,0,0,0,0,82,81
3,44,ground,Rope Hook,1,0,24,0,0,75,62
3,44,ground,Bandage,3,0,0,0,0,78,61
3,44,ground,Hatchet,1,35,0,0,0,61,83
3,44,ground,Torch,1,90,0,0,0,61,84
3,44,ground,Crossbow,1,0,0,1,16,61,51
3,44,ground,Root Drill,1,0,3,0,0,60,50
3,44,carried,Buckler,1,30,0,0,0,58,60
3,44,carried,Buckler,1,30,0,0,0,65,55
3,44,ground,Fungal Bread,2,0,0,0,0,53,51
3,44,ground,River Fish,6,0,0,0,0,54,97
3,44,ground,Rope Hook,1,0,24,0,0,77,28
3,44,ground,Pickaxe,1,32,0,0,0,32,76
3,44,ground,Ammo,1,0,0,0,0,29,79
3,44,ground,Bird Seed,1,0,0,0,0,34,56
3,44,ground,Bandage,2,0,0,0,0,38,58
3,44,ground,Bandage,2,0,0,0,0,56,30
3,44,ground,Bandage,2,0,0,0,0,13,104
3,44,ground,Blink Seed,2,0,0,0,0,57,122
3,44,ground,Ammo,1,0,0,0,0,51,123
3,44,ground,Ammo,1,0,0,0,0,86,33
3,44,ground,River Fish,3,0,0,0,0,56,68
3,44,ground,River Fish,5,0,0,0,0,56,46
3,44,ground,Rake,1,400,0,0,0,9,93
3,44,ground,Resin Glue,1,0,0,0,0,63,32
3,44,ground,Hatchet,1,35,0,0,0,75,17
3,44,ground,Torch,1,90,0,0,0,62,41
3,44,ground,Rake,1,400,0,0,0,73,9
3,44,wall,Fried Egg,2,0,0,0,0,27,55
3,44,wall,Pitch Bomb,2,0,0,0,0,33,64
3,45,ground,Stick,1,18,0,0,0,57,35
3,45,ground,Stick,1,18,0,0,0,57,80
3,45,ground,Stink Bomb,2,0,0,0,0,55,85
3,45,ground,Splint,1,0,2,0,0,60,67
3,45,ground,Lighter,1,0,20,0,0,54,75
3,45,ground,River Fish,5,0,0,0,0,31,35
3,45,ground,Thorn Caltrops,2,0,0,0,0,115,55
3,45,ground,Water flask,2,0,0,0,0,36,33
3,45,ground,Pickaxe,1,32,0,0,0,80,49
3,45,ground,Herb Bag,1,0,4,0,0,74,63
3,45,ground,Ammo,1,0,0,0,0,96,51
3,45,ground,Hunting Spear,1,45,0,0,0,34,57
3,45,ground,Ammo,1,0,0,0,0,30,57
3,45,ground,Medkit,1,0,0,0,0,54,104
3,45,ground,Bandage,2,0,0,0,0,95,13
3,45,ground,Ammo,1,0,0,0,0,120,11
3,45,ground,Ammo,1,0,0,0,0,62,98
3,45,stored,Torch,1,90,0,0,0,117,10
3,45,ground,Rope Snare,2,0,0,0,0,102,55
3,45,ground,Mushroom spores,2,0,0,0,0,98,18
3,45,ground,Pickaxe,1,32,0,0,0,105,1
3,45,wall,Pitch Bomb,2,0,0,0,0,72,51
3,46,ground,Stick,1,18,0,0,0,79,81
3,46,ground,Flint Knife,1,60,0,0,0,77,51
3,46,ground,Rope Hook,1,0,24,0,0,78,51
3,46,ground,Torch,1,90,0,0,0,35,57
3,46,ground,Hatchet,1,35,0,0,0,60,75
3,46,ground,Torch,1,90,0,0,0,60,74
3,46,ground,Pickaxe,1,32,0,0,0,60,105
3,46,ground,Root Drill,1,0,3,0,0,60,106
3,46,carried,Buckler,1,30,0,0,0,54,95
3,46,ground,Fungal Bread,2,0,0,0,0,55,70
3,46,ground,Firecracker,2,0,0,0,0,62,80
3,46,ground,Firecracker,2,0,0,0,0,55,87
3,46,ground,River Fish,6,0,0,0,0,11,29
3,46,ground,Hatchet,1,35,0,0,0,16,7
3,46,ground,Rope Snare,2,0,0,0,0,86,54
3,46,ground,Torch,1,90,0,0,0,71,104
3,46,ground,Fungal Bread,1,0,0,0,0,77,103
3,46,ground,Bitter Root,1,0,0,0,0,29,73
3,46,ground,Herb Bag,1,0,4,0,0,9,58
3,46,ground,Medkit,1,0,0,0,0,105,61
3,46,ground,Smoke pot,2,0,0,0,0,42,36
3,46,ground,Ammo,1,0,0,0,0,40,32
3,46,ground,Ammo,1,0,0,0,0,98,59
3,46,wall,Sticky Boots,1,0,4,0,0,78,92
3,46,wall,Rope Hook,1,0,24,0,0,46,100
3,46,wall,Rope Snare,2,0,0,0,0,36,105
3,47,ground,Stick,1,18,0,0,0,77,37
3,47,ground,Thorn Caltrops,2,0,0,0,0,44,38
3,47,ground,Rope Hook,1,0,24,0,0,37,12
3,47,ground,Torch,1,90,0,0,0,29,23
3,47,ground,Pickaxe,1,32,0,0,0,81,78
3,47,ground,Rope Hook,1,0,24,0,0,82,78
3,47,ground,Torch,1,90,0,0,0,77,57
3,47,ground,Bandage,3,0,0,0,0,36,59
3,47,ground,Throwing Rock,3,0,0,0,0,56,74
3,47,ground,Thunder Acorn,2,0,0,0,0,38,53
3,47,carried,Buckler,1,30,0,0,0,60,58
3,47,carried,Buckler,1,30,0,0,0,8,57
3,47,ground,Torch,1,90,0,0,0,98,75
3,47,ground,Bird Seed,1,0,0,0,0,56,62
3,47,ground,Bandage,2,0,0,0,0,62,50
3,47,ground,Medkit,1,0,0,0,0,5,47
3,47,ground,Ammo,1,0,0,0,0,17,38
3,47,ground,Buckler,1,30,0,0,0,115,81
3,47,ground,Ammo,1,0,0,0,0,123,79
3,47,ground,Bandage,2,0,0,0,0,7,51
3,47,ground,Bow,1,0,0,20,0,18,50
3,47,ground,Ammo,1,0,0,0,0,16,49
3,47,ground,Bow,1,0,0,20,0,89,43
3,47,ground,Torch,1,90,0,0,0,95,46
3,47,ground,Straw Decoy,1,0,0,0,0,105,81
3,47,wall,Bow,1,0,0,20,0,7,30
3,48,ground,Stick,1,18,0,0,0,79,81
3,48,ground,Digging Claws,1,200,0,0,0,24,8
3,48,ground,Rope Hook,1,0,24,0,0,16,16
3,48,ground,Hatchet,1,35,0,0,0,55,39
3,48,ground,Rope Hook,1,0,24,0,0,56,39
3,48,ground,Torch,1,90,0,0,0,78,35
3,48,ground,Hatchet,1,35,0,0,0,81,60
3,48,ground,Torch,1,90,0,0,0,82,60
3,48,ground,Blunderbuss,1,0,0,2,14,53,60
3,48,ground,Root Drill,1,0,3,0,0,52,61
3,48,carried,Buckler,1,30,0,0,0,64,58
3,48,ground,Firecracker,2,0,0,0,0,61,60
3,48,ground,Firecracker,2,0,0,0,0,78,57
3,48,ground,Mushroom spores,2,0,0,0,0,41,54
3,48,ground,Bitter Root,1,0,0,0,0,79,9
3,48,ground,Herb Bag,1,0,4,0,0,53,8
3,48,ground,Ammo,1,0,0,0,0,57,11
3,48,ground,Torch,1,90,0,0,0,30,57
3,48,ground,Ammo,1,0,0,0,0,30,74
3,48,ground,Medkit,1,0,0,0,0,54,82
3,48,ground,Bandage,2,0,0,0,0,58,79
3,48,ground,Bandage,2,0,0,0,0,56,84
3,48,ground,Ammo,1,0,0,0,0,55,85
3,48,ground,Torch,1,90,0,0,0,43,60
3,48,ground,Water flask,2,0,0,0,0,81,22
3,48,wall,Hunting Horn,1,0,8,0,0,65,12
3,48,wall,Torch,1,90,0,0,0,68,30
3,49,ground,Stick,1,18,0,0,0,33,81
3,49,ground,River Fish,4,0,0,0,0,102,30
3,49,ground,Throwing Rock,3,0,0,0,0,83,63
3,49,ground,Raw Meat,2,0,0,0,0,61,50
3,49,ground,Fungal Bread,1,0,0,0,0,58,53
3,49,ground,Water flask,2,0,0,0,0,54,107
3,49,ground,Ammo,1,0,0,0,0,57,92
3,49,ground,Fungal Bread,1,0,0,0,0,80,59
3,49,ground,Herb Bag,1,0,4,0,0,76,108
3,49,ground,Hunting Horn,1,0,8,0,0,12,76
3,49,ground,Ammo,1,0,0,0,0,10,78
3,49,ground,Ammo,1,0,0,0,0,73,13
3,49,ground,River Fish,2,0,0,0,0,90,49
3,49,ground,River Fish,4,0,0,0,0,82,60
3,49,ground,River Fish,5,0,0,0,0,72,68
3,49,ground,River Fish,2,0,0,0,0,65,80
3,49,stored,Seed Bag,1,0,6,0,0,106,30
3,49,stored,Bow,1,0,0,20,0,109,32
3,49,stored,Bomb,2,0,0,0,0,79,82
3,49,ground,Spring Trap,2,0,0,0,0,85,41
3,49,ground,Lighter,1,0,20,0,0,83,117
3,49,wall,Bandage,3,0,0,0,0,71,125
3,50,ground,Stick,1,18,0,0,0,55,79
3,50,ground,River Fish,5,0,0,0,0,50,52
3,50,ground,Hunting Spear,1,45,0,0,0,60,30
3,50,ground,Hatchet,1,35,0,0,0,54,38
3,50,ground,Hatchet,1,35,0,0,0,30,74
3,50,ground,Torch,1,90,0,0,0,30,73
3,50,ground,Hatchet,1,35,0,0,0,30,105
3,50,ground,Root Drill,1,0,3,0,0,31,106
3,50,carried,Buckler,1,30,0,0,0,33,106
3,50,carried,Buckler,1,30,0,0,0,26,69
3,50,ground,Fungal Bread,2,0,0,0,0,39,82
3,50,ground,Fungal Bread,2,0,0,0,0,38,78
3,50,carried,Buckler,1,30,0,0,0,19,13
3,50,carried,Buckler,1,30,0,0,0,9,50
3,50,ground,Mushroom spores,2,0,0,0,0,74,29
3,50,ground,Bird Seed,1,0,0,0,0,62,104
3,50,ground,Fungal Bread,1,0,0,0,0,61,107
3,50,ground,Water flask,2,0,0,0,0,38,34
3,50,ground,Bandage,2,0,0,0,0,18,34
3,50,ground,Medkit,1,0,0,0,0,5,55
3,50,ground,Ammo,1,0,0,0,0,77,36
3,50,ground,Ammo,1,0,0,0,0,6,49
3,50,ground,Reflecting Pan,1,24,0,0,0,3,15
3,50,wall,Throwing Rock,3,0,0,0,0,12,24
3,51,ground,Stick,1,18,0,0,0,77,80
3,51,ground,River Fish,5,0,0,0,0,33,57
3,51,ground,Fishing Line,1,0,20,0,0,31,56
3,51,ground,River Fish,4,0,0,0,0,53,30
3,51,ground,Bow,1,0,0,20,0,6,54
3,51,ground,Seed Bag,1,0,6,0,0,73,53
3,51,ground,Bird Seed,1,0,0,0,0,61,58
3,51,ground,Herb Bag,1,0,4,0,0,52,63
3,51,ground,Medkit,1,0,0,0,0,10,29
3,51,ground,Herb Bag,1,0,4,0,0,98,100
3,51,ground,Ammo,1,0,0,0,0,29,30
3,51,ground,Ammo,1,0,0,0,0,5,39
3,51,ground,River Fish,2,0,0,0,0,60,107
3,51,ground,River Fish,4,0,0,0,0,81,110
3,51,ground,Rope Snare,2,0,0,0,0,50,38
3,51,wall,Sap jar,2,0,0,0,0,43,7
3,51,wall,Digging Claws,1,200,0,0,0,50,26
3,52,ground,Stick,1,18,0,0,0,78,36
3,52,ground,Hatchet,1,35,0,0,0,92,76
3,52,ground,Resin Glue,1,0,0,0,0,99,66
3,52,ground,Shield Lantern,1,24,0,0,0,32,52
3,52,ground,River Fish,4,0,0,0,0,78,103
3,52,ground,Bomb,2,0,0,0,0,76,15
3,52,ground,Rake,1,400,0,0,0,70,13
3,52,ground,Bandage,2,0,0,0,0,80,17
3,52,ground,Ammo,1,0,0,0,0,31,85
3,52,ground,Bomb,2,0,0,0,0,11,52
3,52,ground,Ammo,1,0,0,0,0,15,55
3,52,ground,Medkit,1,0,0,0,0,30,98
3,52,ground,Mushroom spores,2,0,0,0,0,84,94
3,52,ground,Ammo,1,0,0,0,0,90,13
3,52,ground,Bandage,2,0,0,0,0,33,105
3,52,ground,Ammo,1,0,0,0,0,30,96
3,52,ground,Water flask,2,0,0,0,0,86,4
3,52,ground,Flint Knife,1,60,0,0,0,81,8
3,52,ground,Rake,1,400,0,0,0,98,4
3,52,wall,Wooden Maul,1,24,0,0,0,77,3
3,52,wall,Bandage,3,0,0,0,0,86,103
3,53,ground,Stick,1,18,0,0,0,79,58
3,53,carried,Buckler,1,30,0,0,0,69,124
3,53,carried,Buckler,1,30,0,0,0,75,122
3,53,ground,Flint Knife,1,60,0,0,0,60,105
3,53,ground,Bow,1,0,0,20,0,75,119
3,53,ground,River Fish,3,0,0,0,0,33,125
3,53,ground,Wooden Maul,1,24,0,0,0,73,93
3,53,ground,Bird Seed,1,0,0,0,0,76,71
3,53,ground,Herb Bag,1,0,4,0,0,83,79
3,53,ground,Bird Seed,1,0,0,0,0,86,32
3,53,ground,Bandage,2,0,0,0,0,69,32
3,53,ground,Fungal Bread,1,0,0,0,0,33,99
3,53,ground,Hand Bell,1,0,80,0,0,85,7
3,53,ground,Ammo,1,0,0,0,0,76,15
3,53,ground,Ammo,1,0,0,0,0,19,120
3,53,ground,River Fish,3,0,0,0,0,49,125
3,53,ground,River Fish,5,0,0,0,0,86,114
3,53,ground,River Fish,4,0,0,0,0,100,108
3,53,ground,Seed Bag,1,0,6,0,0,84,86
3,53,ground,Rope Snare,2,0,0,0,0,45,101
3,53,ground,Hatchet,1,35,0,0,0,38,92
3,53,ground,Boomerang,1,0,0,0,0,106,98
3,54,ground,Stick,1,18,0,0,0,78,58
3,54,ground,Bow,1,0,0,20,0,121,58
3,54,ground,Throwing Rock,3,0,0,0,0,119,80
3,54,ground,Cooked Meat,2,0,0,0,0,120,75
3,54,ground,Resin Glue,1,0,0,0,0,121,47
3,54,ground,Bomb,2,0,0,0,0,127,50
3,54,ground,River Fish,3,0,0,0,0,74,74
3,54,ground,Fishing Line,1,0,20,0,0,74,75
3,54,ground,River Fish,3,0,0,0,0,10,76
3,54,ground,Fishing Line,1,0,20,0,0,11,73
3,54,carried,Buckler,1,30,0,0,0,28,56
3,54,carried,Buckler,1,30,0,0,0,102,72
3,54,ground,Pickaxe,1,32,0,0,0,91,78
3,54,ground,Mushroom spores,2,0,0,0,0,76,85
3,54,ground,Bird Seed,1,0,0,0,0,101,84
3,54,ground,Fungal Bread,1,0,0,0,0,105,83
3,54,ground,Fungal Bread,1,0,0,0,0,55,73
3,54,ground,Ammo,1,0,0,0,0,76,37
3,54,ground,Bandage,2,0,0,0,0,52,55
3,54,ground,Ammo,1,0,0,0,0,30,74
3,54,ground,Wolf Whistle,1,0,8,0,0,77,15
3,54,ground,Ammo,1,0,0,0,0,74,10
3,54,ground,Ammo,1,0,0,0,0,11,106
3,54,stored,Water flask,2,0,0,0,0,30,81
3,54,stored,Torch,1,90,0,0,0,30,57
3,54,ground,Boomerang,1,0,0,0,0,59,28
3,54,ground,Bandage,3,0,0,0,0,52,40
3,55,ground,Stick,1,18,0,0,0,78,79
3,55,ground,River Fish,3,0,0,0,0,38,51
3,55,ground,Hunting Spear,1,45,0,0,0,30,68
3,55,ground,Pickaxe,1,32,0,0,0,30,64
3,55,ground,Splint,1,0,2,0,0,26,78
3,55,ground,Pickaxe,1,32,0,0,0,7,79
3,55,ground,Rope Hook,1,0,24,0,0,8,79
3,55,ground,Torch,1,90,0,0,0,11,56
3,55,ground,Bow,1,0,0,20,0,57,85
3,55,ground,Raw Meat,1,0,0,0,0,50,74
3,55,ground,Throwing Rock,3,0,0,0,0,83,105
3,55,ground,Lighter,1,0,20,0,0,66,71
3,55,ground,Rope Hook,1,0,24,0,0,61,52
3,55,ground,Ammo,1,0,0,0,0,53,59
3,55,ground,Ammo,1,0,0,0,0,83,57
3,55,ground,Ammo,1,0,0,0,0,51,33
3,55,ground,Ammo,1,0,0,0,0,70,7
3,55,ground,Medkit,1,0,0,0,0,51,12
3,55,ground,Fungal Bread,1,0,0,0,0,26,38
3,55,ground,Bandage,2,0,0,0,0,63,13
3,55,ground,River Fish,2,0,0,0,0,71,44
3,55,ground,River Fish,5,0,0,0,0,70,86
3,55,ground,River Fish,2,0,0,0,0,80,94
3,55,stored,Bomb,2,0,0,0,0,74,21
3,55,stored,Pickaxe,1,32,0,0,0,77,6
3,55,ground,Rope Snare,2,0,0,0,0,50,82
3,55,wall,Smoke pot,2,0,0,0,0,7,28
3,56,ground,Stick,1,18,0,0,0,78,81
3,56,ground,Torch,1,90,0,0,0,55,53
3,56,ground,Rope Hook,1,0,24,0,0,56,53
3,56,ground,Torch,1,90,0,0,0,77,55
3,56,ground,River Fish,5,0,0,0,0,59,100
3,56,ground,Fishing Line,1,0,20,0,0,60,98
3,56,ground,River Fish,3,0,0,0,0,32,101
3,56,ground,Fishing Line,1,0,20,0,0,29,98
3,56,ground,Pickaxe,1,32,0,0,0,9,79
3,56,carried,Buckler,1,30,0,0,0,14,100
3,56,carried,Buckler,1,30,0,0,0,63,34
3,56,ground,Bow,1,0,0,20,0,56,15
3,56,ground,Lighter,1,0,20,0,0,77,104
3,56,ground,Ammo,1,0,0,0,0,76,104
3,56,ground,Water flask,2,0,0,0,0,61,102
3,56,ground,Fungal Bread,1,0,0,0,0,48,32
3,56,ground,Thorn Caltrops,2,0,0,0,0,36,35
3,56,ground,Ammo,1,0,0,0,0,37,26
3,56,ground,Medkit,1,0,0,0,0,8,99
3,56,ground,Fungal Bread,1,0,0,0,0,56,12
3,56,ground,Ammo,1,0,0,0,0,13,99
3,56,ground,Hatchet,1,35,0,0,0,26,87
3,56,ground,Hatchet,1,35,0,0,0,14,84
3,56,ground,Hatchet,1,35,0,0,0,24,78
3,56,wall,Seed Bag,1,0,6,0,0,38,103
3,57,ground,Stick,1,18,0,0,0,57,59
3,57,ground,Bow,1,0,0,20,0,119,84
3,57,ground,Throwing Rock,3,0,0,0,0,76,36
3,57,ground,Pickaxe,1,32,0,0,0,74,59
3,57,ground,Blunderbuss,1,0,0,2,14,72,28
3,57,carried,Buckler,1,30,0,0,0,103,50
3,57,ground,Bow,1,0,0,20,0,69,79
3,57,ground,Lighter,1,0,20,0,0,71,84
3,57,ground,Ammo,1,0,0,0,0,86,81
3,57,ground,Rabbit Charm,1,0,0,0,0,74,103
3,57,ground,Ammo,1,0,0,0,0,79,110
3,57,ground,Bird Seed,1,0,0,0,0,85,11
3,57,ground,Fungal Bread,1,0,0,0,0,85,16
3,57,ground,Medkit,1,0,0,0,0,103,51
3,57,ground,Ammo,1,0,0,0,0,29,27
3,57,ground,Ammo,1,0,0,0,0,13,54
3,57,ground,Bandage,2,0,0,0,0,107,52
3,57,ground,River Fish,4,0,0,0,0,71,46
3,57,stored,Sleep Meds,3,0,0,0,0,73,67
3,57,ground,Bandage,3,0,0,0,0,28,55
3,57,ground,Water flask,2,0,0,0,0,31,32
3,57,wall,Sap jar,2,0,0,0,0,66,32
3,58,ground,Stick,1,18,0,0,0,56,79
3,58,ground,Stick,1,18,0,0,0,124,19
3,58,ground,Sap jar,2,0,0,0,0,102,21
3,58,ground,Rake,1,400,0,0,0,118,38
3,58,ground,River Fish,5,0,0,0,0,61,54
3,58,ground,Fishing Line,1,0,20,0,0,61,55
3,58,ground,River Fish,4,0,0,0,0,77,48
3,58,ground,Fishing Line,1,0,20,0,0,74,49
3,58,carried,Buckler,1,30,0,0,0,128,57
3,58,ground,Spring Trap,2,0,0,0,0,99,71
3,58,ground,Mushroom spores,2,0,0,0,0,63,53
3,58,ground,Rabbit Charm,1,0,0,0,0,57,99
3,58,ground,Ammo,1,0,0,0,0,58,103
3,58,ground,Water flask,2,0,0,0,0,81,58
3,58,ground,Ammo,1,0,0,0,0,109,85
3,58,ground,Medkit,1,0,0,0,0,126,54
3,58,ground,Bandage,2,0,0,0,0,121,55
3,58,ground,Bandage,2,0,0,0,0,121,54
3,58,ground,Ammo,1,0,0,0,0,124,57
3,58,ground,River Fish,2,0,0,0,0,52,45
3,58,ground,River Fish,4,0,0,0,0,31,14
3,58,ground,Bow,1,0,0,20,0,79,75
3,58,wall,Fried Egg,2,0,0,0,0,100,45
3,59,ground,Stick,1,18,0,0,0,35,80
3,59,ground,Hatchet,1,35,0,0,0,31,118
3,59,ground,Buckler,1,30,0,0,0,12,81
3,59,ground,Bandage,3,0,0,0,0,8,54
3,59,ground,Reflecting Pan,1,24,0,0,0,38,62
3,59,ground,River Fish,4,0,0,0,0,51,37
3,59,carried,Buckler,1,30,0,0,0,15,105
3,59,ground,Mushroom spores,2,0,0,0,0,54,103
3,59,ground,Rake,1,400,0,0,0,34,29
3,59,ground,Fungal Bread,1,0,0,0,0,38,37
3,59,ground,Rake,1,400,0,0,0,15,36
3,59,ground,Ammo,1,0,0,0,0,17,36
3,59,ground,Medkit,1,0,0,0,0,8,105
3,59,ground,Ammo,1,0,0,0,0,73,34
3,59,ground,Ammo,1,0,0,0,0,7,8
3,59,ground,Bandage,2,0,0,0,0,20,101
3,59,ground,Ammo,1,0,0,0,0,20,99
3,59,ground,Flint Knife,1,60,0,0,0,61,31
3,60,ground,Stick,1,18,0,0,0,56,35
3,60,ground,Sap jar,2,0,0,0,0,52,65
3,60,ground,Mushroom spores,2,0,0,0,0,56,72
3,60,ground,River Fish,5,0,0,0,0,65,104
3,60,ground,Wooden Maul,1,24,0,0,0,82,97
3,60,ground,Splint,1,0,2,0,0,73,99
3,60,ground,Chili,1,0,0,0,0,48,104
3,60,ground,Stick,1,18,0,0,0,102,76
3,60,ground,Flint Knife,1,60,0,0,0,31,29
3,60,ground,Rake,1,400,0,0,0,37,28
3,60,ground,Bandage,2,0,0,0,0,33,33
3,60,ground,Bitter Root,1,0,0,0,0,103,77
3,60,ground,Ammo,1,0,0,0,0,127,85
3,60,ground,Herb Bag,1,0,4,0,0,36,14
3,60,ground,Medkit,1,0,0,0,0,99,49
3,60,ground,Throwing Net,2,0,0,0,0,9,13
3,60,ground,Ammo,1,0,0,0,0,8,10
3,60,ground,Ammo,1,0,0,0,0,92,52
3,60,ground,River Fish,5,0,0,0,0,126,97
3,61,ground,Stick,1,18,0,0,0,77,57
3,61,ground,River Fish,6,0,0,0,0,30,72
3,61,ground,Mushroom spores,2,0,0,0,0,17,85
3,61,ground,Pickaxe,1,32,0,0,0,11,37
3,61,ground,Throwing Net,2,0,0,0,0,12,37
3,61,ground,Torch,1,90,0,0,0,33,34
3,61,ground,Sap jar,2,0,0,0,0,57,37
3,61,ground,River Fish,5,0,0,0,0,35,56
3,61,ground,Fishing Line,1,0,20,0,0,37,53
3,61,ground,Pocket Door,1,0,2,0,0,53,27
3,61,ground,Bird Seed,1,0,0,0,0,54,59
3,61,ground,Herb Bag,1,0,4,0,0,53,57
3,61,ground,Mushroom spores,2,0,0,0,0,35,57
3,61,ground,Ammo,1,0,0,0,0,10,53
3,61,ground,Rabbit Charm,1,0,0,0,0,39,104
3,61,ground,Ammo,1,0,0,0,0,27,100
3,61,ground,Medkit,1,0,0,0,0,10,106
3,61,ground,Ammo,1,0,0,0,0,100,31
3,61,ground,Bandage,2,0,0,0,0,12,98
3,61,ground,Ammo,1,0,0,0,0,10,94
3,61,ground,Herb Bag,1,0,4,0,0,15,51
3,61,ground,Throwing Net,2,0,0,0,0,107,30
3,62,ground,Stick,1,18,0,0,0,55,79
3,62,ground,Boomerang,1,0,0,0,0,49,114
3,62,ground,Bear Trap,2,0,0,0,0,35,114
3,62,ground,Resin Glue,1,0,0,0,0,47,99
3,62,ground,River Fish,5,0,0,0,0,31,82
3,62,ground,Fishing Line,1,0,20,0,0,29,80
3,62,ground,River Fish,5,0,0,0,0,53,59
3,62,ground,Fishing Line,1,0,20,0,0,50,57
3,62,carried,Buckler,1,30,0,0,0,12,101
3,62,ground,Buckler,1,30,0,0,0,102,29
3,62,ground,Water flask,2,0,0,0,0,34,73
3,62,ground,Mushroom spores,2,0,0,0,0,48,57
3,62,ground,Herb Bag,1,0,4,0,0,29,61
3,62,ground,Medkit,1,0,0,0,0,103,33
3,62,ground,Bandage,2,0,0,0,0,4,123
3,62,ground,Ammo,1,0,0,0,0,97,29
3,62,ground,River Fish,5,0,0,0,0,70,29
3,62,ground,River Fish,2,0,0,0,0,71,40
3,62,ground,River Fish,4,0,0,0,0,82,40
3,62,ground,Cooked Meat,2,0,0,0,0,13,97
3,62,ground,Pickaxe,1,32,0,0,0,59,58
3,62,wall,Medkit,1,0,0,0,0,71,8
3,63,ground,Stick,1,18,0,0,0,56,36
3,63,ground,Digging Claws,1,200,0,0,0,75,58
3,63,ground,Stick,1,18,0,0,0,80,42
3,63,ground,Stick,1,18,0,0,0,81,61
3,63,ground,River Fish,3,0,0,0,0,82,13
3,63,ground,River Fish,4,0,0,0,0,55,76
3,63,carried,Buckler,1,30,0,0,0,35,65
3,63,carried,Buckler,1,30,0,0,0,35,33
3,63,ground,Crossbow,1,0,0,1,16,56,73
3,63,ground,Lighter,1,0,20,0,0,35,39
3,63,ground,Torch,1,90,0,0,0,32,58
3,63,ground,Bandage,2,0,0,0,0,61,19
3,63,ground,Ammo,1,0,0,0,0,41,77
3,63,ground,Medkit,1,0,0,0,0,33,94
3,63,ground,Bandage,2,0,0,0,0,37,95
3,63,ground,Ammo,1,0,0,0,0,32,95
3,63,ground,River Fish,3,0,0,0,0,15,70
3,63,ground,River Fish,3,0,0,0,0,43,64
3,63,ground,River Fish,2,0,0,0,0,58,43
3,63,ground,Buckler,1,30,0,0,0,18,51
3,63,ground,Pickaxe,1,32,0,0,0,23,69
3,63,wall,Hatchet,1,35,0,0,0,36,47
3,64,ground,Stick,1,18,0,0,0,33,80
3,64,ground,Bow,1,0,0,20,0,13,104
3,64,ground,Rope Hook,1,0,24,0,0,14,104
3,64,ground,Torch,1,90,0,0,0,34,100
3,64,ground,River Fish,4,0,0,0,0,77,36
3,64,carried,Buckler,1,30,0,0,0,54,122
3,64,ground,Blunderbuss,1,0,0,2,14,47,121
3,64,ground,Water flask,2,0,0,0,0,54,81
3,64,ground,Straw Decoy,1,0,0,0,0,55,96
3,64,ground,Fungal Bread,1,0,0,0,0,59,97
3,64,ground,Fungal Bread,1,0,0,0,0,79,73
3,64,ground,Bandage,2,0,0,0,0,84,104
3,64,ground,Ammo,1,0,0,0,0,97,33
3,64,ground,River Fish,2,0,0,0,0,32,67
3,64,ground,River Fish,2,0,0,0,0,25,79
3,64,ground,River Fish,4,0,0,0,0,13,86
3,64,ground,Rake,1,400,0,0,0,60,108
3,64,ground,Hatchet,1,35,0,0,0,47,82
3,64,wall,Pitch Bomb,2,0,0,0,0,65,65
3,65,ground,Stick,1,18,0,0,0,12,81
3,65,ground,Hatchet,1,35,0,0,0,53,59
3,65,ground,Torch,1,90,0,0,0,52,59
3,65,ground,Flint Knife,1,60,0,0,0,83,59
3,65,ground,Root Drill,1,0,3,0,0,83,58
3,65,carried,Buckler,1,30,0,0,0,56,55
3,65,ground,Firecracker,2,0,0,0,0,76,56
3,65,ground,Firecracker,2,0,0,0,0,54,49
3,65,ground,Digging Claws,1,200,0,0,0,30,102
3,65,ground,Hand Bell,1,0,80,0,0,12,51
3,65,ground,Bandage,2,0,0,0,0,18,55
3,65,ground,Rake,1,400,0,0,0,41,55
3,65,ground,Fungal Bread,1,0,0,0,0,35,64
3,65,ground,Blunderbuss,1,0,0,2,14,72,34
3,65,ground,Ammo,1,0,0,0,0,69,34
3,65,ground,Medkit,1,0,0,0,0,52,15
3,65,ground,Ammo,1,0,0,0,0,51,11
3,65,ground,River Fish,4,0,0,0,0,65,66
3,65,ground,River Fish,3,0,0,0,0,32,48
3,65,stored,Torch,1,90,0,0,0,38,7
3,65,ground,Rake,1,400,0,0,0,75,74
3,65,ground,Fried Egg,2,0,0,0,0,35,106
3,66,ground,Stick,1,18,0,0,0,55,13
3,66,ground,Bear Trap,2,0,0,0,0,11,46
3,66,ground,Mushroom spores,2,0,0,0,0,10,53
3,66,ground,Torch,1,90,0,0,0,52,56
3,66,ground,Throwing Net,2,0,0,0,0,53,56
3,66,ground,Torch,1,90,0,0,0,55,33
3,66,ground,Pickaxe,1,32,0,0,0,97,34
3,66,ground,Spring Trap,2,0,0,0,0,94,27
3,66,ground,River Fish,3,0,0,0,0,29,75
3,66,carried,Buckler,1,30,0,0,0,54,79
3,66,ground,Bear Trap,2,0,0,0,0,93,58
3,66,ground,Pickaxe,1,32,0,0,0,76,55
3,66,ground,Ammo,1,0,0,0,0,74,56
3,66,ground,Mushroom spores,2,0,0,0,0,36,76
3,66,ground,Medkit,1,0,0,0,0,55,82
3,66,ground,Thunder Acorn,2,0,0,0,0,126,59
3,66,ground,Ammo,1,0,0,0,0,125,55
3,66,ground,Bandage,2,0,0,0,0,61,84
3,66,ground,Bandage,2,0,0,0,0,53,75
3,66,ground,Ammo,1,0,0,0,0,56,77
3,66,ground,River Fish,3,0,0,0,0,46,69
3,66,ground,River Fish,4,0,0,0,0,66,66
3,66,ground,River Fish,5,0,0,0,0,84,62
3,66,ground,River Fish,5,0,0,0,0,103,58
3,66,ground,River Fish,4,0,0,0,0,114,47
3,66,ground,Water flask,2,0,0,0,0,112,59
3,66,wall,Bear Trap,2,0,0,0,0,42,9
3,67,ground,Stick,1,18,0,0,0,77,57
3,67,ground,Wooden Maul,1,24,0,0,0,39,57
3,67,ground,Throwing Net,2,0,0,0,0,40,57
3,67,ground,Torch,1,90,0,0,0,34,34
3,67,carried,Buckler,1,30,0,0,0,60,37
3,67,carried,Buckler,1,30,0,0,0,101,9
3,67,ground,Hunting Horn,1,0,8,0,0,16,32
3,67,ground,Lighter,1,0,20,0,0,78,33
3,67,ground,Ammo,1,0,0,0,0,77,33
3,67,ground,Oil flask,1,0,0,0,0,53,61
3,67,ground,Ammo,1,0,0,0,0,97,33
3,67,ground,Ammo,1,0,0,0,0,54,79
3,67,ground,Herb Bag,1,0,4,0,0,103,15
3,67,ground,Medkit,1,0,0,0,0,9,34
3,67,ground,Fungal Bread,1,0,0,0,0,85,17
3,67,ground,Ammo,1,0,0,0,0,18,38
3,67,ground,Fried Egg,2,0,0,0,0,62,15
3,67,ground,Lighter,1,0,20,0,0,35,74
3,67,ground,Wooden Maul,1,24,0,0,0,54,104
3,68,ground,Stick,1,18,0,0,0,79,58
3,68,ground,Throwing Net,2,0,0,0,0,79,84
3,68,ground,Rake,1,400,0,0,0,60,77
3,68,ground,Torch,1,90,0,0,0,35,8
3,68,ground,Pickaxe,1,32,0,0,0,29,79
3,68,ground,Rope Hook,1,0,24,0,0,30,79
3,68,ground,Torch,1,90,0,0,0,33,56
3,68,carried,Buckler,1,30,0,0,0,11,56
3,68,ground,Flint Knife,1,60,0,0,0,50,126
3,68,ground,Oil flask,1,0,0,0,0,55,49
3,68,ground,Chili,1,0,0,0,0,6,28
3,68,ground,Medkit,1,0,0,0,0,15,54
3,68,ground,Herb Bag,1,0,4,0,0,58,130
3,68,ground,Reflecting Pan,1,24,0,0,0,29,123
3,68,ground,Ammo,1,0,0,0,0,33,117
3,68,ground,Bandage,2,0,0,0,0,17,51
3,68,ground,Ammo,1,0,0,0,0,15,50
3,68,ground,River Fish,4,0,0,0,0,66,83
3,68,ground,River Fish,4,0,0,0,0,71,103
3,68,ground,River Fish,2,0,0,0,0,74,118
3,68,ground,Fried Egg,2,0,0,0,0,65,127
3,68,ground,Crossbow,1,0,0,1,16,65,116
3,68,ground,Wooden Maul,1,24,0,0,0,9,40
3,68,wall,Seed Bag,1,0,6,0,0,13,25
3,69,ground,Stick,1,18,0,0,0,77,36
3,69,ground,Shield Lantern,1,24,0,0,0,74,54
3,69,ground,Stick,1,18,0,0,0,77,62
3,69,ground,Hatchet,1,35,0,0,0,65,59
3,69,ground,River Fish,3,0,0,0,0,26,67
3,69,ground,Stick,1,18,0,0,0,15,60
3,69,ground,Bear Trap,2,0,0,0,0,35,65
3,69,ground,Lighter,1,0,20,0,0,34,51
3,69,ground,Lighter,1,0,20,0,0,20,55
3,69,ground,River Fish,4,0,0,0,0,39,82
3,69,ground,Fishing Line,1,0,20,0,0,36,81
3,69,ground,River Fish,3,0,0,0,0,28,97
3,69,ground,Rabbit Charm,1,0,0,0,0,38,99
3,69,ground,Torch,1,90,0,0,0,57,38
3,69,ground,Sleep Meds,3,0,0,0,0,16,36
3,69,ground,Ammo,1,0,0,0,0,13,38
3,69,ground,Mushroom spores,2,0,0,0,0,38,85
3,69,ground,Ammo,1,0,0,0,0,93,58
3,69,ground,Medkit,1,0,0,0,0,60,105
3,69,ground,Bandage,2,0,0,0,0,53,105
3,69,ground,Bandage,2,0,0,0,0,56,98
3,69,ground,Ammo,1,0,0,0,0,53,104
3,69,ground,River Fish,4,0,0,0,0,31,38
3,69,ground,Water flask,2,0,0,0,0,37,42
3,69,wall,Sap jar,2,0,0,0,0,110,34
3,69,wall,Seed Bag,1,0,6,0,0,24,36
3,70,ground,Stick,1,18,0,0,0,34,79
3,70,ground,Crossbow,1,0,0,1,16,58,39
3,70,ground,Pickaxe,1,32,0,0,0,43,30
3,70,ground,Stick,1,18,0,0,0,83,79
3,70,ground,Throwing Net,2,0,0,0,0,84,79
3,70,ground,Torch,1,90,0,0,0,77,101
3,70,ground,Hatchet,1,35,0,0,0,75,51
3,70,ground,Torch,1,90,0,0,0,75,50
3,70,ground,Pickaxe,1,32,0,0,0,105,51
3,70,ground,Root Drill,1,0,3,0,0,106,51
3,70,carried,Buckler,1,30,0,0,0,100,64
3,70,carried,Buckler,1,30,0,0,0,93,51
3,70,carried,Buckler,1,30,0,0,0,74,57
3,70,ground,Fungal Bread,2,0,0,0,0,83,53
3,70,ground,Firecracker,2,0,0,0,0,73,53
3,70,ground,Fungal Bread,2,0,0,0,0,74,55
3,70,ground,Torch,1,90,0,0,0,5,76
3,70,ground,Rake,1,400,0,0,0,58,103
3,70,ground,Bandage,2,0,0,0,0,50,101
3,70,ground,Ammo,1,0,0,0,0,10,60
3,70,ground,Thunder Acorn,2,0,0,0,0,97,70
3,70,ground,Ammo,1,0,0,0,0,100,83
3,70,ground,Spring Trap,2,0,0,0,0,101,26
3,70,ground,Fungal Bread,1,0,0,0,0,92,29
3,70,ground,Medkit,1,0,0,0,0,70,35
3,70,ground,Ammo,1,0,0,0,0,10,72
3,70,ground,Ammo,1,0,0,0,0,83,38
3,70,ground,Blink Seed,2,0,0,0,0,64,95
3,70,ground,Water flask,2,0,0,0,0,10,80
3,70,wall,Hunting Spear,1,45,0,0,0,21,71
3,71,ground,Stick,1,18,0,0,0,79,81
3,71,ground,Wooden Maul,1,24,0,0,0,117,60
3,71,ground,Rake,1,400,0,0,0,111,70
3,71,ground,Flint Knife,1,60,0,0,0,34,30
3,71,ground,Throwing Net,2,0,0,0,0,35,30
3,71,ground,Torch,1,90,0,0,0,57,33
3,71,carried,Buckler,1,30,0,0,0,31,60
3,71,ground,Seed Bag,1,0,6,0,0,58,66
3,71,ground,Ammo,1,0,0,0,0,62,54
3,71,ground,Hunting Horn,1,0,8,0,0,54,6
3,71,ground,Ammo,1,0,0,0,0,49,10
3,71,ground,Ammo,1,0,0,0,0,95,97
3,71,ground,Medkit,1,0,0,0,0,32,57
3,71,ground,Crossbow,1,0,0,1,16,97,112
3,71,ground,Herb Bag,1,0,4,0,0,95,121
3,71,ground,Bandage,2,0,0,0,0,30,52
3,71,ground,Digging Claws,1,200,0,0,0,35,57
3,71,ground,Ammo,1,0,0,0,0,30,53
3,71,ground,River Fish,4,0,0,0,0,127,73
3,71,ground,River Fish,2,0,0,0,0,124,105
3,71,ground,River Fish,3,0,0,0,0,124,120
3,71,ground,Hatchet,1,35,0,0,0,122,113
3,71,ground,Blink Seed,2,0,0,0,0,7,40
3,71,ground,Medkit,1,0,0,0,0,79,50
3,71,wall,Mushroom spores,2,0,0,0,0,44,68
3,71,wall,Bandage,3,0,0,0,0,108,93
3,72,ground,Stick,1,18,0,0,0,34,79
3,72,ground,River Fish,3,0,0,0,0,37,50
3,72,ground,Mushroom spores,2,0,0,0,0,31,38
3,72,ground,Crossbow,1,0,0,1,16,31,42
3,72,ground,Bow,1,0,0,20,0,95,100
3,72,ground,Throwing Net,2,0,0,0,0,96,100
3,72,ground,Torch,1,90,0,0,0,101,77
3,72,ground,River Fish,5,0,0,0,0,11,54
3,72,ground,Fishing Line,1,0,20,0,0,9,51
3,72,ground,River Fish,3,0,0,0,0,37,15
3,72,ground,Fishing Line,1,0,20,0,0,36,12
3,72,ground,Hatchet,1,35,0,0,0,107,55
3,72,carried,Buckler,1,30,0,0,0,80,79
3,72,ground,Throwing Rock,3,0,0,0,0,77,73
3,72,ground,Bird Seed,1,0,0,0,0,52,83
3,72,ground,Fungal Bread,1,0,0,0,0,51,84
3,72,ground,Rake,1,400,0,0,0,83,75
3,72,ground,Herb Bag,1,0,4,0,0,77,75
3,72,ground,Medkit,1,0,0,0,0,58,50
3,72,ground,Smoke pot,2,0,0,0,0,15,36
3,72,ground,Ammo,1,0,0,0,0,7,31
3,72,ground,Ammo,1,0,0,0,0,58,56
3,72,ground,River Fish,3,0,0,0,0,17,62
3,72,ground,River Fish,3,0,0,0,0,7,66
3,72,stored,Oil flask,2,0,0,0,0,97,90
3,72,ground,Fried Egg,2,0,0,0,0,86,60
3,72,ground,Resin Glue,1,0,0,0,0,98,60
3,72,wall,Water flask,2,0,0,0,0,79,47
3,73,ground,Stick,1,18,0,0,0,35,59
3,73,ground,Bow,1,0,0,20,0,74,37
3,73,ground,Resin Glue,1,0,0,0,0,61,12
3,73,ground,Sleep Meds,3,0,0,0,0,62,37
3,73,ground,River Fish,6,0,0,0,0,65,54
3,73,ground,Water flask,2,0,0,0,0,84,60
3,73,ground,Pickaxe,1,32,0,0,0,50,59
3,73,ground,Buckler,1,30,0,0,0,53,62
3,73,ground,Sap jar,2,0,0,0,0,75,38
3,73,ground,Sap jar,1,0,0,0,0,73,81
3,73,ground,Medkit,1,0,0,0,0,94,74
3,73,ground,Seed Bag,1,0,6,0,0,95,49
3,73,ground,Fungal Bread,1,0,0,0,0,95,42
3,73,ground,Fungal Bread,1,0,0,0,0,37,6
3,73,ground,Ammo,1,0,0,0,0,102,70
3,73,stored,Hatchet,1,35,0,0,0,94,37
3,73,stored,Bow,1,0,0,20,0,102,28
3,73,ground,Sap jar,2,0,0,0,0,11,14
3,73,wall,Wooden Maul,1,24,0,0,0,40,28
3,74,ground,Stick,1,18,0,0,0,55,57
3,74,ground,Bow,1,0,0,20,0,100,125
3,74,ground,Bear Trap,2,0,0,0,0,102,113
3,74,ground,Root Drill,1,0,3,0,0,94,128
3,74,carried,Buckler,1,30,0,0,0,11,60
3,74,carried,Buckler,1,30,0,0,0,81,115
3,74,ground,Reflecting Pan,1,24,0,0,0,70,74
3,74,ground,Lighter,1,0,20,0,0,36,61
3,74,ground,Ammo,1,0,0,0,0,57,73
3,74,ground,Rake,1,400,0,0,0,103,83
3,74,ground,Bandage,2,0,0,0,0,104,73
3,74,ground,Fungal Bread,1,0,0,0,0,73,51
3,74,ground,Sticky Boots,1,0,4,0,0,100,58
3,74,ground,Ammo,1,0,0,0,0,109,57
3,74,ground,Ammo,1,0,0,0,0,105,31
3,74,ground,Medkit,1,0,0,0,0,77,122
3,74,ground,Ammo,1,0,0,0,0,80,114
3,74,ground,Bow,1,0,0,20,0,98,77
3,74,ground,Hatchet,1,35,0,0,0,73,104
3,74,ground,Boomerang,1,0,0,0,0,97,39
3,74,wall,Flint Knife,1,60,0,0,0,10,54
3,74,wall,Flint Knife,1,60,0,0,0,10,64
3,75,ground,Stick,1,18,0,0,0,57,81
3,75,ground,Bandage,3,0,0,0,0,25,57
3,75,ground,River Fish,3,0,0,0,0,79,51
3,75,ground,Rope Hook,1,0,24,0,0,99,60
3,75,ground,Herb Bag,1,0,4,0,0,70,54
3,75,ground,Water flask,2,0,0,0,0,90,58
3,75,ground,Hatchet,1,35,0,0,0,60,13
3,75,ground,Throwing Net,2,0,0,0,0,61,13
3,75,ground,Torch,1,90,0,0,0,55,35
3,75,ground,Hatchet,1,35,0,0,0,38,79
3,75,ground,Raw Meat,1,0,0,0,0,38,75
3,75,ground,Hatchet,1,35,0,0,0,62,8
3,75,ground,Bird Seed,1,0,0,0,0,60,59
3,75,ground,Fungal Bread,1,0,0,0,0,53,60
3,75,ground,Bomb,2,0,0,0,0,52,108
3,75,ground,Ammo,1,0,0,0,0,58,96
3,75,ground,Ammo,1,0,0,0,0,38,80
3,75,ground,Egg,3,0,0,0,0,104,80
3,75,ground,Bandage,2,0,0,0,0,103,81
3,75,ground,Bandage,2,0,0,0,0,35,20
3,75,ground,Ammo,1,0,0,0,0,9,10
3,75,ground,Lighter,1,0,20,0,0,31,14
3,75,wall,Medkit,1,0,0,0,0,40,22
3,76,ground,Stick,1,18,0,0,0,79,58
3,76,ground,River Fish,5,0,0,0,0,55,98
3,76,ground,Blunderbuss,1,0,0,2,14,57,80
3,76,ground,Mushroom spores,2,0,0,0,0,57,94
3,76,ground,Rake,1,400,0,0,0,50,92
3,76,ground,River Fish,5,0,0,0,0,31,33
3,76,ground,Fishing Line,1,0,20,0,0,29,30
3,76,ground,River Fish,4,0,0,0,0,11,34
3,76,ground,Fishing Line,1,0,20,0,0,8,32
3,76,ground,Blunderbuss,1,0,0,2,14,76,82
3,76,ground,Flint Knife,1,60,0,0,0,57,56
3,76,ground,Thorn Caltrops,1,0,0,0,0,49,56
3,76,ground,Bird Seed,1,0,0,0,0,42,54
3,76,ground,Herb Bag,1,0,4,0,0,41,54
3,76,ground,Herb Bag,1,0,4,0,0,33,87
3,76,ground,Bandage,2,0,0,0,0,75,97
3,76,ground,Ammo,1,0,0,0,0,52,41
3,76,ground,Ammo,1,0,0,0,0,11,16
3,76,ground,Rope Hook,1,0,24,0,0,6,77
3,76,ground,Cooked Meat,2,0,0,0,0,45,60
3,77,ground,Stick,1,18,0,0,0,35,79
3,77,carried,Buckler,1,30,0,0,0,45,13
3,77,carried,Buckler,1,30,0,0,0,43,17
3,77,carried,Buckler,1,30,0,0,0,41,16
3,77,carried,Buckler,1,30,0,0,0,45,18
3,77,ground,Sleep Meds,3,0,0,0,0,36,26
3,77,ground,Stick,1,18,0,0,0,81,88
3,77,ground,Shield Lantern,1,24,0,0,0,61,86
3,77,ground,Crossbow,1,0,0,1,16,35,125
3,77,ground,Rope Hook,1,0,24,0,0,36,125
3,77,ground,Torch,1,90,0,0,0,57,123
3,77,ground,River Fish,4,0,0,0,0,33,100
3,77,ground,Fishing Line,1,0,20,0,0,30,98
3,77,ground,Hatchet,1,35,0,0,0,28,50
3,77,carried,Buckler,1,30,0,0,0,9,122
3,77,ground,Wooden Maul,1,24,0,0,0,10,127
3,77,ground,Sap jar,1,0,0,0,0,36,49
3,77,ground,Rake,1,400,0,0,0,78,34
3,77,ground,Herb Bag,1,0,4,0,0,80,37
3,77,ground,Medkit,1,0,0,0,0,14,128
3,77,ground,Crossbow,1,0,0,1,16,72,9
3,77,ground,Ammo,1,0,0,0,0,78,8
3,77,ground,Bandage,2,0,0,0,0,11,120
3,77,ground,Ammo,1,0,0,0,0,9,129
3,77,ground,Seed Bag,1,0,6,0,0,85,52
3,77,wall,Pickaxe,1,32,0,0,0,39,91
3,77,wall,Sap jar,2,0,0,0,0,22,122
3,77,wall,Sleep Meds,3,0,0,0,0,84,122
3,78,ground,Stick,1,18,0,0,0,77,81
3,78,ground,River Fish,3,0,0,0,0,9,77
3,78,ground,Fishing Line,1,0,20,0,0,9,73
3,78,ground,Digging Claws,1,200,0,0,0,41,53
3,78,ground,Raw Meat,1,0,0,0,0,39,60
3,78,ground,Pickaxe,1,32,0,0,0,38,93
3,78,ground,Ammo,1,0,0,0,0,52,54
3,78,ground,Bitter Root,1,0,0,0,0,57,75
3,78,ground,Rake,1,400,0,0,0,53,97
3,78,ground,Bandage,2,0,0,0,0,52,95
3,78,ground,Ammo,1,0,0,0,0,57,31
3,78,ground,Ammo,1,0,0,0,0,55,10
3,78,ground,Ammo,1,0,0,0,0,38,95
3,78,ground,Medkit,1,0,0,0,0,9,55
3,78,ground,Fungal Bread,1,0,0,0,0,13,99
3,78,ground,Hunting Horn,1,0,8,0,0,5,30
3,78,wall,Herb Bag,1,0,4,0,0,64,72
3,79,ground,Stick,1,18,0,0,0,77,35
3,79,ground,Hatchet,1,35,0,0,0,33,103
3,79,ground,Rope Hook,1,0,24,0,0,34,103
3,79,ground,Torch,1,90,0,0,0,56,99
3,79,ground,Torch,1,90,0,0,0,78,80
3,79,carried,Buckler,1,30,0,0,0,14,25
3,79,ground,Seed Bag,1,0,6,0,0,55,34
3,79,ground,Chili,1,0,0,0,0,57,28
3,79,ground,Ammo,1,0,0,0,0,56,60
3,79,ground,Bird Seed,1,0,0,0,0,33,60
3,79,ground,Bandage,2,0,0,0,0,32,63
3,79,ground,Blink Seed,2,0,0,0,0,73,51
3,79,ground,Ammo,1,0,0,0,0,78,57
3,79,ground,Fungal Bread,1,0,0,0,0,18,57
3,79,ground,Medkit,1,0,0,0,0,16,26
3,79,ground,Ammo,1,0,0,0,0,31,11
3,79,ground,Ammo,1,0,0,0,0,9,33
3,79,ground,Resin Glue,1,0,0,0,0,86,97
3,79,ground,Water flask,2,0,0,0,0,15,90
3,79,wall,Fried Egg,2,0,0,0,0,38,44
3,80,ground,Stick,1,18,0,0,0,78,37
3,80,ground,River Fish,6,0,0,0,0,126,57
3,80,ground,Flint Knife,1,60,0,0,0,106,37
3,80,ground,Digging Claws,1,200,0,0,0,101,54
3,80,ground,Oil flask,1,0,0,0,0,99,38
3,80,ground,Rake,1,400,0,0,0,104,62
3,80,ground,Bandage,2,0,0,0,0,107,65
3,80,ground,Ammo,1,0,0,0,0,62,32
3,80,ground,Herb Bag,1,0,4,0,0,29,41
3,80,ground,Bandage,2,0,0,0,0,11,42
3,80,ground,Ammo,1,0,0,0,0,140,52
3,80,ground,Ammo,1,0,0,0,0,143,28
3,80,ground,River Fish,3,0,0,0,0,117,41
3,80,ground,River Fish,3,0,0,0,0,103,31
3,80,ground,River Fish,3,0,0,0,0,86,24
3,80,ground,River Fish,4,0,0,0,0,54,12
3,80,ground,Flint Knife,1,60,0,0,0,68,28
3,80,wall,Bomb,2,0,0,0,0,91,63
3,81,ground,Stick,1,18,0,0,0,11,80
3,81,ground,Thunder Acorn,2,0,0,0,0,30,90
3,81,ground,Medkit,1,0,0,0,0,48,89
3,81,ground,Bear Trap,2,0,0,0,0,49,37
3,81,ground,Stick,1,18,0,0,0,31,15
3,81,ground,River Fish,6,0,0,0,0,10,37
3,81,ground,Fishing Line,1,0,20,0,0,10,40
3,81,ground,Mushroom spores,2,0,0,0,0,27,50
3,81,ground,Water flask,2,0,0,0,0,19,55
3,81,ground,Medkit,1,0,0,0,0,75,55
3,81,ground,Hunting Horn,1,0,8,0,0,52,124
3,81,ground,Ammo,1,0,0,0,0,61,116
3,81,ground,Mushroom spores,2,0,0,0,0,11,27
3,81,ground,Bandage,2,0,0,0,0,72,52
3,81,ground,Bandage,2,0,0,0,0,80,57
3,81,ground,Ammo,1,0,0,0,0,80,55
3,81,ground,Wooden Maul,1,24,0,0,0,19,28
3,81,ground,Torch,1,90,0,0,0,12,54
3,81,wall,Water flask,2,0,0,0,0,14,43
3,81,wall,Hatchet,1,35,0,0,0,9,60
3,82,ground,Stick,1,18,0,0,0,55,79
3,82,carried,Buckler,1,30,0,0,0,75,34
3,82,carried,Buckler,1,30,0,0,0,68,33
3,82,carried,Buckler,1,30,0,0,0,77,47
3,82,carried,Buckler,1,30,0,0,0,79,47
3,82,carried,Buckler,1,30,0,0,0,73,46
3,82,ground,Throwing Rock,3,0,0,0,0,58,38
3,82,ground,Flint Knife,1,60,0,0,0,29,121
3,82,ground,Throwing Net,2,0,0,0,0,30,121
3,82,ground,Torch,1,90,0,0,0,34,77
3,82,ground,Torch,1,90,0,0,0,33,36
3,82,ground,Egg,3,0,0,0,0,36,29
3,82,ground,Rake,1,400,0,0,0,38,58
3,82,ground,Smoke pot,2,0,0,0,0,24,101
3,82,ground,Mushroom spores,2,0,0,0,0,53,106
3,82,ground,Herb Bag,1,0,4,0,0,56,110
3,82,ground,Ammo,1,0,0,0,0,9,26
3,82,ground,Water flask,2,0,0,0,0,73,95
3,82,ground,Medkit,1,0,0,0,0,18,13
3,82,ground,Thorn Caltrops,2,0,0,0,0,74,75
3,82,ground,Ammo,1,0,0,0,0,74,79
3,82,ground,Bandage,2,0,0,0,0,9,9
3,82,ground,Ammo,1,0,0,0,0,14,17
3,82,ground,River Fish,4,0,0,0,0,22,77
3,82,ground,River Fish,2,0,0,0,0,34,70
3,82,ground,River Fish,2,0,0,0,0,46,77
3,82,ground,Pickaxe,1,32,0,0,0,16,42
3,82,wall,Blunderbuss,1,0,0,2,14,3,30
3,82,wall,Sleep Meds,3,0,0,0,0,22,86
3,83,ground,Stick,1,18,0,0,0,79,79
3,83,ground,Stick,1,18,0,0,0,59,79
3,83,ground,Rope Hook,1,0,24,0,0,60,79
3,83,ground,Torch,1,90,0,0,0,55,57
3,83,ground,Seed Bag,1,0,6,0,0,95,7
3,83,ground,Lighter,1,0,20,0,0,77,62
3,83,ground,Ammo,1,0,0,0,0,73,56
3,83,ground,Bird Seed,1,0,0,0,0,82,31
3,83,ground,Herb Bag,1,0,4,0,0,74,37
3,83,ground,Bomb,2,0,0,0,0,59,6
3,83,ground,Ammo,1,0,0,0,0,54,21
3,83,ground,Medkit,1,0,0,0,0,122,8
3,83,ground,Bandage,2,0,0,0,0,129,14
3,83,ground,Ammo,1,0,0,0,0,115,13
3,83,ground,Sleep Meds,3,0,0,0,0,36,94
3,83,ground,Rope Snare,2,0,0,0,0,67,20
3,83,ground,Bandage,3,0,0,0,0,76,17
3,83,wall,Bandage,3,0,0,0,0,85,50
3,84,ground,Stick,1,18,0,0,0,56,35
3,84,ground,River Fish,6,0,0,0,0,81,15
3,84,ground,River Fish,4,0,0,0,0,102,33
3,84,ground,Bow,1,0,0,20,0,76,42
3,84,ground,Bird Seed,1,0,0,0,0,48,53
3,84,ground,Herb Bag,1,0,4,0,0,66,55
3,84,ground,Ammo,1,0,0,0,0,55,18
3,84,ground,Mushroom spores,2,0,0,0,0,77,9
3,84,ground,Ammo,1,0,0,0,0,73,37
3,84,ground,Throwing Net,2,0,0,0,0,105,13
3,84,ground,Ammo,1,0,0,0,0,104,12
3,84,ground,Herb Bag,1,0,4,0,0,99,59
3,84,ground,Medkit,1,0,0,0,0,13,72
3,84,ground,Ammo,1,0,0,0,0,9,79
3,84,stored,Shield Lantern,1,24,0,0,0,34,74
3,84,stored,Honey pot,1,0,0,0,0,70,35
3,84,stored,Cooked Meat,2,0,0,0,0,83,51
3,84,stored,Rake,1,400,0,0,0,74,51
3,84,ground,Bear Trap,2,0,0,0,0,39,53
3,84,ground,Mushroom spores,2,0,0,0,0,37,75
3,84,wall,Torch,1,90,0,0,0,38,85
3,85,ground,Stick,1,18,0,0,0,78,37
3,85,ground,Pickaxe,1,32,0,0,0,104,104
3,85,ground,Stick,1,18,0,0,0,60,13
3,85,ground,Rope Hook,1,0,24,0,0,61,13
3,85,ground,Torch,1,90,0,0,0,56,34
3,85,carried,Buckler,1,30,0,0,0,75,77
3,85,carried,Buckler,1,30,0,0,0,80,55
3,85,ground,Straw Decoy,1,0,0,0,0,80,56
3,85,ground,Seed Bag,1,0,6,0,0,76,58
3,85,ground,Boomerang,1,0,0,0,0,56,51
3,85,ground,Ammo,1,0,0,0,0,58,51
3,85,ground,Mushroom spores,2,0,0,0,0,100,57
3,85,ground,Bandage,2,0,0,0,0,101,49
3,85,ground,Ammo,1,0,0,0,0,37,28
3,85,ground,Medkit,1,0,0,0,0,77,77
3,85,ground,Fungal Bread,1,0,0,0,0,12,24
3,85,ground,Ammo,1,0,0,0,0,79,80
3,85,ground,Thunder Acorn,2,0,0,0,0,97,19
3,85,ground,Herb Bag,1,0,4,0,0,36,37
3,85,ground,Rake,1,400,0,0,0,100,8
3,85,wall,Stick,1,18,0,0,0,103,44
3,86,ground,Stick,1,18,0,0,0,35,15
3,86,ground,Smoke pot,2,0,0,0,0,43,32
3,86,ground,Lighter,1,0,20,0,0,10,34
3,86,ground,Ammo,1,0,0,0,0,10,36
3,86,ground,Bird Seed,1,0,0,0,0,39,62
3,86,ground,Bandage,2,0,0,0,0,30,54
3,86,ground,Ammo,1,0,0,0,0,52,28
3,86,ground,Ammo,1,0,0,0,0,30,74
3,86,ground,Fungal Bread,1,0,0,0,0,12,61
3,86,ground,Bandage,2,0,0,0,0,78,8
3,86,ground,Ammo,1,0,0,0,0,56,70
3,86,stored,Rotten Fruit,3,0,0,0,0,31,53
3,86,stored,Bitter Root,1,0,0,0,0,56,61
3,86,stored,Torch,1,90,0,0,0,59,55
3,86,stored,Lighter,1,0,20,0,0,30,76
3,86,ground,Medkit,1,0,0,0,0,53,83
3,86,ground,Throwing Rock,3,0,0,0,0,59,36
3,86,ground,Rope Hook,1,0,24,0,0,50,7
3,86,wall,Reflecting Pan,1,24,0,0,0,50,21
3,86,wall,Sap jar,2,0,0,0,0,62,54
3,87,ground,Stick,1,18,0,0,0,35,57
3,87,ground,Reflecting Pan,1,24,0,0,0,63,29
3,87,ground,Bomb,2,0,0,0,0,68,33
3,87,ground,Hunting Spear,1,45,0,0,0,40,97
3,87,ground,Bandage,3,0,0,0,0,14,89
3,87,ground,Hatchet,1,35,0,0,0,31,86
3,87,ground,Bow,1,0,0,20,0,51,102
3,87,ground,Rake,1,400,0,0,0,58,80
3,87,carried,Buckler,1,30,0,0,0,102,33
3,87,ground,Flint Knife,1,60,0,0,0,57,92
3,87,ground,Medkit,1,0,0,0,0,6,58
3,87,ground,Pitch Bomb,2,0,0,0,0,37,37
3,87,ground,Ammo,1,0,0,0,0,36,31
3,87,ground,Bitter Root,1,0,0,0,0,96,40
3,87,ground,Rake,1,400,0,0,0,61,116
3,87,ground,Herb Bag,1,0,4,0,0,58,116
3,87,ground,Bandage,2,0,0,0,0,16,56
3,87,ground,Ammo,1,0,0,0,0,9,50
3,87,ground,Mushroom spores,2,0,0,0,0,99,34
3,87,ground,Reflecting Pan,1,24,0,0,0,62,51
3,88,ground,Stick,1,18,0,0,0,79,59
3,88,ground,Stick,1,18,0,0,0,53,121
3,88,ground,Throwing Net,2,0,0,0,0,54,121
3,88,ground,Torch,1,90,0,0,0,55,100
3,88,ground,River Fish,6,0,0,0,0,48,61
3,88,ground,Fishing Line,1,0,20,0,0,46,64
3,88,carried,Buckler,1,30,0,0,0,31,7
3,88,ground,Buckler,1,30,0,0,0,33,30
3,88,ground,Water flask,2,0,0,0,0,57,50
3,88,ground,Seed Bag,1,0,6,0,0,74,84
3,88,ground,Fungal Bread,1,0,0,0,0,33,29
3,88,ground,Fungal Bread,1,0,0,0,0,61,10
3,88,ground,Medkit,1,0,0,0,0,36,15
3,88,ground,Ammo,1,0,0,0,0,74,99
3,88,ground,Ammo,1,0,0,0,0,8,32
3,88,ground,Ammo,1,0,0,0,0,72,123
3,88,ground,Ammo,1,0,0,0,0,35,7
3,88,ground,River Fish,5,0,0,0,0,49,66
3,88,ground,River Fish,3,0,0,0,0,19,94
3,88,ground,River Fish,3,0,0,0,0,10,104
3,88,ground,Wooden Maul,1,24,0,0,0,50,73
3,88,ground,Bandage,3,0,0,0,0,52,37
3,88,ground,Hunting Horn,1,0,8,0,0,70,74
3,88,ground,Bandage,3,0,0,0,0,28,90
3,89,ground,Stick,1,18,0,0,0,78,57
3,89,ground,Seed Bag,1,0,6,0,0,11,13
3,89,ground,Thorn Caltrops,2,0,0,0,0,5,10
3,89,ground,Bow,1,0,0,20,0,18,6
3,89,ground,Hatchet,1,35,0,0,0,28,61
3,89,ground,Torch,1,90,0,0,0,27,61
3,89,ground,Hunting Spear,1,45,0,0,0,28,31
3,89,ground,Root Drill,1,0,3,0,0,28,30
3,89,carried,Buckler,1,30,0,0,0,38,40
3,89,ground,Firecracker,2,0,0,0,0,40,40
3,89,ground,Fungal Bread,2,0,0,0,0,39,37
3,89,ground,Fungal Bread,2,0,0,0,0,34,55
3,89,ground,Honey pot,1,0,0,0,0,13,72
3,89,ground,Wooden Maul,1,24,0,0,0,37,85
3,89,ground,Chili,1,0,0,0,0,60,57
3,89,ground,Ammo,1,0,0,0,0,9,70
3,89,ground,Pickaxe,1,32,0,0,0,10,61
3,89,ground,Ammo,1,0,0,0,0,17,53
3,89,ground,Splint,1,0,2,0,0,61,100
3,89,ground,Ammo,1,0,0,0,0,55,104
3,89,ground,Medkit,1,0,0,0,0,28,7
3,89,ground,Bandage,2,0,0,0,0,39,14
3,89,ground,Bandage,2,0,0,0,0,32,11
3,89,ground,Ammo,1,0,0,0,0,40,10
3,89,ground,Hatchet,1,35,0,0,0,9,44
3,89,ground,Spring Trap,2,0,0,0,0,50,77
3,89,ground,Bow,1,0,0,20,0,10,80
3,89,wall,Bandage,3,0,0,0,0,47,36
3,89,wall,Pickaxe,1,32,0,0,0,31,86
3,90,ground,Stick,1,18,0,0,0,77,59
3,90,ground,Hatchet,1,35,0,0,0,8,78
3,90,ground,Rope Hook,1,0,24,0,0,9,78
3,90,ground,Torch,1,90,0,0,0,11,56
3,90,ground,Raw Meat,1,0,0,0,0,28,11
3,90,carried,Buckler,1,30,0,0,0,34,106
3,90,ground,Torch,1,90,0,0,0,30,85
3,90,ground,Thorn Caltrops,1,0,0,0,0,61,62
3,90,ground,Ammo,1,0,0,0,0,37,75
3,90,ground,Medkit,1,0,0,0,0,36,98
3,90,ground,Buckler,1,30,0,0,0,83,77
3,90,ground,Ammo,1,0,0,0,0,77,78
3,90,ground,Rake,1,400,0,0,0,57,28
3,90,ground,Herb Bag,1,0,4,0,0,49,40
3,90,ground,Bandage,2,0,0,0,0,9,99
3,90,ground,Ammo,1,0,0,0,0,59,82
3,90,ground,Ammo,1,0,0,0,0,14,32
3,90,ground,River Fish,4,0,0,0,0,67,56
3,90,ground,River Fish,3,0,0,0,0,73,67
3,90,wall,Mushroom spores,2,0,0,0,0,31,74
3,91,ground,Stick,1,18,0,0,0,12,80
3,91,carried,Buckler,1,30,0,0,0,72,82
3,91,carried,Buckler,1,30,0,0,0,70,79
3,91,ground,Throwing Net,2,0,0,0,0,67,87
3,91,ground,Bitter Root,1,0,0,0,0,60,95
3,91,ground,River Fish,5,0,0,0,0,34,17
3,91,ground,Crossbow,1,0,0,1,16,7,7
3,91,ground,Bow,1,0,0,20,0,58,57
3,91,ground,Lighter,1,0,20,0,0,33,59
3,91,ground,Wooden Maul,1,24,0,0,0,84,50
3,91,ground,Honey pot,1,0,0,0,0,80,49
3,91,carried,Buckler,1,30,0,0,0,12,54
3,91,ground,Blunderbuss,1,0,0,2,14,10,55
3,91,ground,Mushroom spores,2,0,0,0,0,35,74
3,91,ground,Bird Seed,1,0,0,0,0,79,54
3,91,ground,Fungal Bread,1,0,0,0,0,79,59
3,91,ground,Thunder Acorn,2,0,0,0,0,59,29
3,91,ground,Ammo,1,0,0,0,0,53,35
3,91,ground,Fungal Bread,1,0,0,0,0,7,33
3,91,ground,Medkit,1,0,0,0,0,11,59
3,91,ground,Ammo,1,0,0,0,0,12,61
3,91,ground,River Fish,4,0,0,0,0,64,113
3,91,ground,River Fish,5,0,0,0,0,47,91
3,91,wall,Water flask,2,0,0,0,0,44,95
3,92,ground,Stick,1,18,0,0,0,79,15
3,92,ground,River Fish,3,0,0,0,0,146,31
3,92,ground,Flint Knife,1,60,0,0,0,140,57
3,92,ground,Bow,1,0,0,20,0,11,61
3,92,ground,Rope Hook,1,0,24,0,0,12,61
3,92,ground,Torch,1,90,0,0,0,57,55
3,92,ground,Digging Claws,1,200,0,0,0,97,37
3,92,ground,Boomerang,1,0,0,0,0,75,31
3,92,ground,Thunder Acorn,2,0,0,0,0,105,41
3,92,ground,River Fish,4,0,0,0,0,61,9
3,92,ground,Stick,1,18,0,0,0,105,16
3,92,ground,Pickaxe,1,32,0,0,0,122,20
3,92,ground,Sap jar,1,0,0,0,0,104,16
3,92,ground,Lighter,1,0,20,0,0,59,31
3,92,ground,Ammo,1,0,0,0,0,60,33
3,92,ground,Fungal Bread,1,0,0,0,0,130,16
3,92,ground,Medkit,1,0,0,0,0,33,31
3,92,ground,Bandage,2,0,0,0,0,41,35
3,92,ground,Ammo,1,0,0,0,0,36,29
3,92,stored,Torch,1,90,0,0,0,52,34
3,92,wall,Water flask,2,0,0,0,0,53,7
3,92,wall,Mushroom spores,2,0,0,0,0,89,23
3,93,ground,Stick,1,18,0,0,0,78,13
3,93,ground,Crossbow,1,0,0,1,16,61,84
3,93,ground,Torch,1,90,0,0,0,59,51
3,93,ground,Fungal Bread,1,0,0,0,0,51,60
3,93,carried,Buckler,1,30,0,0,0,35,15
3,93,ground,Spring Trap,2,0,0,0,0,35,32
3,93,ground,Bird Seed,1,0,0,0,0,77,29
3,93,ground,Fungal Bread,1,0,0,0,0,73,34
3,93,ground,Bomb,2,0,0,0,0,62,15
3,93,ground,Herb Bag,1,0,4,0,0,57,18
3,93,ground,Ammo,1,0,0,0,0,72,81
3,93,ground,Herb Bag,1,0,4,0,0,31,36
3,93,ground,Ammo,1,0,0,0,0,96,57
3,93,stored,Cooked Meat,2,0,0,0,0,30,13
3,93,ground,Resin Glue,1,0,0,0,0,84,39
3,93,ground,Fried Egg,2,0,0,0,0,58,31
3,93,wall,Seed Bag,1,0,6,0,0,31,27
3,94,ground,Stick,1,18,0,0,0,79,36
3,94,ground,Crossbow,1,0,0,1,16,122,10
3,94,ground,Blink Seed,2,0,0,0,0,105,18
3,94,ground,Torch,1,90,0,0,0,129,19
3,94,ground,River Fish,6,0,0,0,0,8,56
3,94,ground,Honey pot,1,0,0,0,0,95,57
3,94,carried,Buckler,1,30,0,0,0,127,30
3,94,carried,Buckler,1,30,0,0,0,144,14
3,94,ground,Sap jar,2,0,0,0,0,104,48
3,94,ground,Rake,1,400,0,0,0,72,14
3,94,ground,Fungal Bread,1,0,0,0,0,81,14
3,94,ground,Firecracker,3,0,0,0,0,49,42
3,94,ground,Fungal Bread,1,0,0,0,0,56,31
3,94,ground,Medkit,1,0,0,0,0,144,33
3,94,ground,Bow,1,0,0,20,0,40,31
3,94,ground,Ammo,1,0,0,0,0,33,36
3,94,ground,Ammo,1,0,0,0,0,123,61
3,94,ground,Ammo,1,0,0,0,0,145,32
3,94,ground,River Fish,5,0,0,0,0,109,33
3,94,ground,Bow,1,0,0,20,0,60,28
3,94,ground,Sap jar,2,0,0,0,0,126,57
3,94,ground,Root Drill,1,0,3,0,0,151,12
3,94,wall,Seed Bag,1,0,6,0,0,111,51
3,95,ground,Stick,1,18,0,0,0,78,79
3,95,ground,Torch,1,90,0,0,0,31,64
3,95,ground,Mushroom spores,2,0,0,0,0,20,75
3,95,ground,Resin Glue,1,0,0,0,0,14,72
3,95,ground,Bow,1,0,0,20,0,31,12
3,95,ground,Throwing Net,2,0,0,0,0,32,12
3,95,ground,Torch,1,90,0,0,0,34,33
3,95,ground,Hatchet,1,35,0,0,0,37,95
3,95,ground,Torch,1,90,0,0,0,37,94
3,95,ground,Flint Knife,1,60,0,0,0,9,95
3,95,ground,Root Drill,1,0,3,0,0,8,95
3,95,carried,Buckler,1,30,0,0,0,30,98
3,95,carried,Buckler,1,30,0,0,0,31,101
3,95,ground,Fungal Bread,2,0,0,0,0,22,100
3,95,ground,Sap jar,2,0,0,0,0,38,33
3,95,ground,Lighter,1,0,20,0,0,51,79
3,95,ground,Ammo,1,0,0,0,0,51,73
3,95,ground,Sleep Meds,3,0,0,0,0,8,32
3,95,ground,Fungal Bread,1,0,0,0,0,15,40
3,95,ground,Bandage,2,0,0,0,0,87,104
3,95,ground,Medkit,1,0,0,0,0,61,55
3,95,ground,Ammo,1,0,0,0,0,50,56
3,95,stored,Oil flask,2,0,0,0,0,53,79
3,95,stored,Resin Glue,1,0,0,0,0,58,81
3,95,stored,Bandage,3,0,0,0,0,31,45
3,95,stored,Hatchet,1,35,0,0,0,43,30
3,95,stored,Hatchet,1,35,0,0,0,38,23
3,95,ground,Lighter,1,0,20,0,0,13,35
3,95,ground,Fungal Bread,1,0,0,0,0,20,22
3,96,ground,Stick,1,18,0,0,0,57,35
3,96,ground,Hatchet,1,35,0,0,0,17,51
3,96,ground,River Fish,5,0,0,0,0,83,37
3,96,ground,River Fish,5,0,0,0,0,101,11
3,96,ground,Throwing Rock,3,0,0,0,0,115,38
3,96,ground,Torch,1,90,0,0,0,53,51
3,96,ground,Water flask,2,0,0,0,0,33,78
3,96,ground,Fungal Bread,1,0,0,0,0,74,64
3,96,ground,Medkit,1,0,0,0,0,7,102
3,96,ground,Root Drill,1,0,3,0,0,105,56
3,96,ground,Ammo,1,0,0,0,0,99,55
3,96,ground,Bandage,2,0,0,0,0,17,77
3,96,ground,Ammo,1,0,0,0,0,123,37
3,96,ground,Ammo,1,0,0,0,0,6,102
3,96,ground,River Fish,4,0,0,0,0,112,31
3,96,ground,River Fish,4,0,0,0,0,109,17
3,96,ground,Throwing Net,2,0,0,0,0,84,51
3,96,wall,Throwing Rock,3,0,0,0,0,47,56
3,97,ground,Stick,1,18,0,0,0,57,13
3,97,ground,Bow,1,0,0,20,0,46,29
3,97,ground,Lighter,1,0,20,0,0,54,37
3,97,ground,Hatchet,1,35,0,0,0,48,35
3,97,ground,Hatchet,1,35,0,0,0,95,9
3,97,ground,Torch,1,90,0,0,0,94,9
3,97,ground,Pickaxe,1,32,0,0,0,95,39
3,97,ground,Root Drill,1,0,3,0,0,95,40
3,97,carried,Buckler,1,30,0,0,0,92,38
3,97,carried,Buckler,1,30,0,0,0,104,39
3,97,ground,Fungal Bread,2,0,0,0,0,97,23
3,97,ground,Fungal Bread,2,0,0,0,0,90,36
3,97,ground,Hunting Spear,1,45,0,0,0,83,33
3,97,carried,Buckler,1,30,0,0,0,123,37
3,97,carried,Buckler,1,30,0,0,0,55,78
3,97,ground,Flint Knife,1,60,0,0,0,66,74
3,97,ground,Mushroom spores,2,0,0,0,0,74,17
3,97,ground,Bitter Root,1,0,0,0,0,78,35
3,97,ground,Medkit,1,0,0,0,0,116,31
3,97,ground,Ammo,1,0,0,0,0,122,14
3,97,ground,Bandage,2,0,0,0,0,119,29
3,97,ground,Bandage,2,0,0,0,0,121,28
3,97,ground,Ammo,1,0,0,0,0,123,31
3,97,stored,Mushroom spores,2,0,0,0,0,79,30
3,97,stored,Bandaid,5,0,0,0,0,76,36
3,97,stored,Blink Seed,2,0,0,0,0,124,8
3,97,wall,Hatchet,1,35,0,0,0,69,14
3,98,ground,Stick,1,18,0,0,0,33,80
3,98,ground,Acorn Mine,2,0,0,0,0,56,33
3,98,ground,Torch,1,90,0,0,0,17,37
3,98,ground,Raw Meat,1,0,0,0,0,13,32
3,98,carried,Buckler,1,30,0,0,0,40,53
3,98,carried,Buckler,1,30,0,0,0,57,81
3,98,ground,Pitch Bomb,2,0,0,0,0,40,108
3,98,ground,Bird Seed,1,0,0,0,0,34,102
3,98,ground,Fungal Bread,1,0,0,0,0,33,95
3,98,ground,Rake,1,400,0,0,0,31,55
3,98,ground,Bandage,2,0,0,0,0,29,53
3,98,ground,Herb Bag,1,0,4,0,0,60,100
3,98,ground,Ammo,1,0,0,0,0,71,83
3,98,ground,Thorn Caltrops,2,0,0,0,0,35,126
3,98,ground,Bow,1,0,0,20,0,28,129
3,98,ground,Lighter,1,0,20,0,0,24,115
3,98,wall,Stick,1,18,0,0,0,51,71
3,99,ground,Stick,1,18,0,0,0,55,79
3,99,carried,Buckler,1,30,0,0,0,17,20
3,99,carried,Buckler,1,30,0,0,0,11,21
3,99,carried,Buckler,1,30,0,0,0,12,19
3,99,carried,Buckler,1,30,0,0,0,14,23
3,99,ground,Crossbow,1,0,0,1,16,23,25
3,99,ground,Fried Egg,2,0,0,0,0,23,15
3,99,ground,Flint Knife,1,60,0,0,0,77,118
3,99,ground,Throwing Net,2,0,0,0,0,78,118
3,99,ground,Torch,1,90,0,0,0,57,122
3,99,ground,Buckler,1,30,0,0,0,30,77
3,99,ground,Resin Glue,1,0,0,0,0,34,103
3,99,ground,Flint Knife,1,60,0,0,0,28,72
3,99,ground,Torch,1,90,0,0,0,28,97
3,99,ground,Torch,1,90,0,0,0,59,102
3,99,ground,Rope Snare,2,0,0,0,0,29,52
3,99,ground,Fungal Bread,1,0,0,0,0,38,62
3,99,ground,Medkit,1,0,0,0,0,10,56
3,99,ground,Blink Seed,2,0,0,0,0,29,124
3,99,ground,Ammo,1,0,0,0,0,37,123
3,99,ground,Bandage,2,0,0,0,0,10,58
3,99,ground,Ammo,1,0,0,0,0,11,51
3,99,ground,River Fish,5,0,0,0,0,33,79
3,99,ground,River Fish,4,0,0,0,0,43,88
3,99,ground,River Fish,4,0,0,0,0,53,97
3,99,ground,River Fish,5,0,0,0,0,53,110
3,99,ground,River Fish,3,0,0,0,0,56,124
3,99,stored,Bow,1,0,0,20,0,49,121
3,99,stored,Straw Decoy,1,0,0,0,0,63,103
3,99,ground,Torch,1,90,0,0,0,36,56
3,99,ground,Pocket Door,1,0,2,0,0,68,109
3,99,wall,Throwing Rock,3,0,0,0,0,47,56
3,99,wall,Sticky Boots,1,0,4,0,0,57,87
3,100,ground,Stick,1,18,0,0,0,78,15
3,100,ground,River Fish,6,0,0,0,0,54,9
3,100,ground,Pickaxe,1,32,0,0,0,64,26
3,100,ground,Pitch Bomb,2,0,0,0,0,51,13
3,100,ground,Water flask,2,0,0,0,0,64,31
3,100,ground,Hatchet,1,35,0,0,0,117,7
3,100,ground,Torch,1,90,0,0,0,117,6
3,100,ground,Bow,1,0,0,20,0,117,37
3,100,ground,Root Drill,1,0,3,0,0,117,38
3,100,carried,Buckler,1,30,0,0,0,131,35
3,100,carried,Buckler,1,30,0,0,0,128,28
3,100,ground,Fungal Bread,2,0,0,0,0,129,9
3,100,ground,Firecracker,2,0,0,0,0,120,12
3,100,ground,Firecracker,2,0,0,0,0,129,11
3,100,ground,River Fish,3,0,0,0,0,37,39
3,100,ground,Mushroom spores,2,0,0,0,0,119,56
3,100,ground,Resin Glue,1,0,0,0,0,91,7
3,100,ground,Ammo,1,0,0,0,0,104,11
3,100,ground,Medkit,1,0,0,0,0,81,34
3,100,ground,Sleep Meds,3,0,0,0,0,59,60
3,100,ground,Ammo,1,0,0,0,0,55,53
3,100,ground,Mushroom spores,2,0,0,0,0,29,11
3,100,ground,Ammo,1,0,0,0,0,115,52
3,100,ground,Bandage,2,0,0,0,0,72,37
3,100,ground,Bandage,2,0,0,0,0,71,37
3,100,ground,Ammo,1,0,0,0,0,75,32
3,100,ground,River Fish,4,0,0,0,0,19,27
3,100,ground,River Fish,3,0,0,0,0,10,21
3,100,ground,Torch,1,90,0,0,0,20,16
3,100,wall,Sap jar,2,0,0,0,0,115,45
3,101,ground,Stick,1,18,0,0,0,57,81
3,101,ground,River Fish,3,0,0,0,0,78,97
3,101,ground,Pickaxe,1,32,0,0,0,56,36
3,101,ground,Torch,1,90,0,0,0,39,35
3,101,ground,Rake,1,400,0,0,0,50,102
3,101,ground,Bandage,2,0,0,0,0,59,94
3,101,ground,Water flask,2,0,0,0,0,57,51
3,101,ground,Fungal Bread,1,0,0,0,0,85,120
3,101,ground,Bandage,2,0,0,0,0,77,143
3,101,ground,Ammo,1,0,0,0,0,10,34
3,101,ground,Ammo,1,0,0,0,0,52,35
3,101,ground,Ammo,1,0,0,0,0,117,118
3,101,ground,Ammo,1,0,0,0,0,59,145
3,101,ground,Hunting Spear,1,45,0,0,0,81,140
3,101,ground,Stick,1,18,0,0,0,55,60
3,101,ground,Rake,1,400,0,0,0,29,42
3,101,ground,Water flask,2,0,0,0,0,76,122
3,101,wall,Bow,1,0,0,20,0,46,60
3,102,ground,Stick,1,18,0,0,0,34,59
3,102,ground,Pickaxe,1,32,0,0,0,33,29
3,102,ground,Rope Hook,1,0,24,0,0,34,29
3,102,ground,Torch,1,90,0,0,0,55,33
3,102,ground,Hatchet,1,35,0,0,0,61,51
3,102,ground,Torch,1,90,0,0,0,61,50
3,102,ground,Bow,1,0,0,20,0,61,82
3,102,ground,Root Drill,1,0,3,0,0,61,83
3,102,ground,Firecracker,2,0,0,0,0,48,84
3,102,ground,Firecracker,2,0,0,0,0,56,53
3,102,ground,Fungal Bread,2,0,0,0,0,54,56
3,102,ground,River Fish,3,0,0,0,0,80,99
3,102,ground,River Fish,3,0,0,0,0,11,95
3,102,carried,Buckler,1,30,0,0,0,34,118
3,102,ground,Rope Hook,1,0,24,0,0,26,99
3,102,ground,Ammo,1,0,0,0,0,62,98
3,102,ground,Bird Seed,1,0,0,0,0,53,17
3,102,ground,Bandage,2,0,0,0,0,61,9
3,102,ground,Medkit,1,0,0,0,0,28,120
3,102,ground,Water flask,2,0,0,0,0,77,103
3,102,ground,Bandage,2,0,0,0,0,9,57
3,102,ground,Ammo,1,0,0,0,0,35,117
3,102,ground,River Fish,5,0,0,0,0,82,97
3,102,ground,River Fish,4,0,0,0,0,88,83
3,102,ground,River Fish,5,0,0,0,0,98,56
3,102,ground,River Fish,2,0,0,0,0,99,42
3,102,ground,Fried Egg,2,0,0,0,0,54,5
3,102,ground,Pitch Bomb,2,0,0,0,0,100,69
3,102,ground,Spring Trap,2,0,0,0,0,88,67
3,102,wall,Digging Claws,1,200,0,0,0,36,107
3,103,ground,Stick,1,18,0,0,0,55,81
3,103,ground,Reflecting Pan,1,24,0,0,0,95,86
3,103,ground,Stick,1,18,0,0,0,95,77
3,103,ground,Rope Snare,2,0,0,0,0,87,86
3,103,ground,Blink Seed,2,0,0,0,0,30,35
3,103,ground,Torch,1,90,0,0,0,74,34
3,103,ground,Throwing Net,2,0,0,0,0,75,34
3,103,ground,Torch,1,90,0,0,0,77,55
3,103,ground,River Fish,5,0,0,0,0,41,52
3,103,ground,Fishing Line,1,0,20,0,0,38,51
3,103,ground,Torch,1,90,0,0,0,59,31
3,103,carried,Buckler,1,30,0,0,0,80,11
3,103,ground,Bow,1,0,0,20,0,58,73
3,103,ground,Rake,1,400,0,0,0,51,63
3,103,ground,Herb Bag,1,0,4,0,0,51,59
3,103,ground,Oil flask,1,0,0,0,0,60,37
3,103,ground,Medkit,1,0,0,0,0,70,13
3,103,ground,Bandage,2,0,0,0,0,77,9
3,103,ground,Ammo,1,0,0,0,0,79,12
3,103,ground,River Fish,2,0,0,0,0,9,75
3,103,ground,Water flask,2,0,0,0,0,33,61
3,103,ground,Digging Claws,1,200,0,0,0,57,23
3,103,ground,Rake,1,400,0,0,0,63,10
3,103,wall,Smoke pot,2,0,0,0,0,94,63
3,104,ground,Stick,1,18,0,0,0,35,36
3,104,ground,River Fish,5,0,0,0,0,55,52
3,104,ground,Fishing Line,1,0,20,0,0,55,50
3,104,carried,Buckler,1,30,0,0,0,35,62
3,104,ground,Mushroom spores,2,0,0,0,0,56,43
3,104,ground,Lighter,1,0,20,0,0,26,52
3,104,ground,Water flask,2,0,0,0,0,37,76
3,104,ground,Bandage,2,0,0,0,0,32,94
3,104,ground,Ammo,1,0,0,0,0,56,95
3,104,ground,Medkit,1,0,0,0,0,16,94
3,104,ground,Ammo,1,0,0,0,0,57,27
3,104,ground,Fungal Bread,1,0,0,0,0,84,100
3,104,ground,Pitch Bomb,2,0,0,0,0,61,13
3,104,ground,Ammo,1,0,0,0,0,58,13
3,104,ground,Ammo,1,0,0,0,0,10,28
3,104,stored,Stick,1,18,0,0,0,50,36
3,104,stored,Fried Egg,2,0,0,0,0,55,38
3,104,stored,Buckler,1,30,0,0,0,37,103
3,104,stored,Raw Meat,2,0,0,0,0,30,53
3,104,ground,Bandage,3,0,0,0,0,28,59
3,104,ground,Thorn Caltrops,2,0,0,0,0,52,36
3,104,wall,Throwing Rock,3,0,0,0,0,11,5
3,105,ground,Stick,1,18,0,0,0,12,59
3,105,ground,River Fish,6,0,0,0,0,40,105
3,105,ground,Hatchet,1,35,0,0,0,59,94
3,105,ground,Pitch Bomb,2,0,0,0,0,50,97
3,105,ground,Straw Decoy,1,0,0,0,0,27,98
3,105,ground,Spring Trap,2,0,0,0,0,34,95
3,105,ground,Bow,1,0,0,20,0,38,35
3,105,ground,Rope Hook,1,0,24,0,0,39,35
3,105,ground,Torch,1,90,0,0,0,33,55
3,105,ground,River Fish,3,0,0,0,0,34,128
3,105,carried,Buckler,1,30,0,0,0,37,10
3,105,ground,Hatchet,1,35,0,0,0,57,56
3,105,ground,Rake,1,400,0,0,0,35,20
3,105,ground,Fungal Bread,1,0,0,0,0,32,8
3,105,ground,Sleep Meds,3,0,0,0,0,53,34
3,105,ground,Herb Bag,1,0,4,0,0,61,33
3,105,ground,Ammo,1,0,0,0,0,29,80
3,105,ground,Ammo,1,0,0,0,0,58,75
3,105,ground,Medkit,1,0,0,0,0,13,8
3,105,ground,Ammo,1,0,0,0,0,14,12
3,105,stored,Bird Seed,3,0,0,0,0,34,7
3,105,ground,Bow,1,0,0,20,0,40,121
3,105,ground,Seed Bag,1,0,6,0,0,36,87
3,105,ground,Bear Trap,2,0,0,0,0,73,76
3,105,ground,Hatchet,1,35,0,0,0,54,60
3,105,wall,Water flask,2,0,0,0,0,40,11
3,106,ground,Stick,1,18,0,0,0,55,79
3,106,ground,Flint Knife,1,60,0,0,0,35,96
3,106,ground,Throwing Net,2,0,0,0,0,36,96
3,106,ground,Torch,1,90,0,0,0,57,99
3,106,ground,River Fish,4,0,0,0,0,83,78
3,106,carried,Buckler,1,30,0,0,0,77,11
3,106,ground,Hunting Spear,1,45,0,0,0,76,19
3,106,ground,Mushroom spores,2,0,0,0,0,73,75
3,106,ground,Bird Seed,1,0,0,0,0,73,57
3,106,ground,Fungal Bread,1,0,0,0,0,72,52
3,106,ground,Herb Bag,1,0,4,0,0,61,125
3,106,ground,Bandage,2,0,0,0,0,58,65
3,106,ground,Ammo,1,0,0,0,0,42,33
3,106,ground,River Fish,4,0,0,0,0,95,73
3,106,ground,Pickaxe,1,32,0,0,0,105,66
3,106,ground,Digging Claws,1,200,0,0,0,86,110
3,106,ground,Reflecting Pan,1,24,0,0,0,84,33
3,107,ground,Stick,1,18,0,0,0,77,80
3,107,carried,Buckler,1,30,0,0,0,80,53
3,107,carried,Buckler,1,30,0,0,0,78,47
3,107,carried,Buckler,1,30,0,0,0,81,50
3,107,ground,Throwing Rock,3,0,0,0,0,91,41
3,107,ground,Resin Glue,1,0,0,0,0,98,52
3,107,ground,Medkit,1,0,0,0,0,84,56
3,107,ground,Bow,1,0,0,20,0,35,103
3,107,ground,Throwing Net,2,0,0,0,0,36,103
3,107,ground,Torch,1,90,0,0,0,55,99
3,107,carried,Buckler,1,30,0,0,0,17,98
3,107,ground,Throwing Rock,3,0,0,0,0,80,116
3,107,ground,Bird Seed,1,0,0,0,0,58,88
3,107,ground,Fungal Bread,1,0,0,0,0,58,79
3,107,ground,Water flask,2,0,0,0,0,78,10
3,107,ground,Ammo,1,0,0,0,0,74,14
3,107,ground,Medkit,1,0,0,0,0,97,13
3,107,ground,Fungal Bread,1,0,0,0,0,61,121
3,107,ground,Ammo,1,0,0,0,0,97,11
3,107,carried,Buckler,1,30,0,0,0,63,119
3,107,ground,Fried Egg,2,0,0,0,0,81,4
3,107,ground,Reflecting Pan,1,24,0,0,0,56,6
3,107,ground,Fungal Bread,1,0,0,0,0,56,119
3,107,ground,Acorn Mine,2,0,0,0,0,56,73
3,107,ground,Medkit,1,0,0,0,0,70,6
3,108,ground,Stick,1,18,0,0,0,33,80
3,108,carried,Buckler,1,30,0,0,0,24,141
3,108,carried,Buckler,1,30,0,0,0,25,142
3,108,carried,Buckler,1,30,0,0,0,27,140
3,108,carried,Buckler,1,30,0,0,0,25,140
3,108,carried,Buckler,1,30,0,0,0,35,139
3,108,carried,Buckler,1,30,0,0,0,34,141
3,108,ground,Pickaxe,1,32,0,0,0,28,142
3,108,ground,Rope Hook,1,0,24,0,0,13,130
3,108,ground,Pickaxe,1,32,0,0,0,75,40
3,108,ground,Thunder Acorn,2,0,0,0,0,56,26
3,108,ground,Hatchet,1,35,0,0,0,53,83
3,108,ground,Torch,1,90,0,0,0,53,84
3,108,ground,Flint Knife,1,60,0,0,0,53,51
3,108,ground,Root Drill,1,0,3,0,0,53,50
3,108,carried,Buckler,1,30,0,0,0,49,79
3,108,ground,Firecracker,2,0,0,0,0,53,62
3,108,ground,Fungal Bread,2,0,0,0,0,53,74
3,108,ground,Firecracker,2,0,0,0,0,50,66
3,108,ground,Hatchet,1,35,0,0,0,72,15
3,108,carried,Buckler,1,30,0,0,0,41,34
3,108,ground,Buckler,1,30,0,0,0,56,10
3,108,ground,Pickaxe,1,32,0,0,0,26,105
3,108,ground,Ammo,1,0,0,0,0,29,101
3,108,ground,Chili,1,0,0,0,0,35,57
3,108,ground,Medkit,1,0,0,0,0,53,11
3,108,ground,Herb Bag,1,0,4,0,0,33,42
3,108,ground,Bandage,2,0,0,0,0,60,5
3,108,ground,Ammo,1,0,0,0,0,55,11
3,108,ground,River Fish,3,0,0,0,0,92,89
3,108,ground,River Fish,4,0,0,0,0,103,94
3,108,ground,Boomerang,1,0,0,0,0,75,77
3,109,ground,Stick,1,18,0,0,0,35,81
3,109,ground,Acorn Mine,2,0,0,0,0,14,22
3,109,ground,Wooden Maul,1,24,0,0,0,16,148
3,109,ground,Fried Egg,2,0,0,0,0,29,144
3,109,carried,Buckler,1,30,0,0,0,106,147
3,109,ground,Hunting Spear,1,45,0,0,0,51,101
3,109,ground,Lantern Seed,1,0,0,0,0,32,109
3,109,ground,Rake,1,400,0,0,0,36,60
3,109,ground,Herb Bag,1,0,4,0,0,41,51
3,109,ground,Bandage,2,0,0,0,0,60,149
3,109,ground,Medkit,1,0,0,0,0,93,143
3,109,ground,Ammo,1,0,0,0,0,55,96
3,109,ground,Ammo,1,0,0,0,0,102,149
3,109,ground,River Fish,2,0,0,0,0,36,62
3,109,ground,Bomb,2,0,0,0,0,85,124
3,109,wall,Cooked Meat,2,0,0,0,0,42,61
3,109,wall,Pickaxe,1,32,0,0,0,78,153
3,110,ground,Stick,1,18,0,0,0,55,81
3,110,ground,Pitch Bomb,2,0,0,0,0,37,47
3,110,ground,Rope Hook,1,0,24,0,0,56,45
3,110,ground,Torch,1,90,0,0,0,82,117
3,110,ground,Crossbow,1,0,0,1,16,83,57
3,110,ground,Throwing Net,2,0,0,0,0,84,57
3,110,ground,Torch,1,90,0,0,0,79,77
3,110,ground,River Fish,6,0,0,0,0,14,54
3,110,ground,Seed Bag,1,0,6,0,0,55,54
3,110,ground,Water flask,2,0,0,0,0,7,61
3,110,ground,Rabbit Charm,1,0,0,0,0,36,126
3,110,ground,Ammo,1,0,0,0,0,40,120
3,110,ground,Medkit,1,0,0,0,0,16,32
3,110,ground,Bandage,2,0,0,0,0,13,30
3,110,ground,Bandage,2,0,0,0,0,12,29
3,110,ground,Hatchet,1,35,0,0,0,12,33
3,110,ground,Ammo,1,0,0,0,0,9,37
3,110,ground,Flint Knife,1,60,0,0,0,81,26
3,110,wall,Sleep Meds,3,0,0,0,0,69,35
3,110,wall,Throwing Rock,3,0,0,0,0,15,45
3,110,wall,Hunting Horn,1,0,8,0,0,9,52
3,111,ground,Stick,1,18,0,0,0,34,57
3,111,carried,Buckler,1,30,0,0,0,100,82
3,111,carried,Buckler,1,30,0,0,0,97,97
3,111,carried,Buckler,1,30,0,0,0,72,48
3,111,ground,Bomb,2,0,0,0,0,89,48
3,111,ground,Oil flask,1,0,0,0,0,57,56
3,111,ground,Buckler,1,30,0,0,0,57,72
3,111,ground,Herb Bag,1,0,4,0,0,50,72
3,111,ground,Herb Bag,1,0,4,0,0,70,48
3,111,ground,Herb Bag,1,0,4,0,0,78,78
3,111,ground,Ammo,1,0,0,0,0,32,83
3,111,ground,Blink Seed,2,0,0,0,0,4,72
3,111,ground,Ammo,1,0,0,0,0,21,88
3,111,ground,Ammo,1,0,0,0,0,106,98
3,111,ground,River Fish,5,0,0,0,0,83,46
3,111,ground,River Fish,5,0,0,0,0,92,37
3,111,ground,River Fish,3,0,0,0,0,99,26
3,111,carried,Buckler,1,30,0,0,0,48,59
3,111,stored,Hatchet,1,35,0,0,0,84,37
3,111,ground,Mushroom spores,2,0,0,0,0,46,79
3,111,wall,Sap jar,2,0,0,0,0,78,70
3,112,ground,Stick,1,18,0,0,0,34,59
3,112,ground,Flint Knife,1,60,0,0,0,30,27
3,112,ground,Resin Glue,1,0,0,0,0,34,13
3,112,ground,River Fish,5,0,0,0,0,9,84
3,112,ground,Throwing Rock,3,0,0,0,0,30,75
3,112,ground,Bow,1,0,0,20,0,9,13
3,112,ground,Throwing Net,2,0,0,0,0,10,13
3,112,ground,Torch,1,90,0,0,0,11,57
3,112,ground,Flint Knife,1,60,0,0,0,33,83
3,112,ground,Medkit,1,0,0,0,0,59,53
3,112,ground,Rabbit Charm,1,0,0,0,0,81,26
3,112,ground,Ammo,1,0,0,0,0,77,31
3,112,ground,Bandage,2,0,0,0,0,53,50
3,112,ground,Bandage,2,0,0,0,0,53,54
3,112,ground,Hunting Spear,1,45,0,0,0,51,54
3,112,ground,Ammo,1,0,0,0,0,57,62
3,112,ground,River Fish,3,0,0,0,0,12,16
3,112,ground,Water flask,2,0,0,0,0,12,2
3,112,ground,Water flask,2,0,0,0,0,36,99
3,112,ground,Cooked Meat,2,0,0,0,0,25,45
3,112,ground,Throwing Rock,3,0,0,0,0,23,24
3,112,ground,Lighter,1,0,20,0,0,39,105
3,112,ground,Lighter,1,0,20,0,0,29,102
3,112,wall,Bow,1,0,0,20,0,23,58
3,112,wall,Pickaxe,1,32,0,0,0,33,92
3,113,ground,Stick,1,18,0,0,0,79,57
3,113,carried,Buckler,1,30,0,0,0,122,55
3,113,ground,Crossbow,1,0,0,1,16,35,46
3,113,ground,Lantern Seed,1,0,0,0,0,52,59
3,113,ground,Boomerang,1,0,0,0,0,52,28
3,113,ground,Herb Bag,1,0,4,0,0,62,28
3,113,ground,Fungal Bread,1,0,0,0,0,36,35
3,113,ground,Ammo,1,0,0,0,0,43,56
3,113,ground,Ammo,1,0,0,0,0,19,38
3,113,ground,Fungal Bread,1,0,0,0,0,116,41
3,113,ground,Ammo,1,0,0,0,0,100,38
3,113,ground,Mushroom spores,2,0,0,0,0,93,73
3,113,ground,Ammo,1,0,0,0,0,97,73
3,113,ground,River Fish,5,0,0,0,0,103,68
3,113,ground,River Fish,3,0,0,0,0,91,59
3,113,ground,River Fish,2,0,0,0,0,77,32
3,113,ground,River Fish,5,0,0,0,0,75,13
3,113,ground,Resin Glue,1,0,0,0,0,96,49
3,113,ground,Hatchet,1,35,0,0,0,117,18
3,113,ground,Hatchet,1,35,0,0,0,113,8
3,113,wall,Throwing Rock,3,0,0,0,0,64,56
3,114,ground,Stick,1,18,0,0,0,56,35
3,114,ground,Shield Lantern,1,24,0,0,0,94,80
3,114,ground,Sap jar,2,0,0,0,0,95,61
3,114,ground,Blunderbuss,1,0,0,2,14,50,53
3,114,ground,Hatchet,1,35,0,0,0,44,64
3,114,ground,Torch,1,90,0,0,0,55,57
3,114,ground,Rake,1,400,0,0,0,56,75
3,114,ground,Ammo,1,0,0,0,0,60,80
3,114,ground,Blink Seed,2,0,0,0,0,31,106
3,114,ground,Ammo,1,0,0,0,0,41,101
3,114,ground,Ammo,1,0,0,0,0,16,55
3,114,ground,Bandage,2,0,0,0,0,77,32
3,114,ground,Ammo,1,0,0,0,0,6,31
3,114,ground,Medkit,1,0,0,0,0,80,12
3,114,ground,Bandage,2,0,0,0,0,81,15
3,114,ground,Reflecting Pan,1,24,0,0,0,40,79
3,114,ground,Rope Hook,1,0,24,0,0,11,48
3,115,ground,Stick,1,18,0,0,0,12,35
3,115,ground,Stick,1,18,0,0,0,47,58
3,115,ground,Hatchet,1,35,0,0,0,17,79
3,115,ground,Rope Hook,1,0,24,0,0,18,79
3,115,ground,Torch,1,90,0,0,0,13,57
3,115,ground,Crossbow,1,0,0,1,16,56,30
3,115,ground,Water flask,2,0,0,0,0,27,39
3,115,ground,Thunder Acorn,2,0,0,0,0,44,36
3,115,ground,Blink Seed,2,0,0,0,0,81,65
3,115,ground,Ammo,1,0,0,0,0,78,60
3,115,ground,Lantern Seed,1,0,0,0,0,15,10
3,115,ground,Medkit,1,0,0,0,0,75,40
3,115,ground,Buckler,1,30,0,0,0,38,103
3,115,ground,Fungal Bread,1,0,0,0,0,27,94
3,115,ground,Bandage,2,0,0,0,0,80,39
3,115,ground,Ammo,1,0,0,0,0,75,31
3,115,ground,Rope Hook,1,0,24,0,0,32,91
3,115,ground,Sap jar,2,0,0,0,0,12,15
3,116,ground,Stick,1,18,0,0,0,79,35
3,116,carried,Buckler,1,30,0,0,0,45,41
3,116,carried,Buckler,1,30,0,0,0,45,46
3,116,carried,Buckler,1,30,0,0,0,47,45
3,116,ground,Bow,1,0,0,20,0,43,42
3,116,ground,Spring Trap,2,0,0,0,0,125,68
3,116,ground,Water flask,2,0,0,0,0,108,72
3,116,ground,Water flask,2,0,0,0,0,112,59
3,116,ground,Hatchet,1,35,0,0,0,52,16
3,116,ground,Torch,1,90,0,0,0,51,16
3,116,ground,Stick,1,18,0,0,0,82,16
3,116,ground,Root Drill,1,0,3,0,0,83,16
3,116,ground,Firecracker,2,0,0,0,0,75,20
3,116,ground,Fungal Bread,2,0,0,0,0,81,18
3,116,ground,River Fish,6,0,0,0,0,76,49
3,116,ground,Digging Claws,1,200,0,0,0,62,33
3,116,ground,Water flask,2,0,0,0,0,107,33
3,116,ground,Bandage,3,0,0,0,0,36,19
3,116,ground,Ammo,1,0,0,0,0,29,11
3,116,ground,Mushroom spores,2,0,0,0,0,78,57
3,116,ground,Bandage,2,0,0,0,0,11,30
3,116,ground,Medkit,1,0,0,0,0,76,83
3,116,ground,Bandage,2,0,0,0,0,80,80
3,116,ground,Ammo,1,0,0,0,0,78,73
3,116,ground,River Fish,2,0,0,0,0,83,14
3,116,ground,Pocket Door,1,0,2,0,0,72,52
3,116,wall,Digging Claws,1,200,0,0,0,99,43
3,117,ground,Stick,1,18,0,0,0,79,58
3,117,ground,Bear Trap,2,0,0,0,0,89,72
3,117,ground,River Fish,3,0,0,0,0,39,81
3,117,ground,Wooden Maul,1,24,0,0,0,29,52
3,117,ground,Resin Glue,1,0,0,0,0,25,50
3,117,ground,Torch,1,90,0,0,0,79,37
3,117,ground,Rope Snare,2,0,0,0,0,60,29
3,117,ground,Hatchet,1,35,0,0,0,38,39
3,117,ground,Torch,1,90,0,0,0,38,40
3,117,ground,Pickaxe,1,32,0,0,0,38,7
3,117,ground,Root Drill,1,0,3,0,0,38,6
3,117,carried,Buckler,1,30,0,0,0,37,33
3,117,ground,Fungal Bread,2,0,0,0,0,36,28
3,117,ground,Firecracker,2,0,0,0,0,31,4
3,117,ground,Firecracker,2,0,0,0,0,34,22
3,117,ground,Torch,1,90,0,0,0,36,17
3,117,ground,Ammo,1,0,0,0,0,55,52
3,117,ground,Rake,1,400,0,0,0,60,78
3,117,ground,Bandage,2,0,0,0,0,53,80
3,117,ground,Medkit,1,0,0,0,0,79,16
3,117,ground,Rake,1,400,0,0,0,126,72
3,117,ground,Bandage,2,0,0,0,0,123,82
3,117,ground,Ammo,1,0,0,0,0,80,11
3,117,wall,Smoke pot,2,0,0,0,0,49,63
3,118,ground,Stick,1,18,0,0,0,13,59
3,118,ground,Hunting Spear,1,45,0,0,0,35,38
3,118,ground,Blunderbuss,1,0,0,2,14,42,39
3,118,ground,River Fish,5,0,0,0,0,12,31
3,118,ground,Fishing Line,1,0,20,0,0,10,31
3,118,ground,River Fish,3,0,0,0,0,52,30
3,118,ground,Torch,1,90,0,0,0,77,63
3,118,carried,Buckler,1,30,0,0,0,59,97
3,118,ground,Straw Decoy,1,0,0,0,0,71,73
3,118,ground,Mushroom spores,2,0,0,0,0,11,38
3,118,ground,Mushroom spores,2,0,0,0,0,52,36
3,118,ground,Ammo,1,0,0,0,0,73,79
3,118,ground,Fungal Bread,1,0,0,0,0,57,11
3,118,ground,Herb Bag,1,0,4,0,0,35,10
3,118,ground,Medkit,1,0,0,0,0,63,105
3,118,ground,Ammo,1,0,0,0,0,64,96
3,118,ground,River Fish,5,0,0,0,0,58,75
3,118,ground,River Fish,5,0,0,0,0,55,59
3,118,stored,Fried Egg,2,0,0,0,0,80,75
3,118,ground,Water flask,2,0,0,0,0,81,9
3,118,wall,Water flask,2,0,0,0,0,47,17
3,119,ground,Stick,1,18,0,0,0,79,80
3,119,carried,Buckler,1,30,0,0,0,39,51
3,119,carried,Buckler,1,30,0,0,0,40,46
3,119,carried,Buckler,1,30,0,0,0,36,49
3,119,carried,Buckler,1,30,0,0,0,36,52
3,119,carried,Buckler,1,30,0,0,0,32,42
3,119,carried,Buckler,1,30,0,0,0,35,42
3,119,carried,Buckler,1,30,0,0,0,33,41
3,119,ground,Torch,1,90,0,0,0,49,48
3,119,ground,Resin Glue,1,0,0,0,0,46,40
3,119,ground,Flint Knife,1,60,0,0,0,149,41
3,119,ground,Hatchet,1,35,0,0,0,59,72
3,119,ground,Torch,1,90,0,0,0,60,72
3,119,ground,Pickaxe,1,32,0,0,0,31,72
3,119,ground,Root Drill,1,0,3,0,0,31,71
3,119,carried,Buckler,1,30,0,0,0,61,78
3,119,carried,Buckler,1,30,0,0,0,30,79
3,119,ground,Fungal Bread,2,0,0,0,0,63,75
3,119,ground,Fungal Bread,2,0,0,0,0,33,74
3,119,ground,Firecracker,2,0,0,0,0,64,76
3,119,ground,River Fish,4,0,0,0,0,13,61
3,119,ground,Bear Trap,2,0,0,0,0,112,57
3,119,ground,Ammo,1,0,0,0,0,96,56
3,119,ground,Mushroom spores,2,0,0,0,0,104,68
3,119,ground,Medkit,1,0,0,0,0,11,80
3,119,ground,Mushroom spores,2,0,0,0,0,15,53
3,119,ground,Bandage,2,0,0,0,0,14,84
3,119,ground,Bandage,2,0,0,0,0,13,79
3,119,ground,Ammo,1,0,0,0,0,11,72
3,119,ground,Lighter,1,0,20,0,0,51,11
3,119,ground,Blunderbuss,1,0,0,2,14,94,76
3,119,ground,Throwing Rock,3,0,0,0,0,83,52
3,120,ground,Stick,1,18,0,0,0,77,37
3,120,ground,Torch,1,90,0,0,0,12,61
3,120,ground,Rope Hook,1,0,24,0,0,13,61
3,120,ground,Torch,1,90,0,0,0,35,57
3,120,ground,Sap jar,2,0,0,0,0,146,10
3,120,ground,Water flask,2,0,0,0,0,123,6
3,120,ground,Mushroom spores,2,0,0,0,0,149,17
3,120,ground,River Fish,3,0,0,0,0,120,80
3,120,carried,Buckler,1,30,0,0,0,145,81
3,120,ground,Rope Hook,1,0,24,0,0,124,30
3,120,ground,Water flask,2,0,0,0,0,124,37
3,120,ground,Herb Bag,1,0,4,0,0,123,33
3,120,ground,Resin Glue,1,0,0,0,0,120,60
3,120,ground,Ammo,1,0,0,0,0,119,59
3,120,ground,Medkit,1,0,0,0,0,145,84
3,120,ground,Bandaid,5,0,0,0,0,146,51
3,120,ground,Ammo,1,0,0,0,0,148,57
3,120,ground,Ammo,1,0,0,0,0,48,7
3,120,ground,Bandage,2,0,0,0,0,32,9
3,120,ground,Ammo,1,0,0,0,0,144,72
3,120,ground,Resin Glue,1,0,0,0,0,64,18
3,121,ground,Stick,1,18,0,0,0,34,79
3,121,carried,Buckler,1,30,0,0,0,62,101
3,121,carried,Buckler,1,30,0,0,0,67,102
3,121,carried,Buckler,1,30,0,0,0,75,98
3,121,carried,Buckler,1,30,0,0,0,73,100
3,121,carried,Buckler,1,30,0,0,0,71,97
3,121,carried,Buckler,1,30,0,0,0,70,98
3,121,ground,Mushroom spores,2,0,0,0,0,68,81
3,121,ground,Blunderbuss,1,0,0,2,14,66,103
3,121,ground,Bomb,2,0,0,0,0,77,85
3,121,ground,Torch,1,90,0,0,0,36,109
3,121,ground,Herb Bag,1,0,4,0,0,21,126
3,121,ground,Bandage,3,0,0,0,0,104,33
3,121,ground,Cooked Meat,2,0,0,0,0,104,27
3,121,ground,Hatchet,1,35,0,0,0,13,101
3,121,ground,Lighter,1,0,20,0,0,15,79
3,121,ground,Firecracker,3,0,0,0,0,80,51
3,121,ground,Herb Bag,1,0,4,0,0,76,57
3,121,ground,Medkit,1,0,0,0,0,57,52
3,121,ground,Bandage,2,0,0,0,0,12,144
3,121,ground,Ammo,1,0,0,0,0,56,59
3,121,ground,Straw Decoy,1,0,0,0,0,82,59
3,121,ground,Hunting Spear,1,45,0,0,0,10,74
3,121,ground,Stick,1,18,0,0,0,87,53
3,121,ground,Bandage,3,0,0,0,0,17,89
3,121,wall,Mushroom spores,2,0,0,0,0,19,146
3,122,ground,Stick,1,18,0,0,0,77,13
3,122,carried,Buckler,1,30,0,0,0,75,44
3,122,carried,Buckler,1,30,0,0,0,78,41
3,122,ground,Flint Knife,1,60,0,0,0,72,53
3,122,ground,Digging Claws,1,200,0,0,0,35,34
3,122,ground,Rake,1,400,0,0,0,30,56
3,122,ground,Hunting Spear,1,45,0,0,0,28,27
3,122,ground,Shield Lantern,1,24,0,0,0,125,78
3,122,ground,Ammo,1,0,0,0,0,95,51
3,122,ground,Hatchet,1,35,0,0,0,57,13
3,122,ground,Ammo,1,0,0,0,0,58,16
3,122,ground,Sleep Meds,3,0,0,0,0,98,40
3,122,ground,Ammo,1,0,0,0,0,92,29
3,122,ground,Rake,1,400,0,0,0,12,31
3,122,ground,Fungal Bread,1,0,0,0,0,12,35
3,122,ground,Medkit,1,0,0,0,0,17,57
3,122,ground,Bandage,2,0,0,0,0,4,54
3,122,ground,Ammo,1,0,0,0,0,9,53
3,122,ground,River Fish,3,0,0,0,0,40,32
3,122,ground,River Fish,5,0,0,0,0,51,51
3,122,ground,River Fish,2,0,0,0,0,68,63
3,122,ground,River Fish,5,0,0,0,0,114,49
3,122,ground,Pocket Door,1,0,2,0,0,95,60
3,122,ground,Mushroom spores,2,0,0,0,0,19,40
3,122,wall,Mushroom spores,2,0,0,0,0,14,25
3,122,wall,Hatchet,1,35,0,0,0,12,43
3,122,wall,Torch,1,90,0,0,0,97,46
3,122,wall,Pickaxe,1,32,0,0,0,105,59
3,123,ground,Stick,1,18,0,0,0,56,80
3,123,ground,Pocket Door,1,0,2,0,0,94,103
3,123,ground,Lighter,1,0,20,0,0,103,83
3,123,ground,Lantern Seed,1,0,0,0,0,89,100
3,123,carried,Buckler,1,30,0,0,0,75,11
3,123,carried,Buckler,1,30,0,0,0,59,108
3,123,carried,Buckler,1,30,0,0,0,36,102
3,123,ground,Thorn Caltrops,2,0,0,0,0,52,127
3,123,ground,Chili,1,0,0,0,0,54,104
3,123,ground,Oil flask,1,0,0,0,0,34,91
3,123,ground,Medkit,1,0,0,0,0,18,103
3,123,ground,Buckler,1,30,0,0,0,103,66
3,123,ground,Ammo,1,0,0,0,0,99,56
3,123,ground,Herb Bag,1,0,4,0,0,39,136
3,123,ground,Fungal Bread,1,0,0,0,0,73,14
3,123,ground,Ammo,1,0,0,0,0,15,98
3,123,stored,Raw Meat,2,0,0,0,0,73,60
3,123,ground,Pickaxe,1,32,0,0,0,100,29
3,123,ground,Fried Egg,2,0,0,0,0,64,117
3,123,wall,Pickaxe,1,32,0,0,0,58,94
3,123,wall,Throwing Rock,3,0,0,0,0,56,131
3,123,wall,Thorn Caltrops,2,0,0,0,0,39,151
3,124,ground,Stick,1,18,0,0,0,56,57
3,124,ground,Crossbow,1,0,0,1,16,20,98
3,124,ground,Rake,1,400,0,0,0,20,81
3,124,ground,Bird Seed,3,0,0,0,0,29,87
3,124,ground,Torch,1,90,0,0,0,77,123
3,124,ground,Resin Glue,1,0,0,0,0,71,107
3,124,ground,Flint Knife,1,60,0,0,0,51,120
3,124,ground,Raw Meat,1,0,0,0,0,51,115
3,124,ground,Mushroom spores,2,0,0,0,0,59,121
3,124,ground,Pickaxe,1,32,0,0,0,60,77
3,124,ground,Ammo,1,0,0,0,0,59,77
3,124,ground,Rake,1,400,0,0,0,48,35
3,124,ground,Fungal Bread,1,0,0,0,0,55,29
3,124,ground,Ammo,1,0,0,0,0,93,122
3,124,ground,Herb Bag,1,0,4,0,0,54,131
3,124,ground,Medkit,1,0,0,0,0,122,123
3,124,ground,Ammo,1,0,0,0,0,77,58
3,124,ground,Ammo,1,0,0,0,0,121,119
3,124,carried,Buckler,1,30,0,0,0,92,116
3,124,ground,Digging Claws,1,200,0,0,0,101,116
3,125,ground,Stick,1,18,0,0,0,77,37
3,125,carried,Buckler,1,30,0,0,0,51,38
3,125,carried,Buckler,1,30,0,0,0,47,35
3,125,carried,Buckler,1,30,0,0,0,51,40
3,125,carried,Buckler,1,30,0,0,0,52,49
3,125,carried,Buckler,1,30,0,0,0,53,47
3,125,carried,Buckler,1,30,0,0,0,34,43
3,125,carried,Buckler,1,30,0,0,0,38,46
3,125,ground,Bow,1,0,0,20,0,41,39
3,125,ground,Water flask,2,0,0,0,0,39,52
3,125,ground,Bomb,2,0,0,0,0,34,39
3,125,ground,Hatchet,1,35,0,0,0,76,69
3,125,ground,Rake,1,400,0,0,0,57,74
3,125,ground,Egg,3,0,0,0,0,72,80
3,125,ground,Hatchet,1,35,0,0,0,38,73
3,125,ground,Torch,1,90,0,0,0,39,73
3,125,ground,Hatchet,1,35,0,0,0,9,73
3,125,ground,Root Drill,1,0,3,0,0,8,74
3,125,carried,Buckler,1,30,0,0,0,27,69
3,125,ground,Firecracker,2,0,0,0,0,9,76
3,125,ground,River Fish,6,0,0,0,0,37,13
3,125,ground,Flint Knife,1,60,0,0,0,65,8
3,125,ground,Raw Meat,1,0,0,0,0,56,10
3,125,ground,Bow,1,0,0,20,0,71,80
3,125,ground,Mushroom spores,2,0,0,0,0,75,59
3,125,ground,Resin Glue,1,0,0,0,0,11,60
3,125,ground,Ammo,1,0,0,0,0,12,62
3,125,ground,Medkit,1,0,0,0,0,17,38
3,125,ground,Ammo,1,0,0,0,0,75,11
3,125,ground,Bandage,2,0,0,0,0,17,29
3,125,ground,Bandage,2,0,0,0,0,11,31
3,125,ground,Ammo,1,0,0,0,0,13,31
3,125,ground,Sticky Boots,1,0,4,0,0,29,11
3,125,wall,Sap jar,2,0,0,0,0,75,48
3,125,wall,Pitch Bomb,2,0,0,0,0,86,57
3,126,ground,Stick,1,18,0,0,0,55,79
3,126,ground,River Fish,3,0,0,0,0,60,57
3,126,ground,Cooked Meat,2,0,0,0,0,55,39
3,126,ground,Pickaxe,1,32,0,0,0,61,58
3,126,ground,Flint Knife,1,60,0,0,0,81,33
3,126,ground,Rope Hook,1,0,24,0,0,82,33
3,126,ground,Torch,1,90,0,0,0,77,79
3,126,ground,Hatchet,1,35,0,0,0,37,60
3,126,ground,Torch,1,90,0,0,0,38,59
3,126,ground,Hatchet,1,35,0,0,0,7,60
3,126,ground,Root Drill,1,0,3,0,0,6,60
3,126,carried,Buckler,1,30,0,0,0,28,63
3,126,carried,Buckler,1,30,0,0,0,6,57
3,126,carried,Buckler,1,30,0,0,0,27,56
3,126,ground,Firecracker,2,0,0,0,0,18,55
3,126,ground,Fungal Bread,2,0,0,0,0,5,55
3,126,ground,Fungal Bread,2,0,0,0,0,22,55
3,126,ground,River Fish,3,0,0,0,0,29,33
3,126,ground,Fishing Line,1,0,20,0,0,28,36
3,126,carried,Buckler,1,30,0,0,0,14,30
3,126,ground,Straw Decoy,1,0,0,0,0,10,34
3,126,ground,Water flask,2,0,0,0,0,43,29
3,126,ground,Ammo,1,0,0,0,0,99,51
3,126,ground,Medkit,1,0,0,0,0,8,37
3,126,ground,Pocket Door,1,0,2,0,0,80,5
3,126,ground,Ammo,1,0,0,0,0,75,10
3,126,ground,Bandage,2,0,0,0,0,15,39
3,126,ground,Bandage,2,0,0,0,0,15,25
3,126,ground,Bow,1,0,0,20,0,14,41
3,126,ground,Ammo,1,0,0,0,0,18,31
3,126,ground,Throwing Rock,3,0,0,0,0,103,62
3,127,ground,Stick,1,18,0,0,0,78,35
3,127,ground,Thunder Acorn,2,0,0,0,0,10,48
3,127,ground,Pickaxe,1,32,0,0,0,22,46
3,127,ground,Straw Decoy,1,0,0,0,0,144,60
3,127,ground,Root Drill,1,0,3,0,0,126,29
3,127,ground,River Fish,4,0,0,0,0,105,30
3,127,ground,Fishing Line,1,0,20,0,0,107,29
3,127,carried,Buckler,1,30,0,0,0,127,73
3,127,ground,Throwing Rock,3,0,0,0,0,138,60
3,127,ground,Mushroom spores,2,0,0,0,0,104,40
3,127,ground,Oil flask,1,0,0,0,0,59,35
3,127,ground,Bandage,2,0,0,0,0,57,50
3,127,ground,Herb Bag,1,0,4,0,0,142,39
3,127,ground,Fungal Bread,1,0,0,0,0,50,86
3,127,ground,Ammo,1,0,0,0,0,116,80
3,127,carried,Buckler,1,30,0,0,0,84,60
3,127,ground,Digging Claws,1,200,0,0,0,58,71
3,127,ground,Mushroom spores,2,0,0,0,0,97,19
3,127,ground,Crossbow,1,0,0,1,16,55,79
3,127,wall,Sleep Meds,3,0,0,0,0,56,27
3,127,wall,Fried Egg,2,0,0,0,0,71,60
3,128,ground,Stick,1,18,0,0,0,78,58
3,128,ground,Crossbow,1,0,0,1,16,37,12
3,128,ground,Throwing Net,2,0,0,0,0,38,12
3,128,ground,Torch,1,90,0,0,0,34,34
3,128,ground,Hatchet,1,35,0,0,0,96,60
3,128,ground,Torch,1,90,0,0,0,95,60
3,128,ground,Torch,1,90,0,0,0,125,60
3,128,ground,Root Drill,1,0,3,0,0,126,60
3,128,carried,Buckler,1,30,0,0,0,106,51
3,128,ground,Fungal Bread,2,0,0,0,0,104,57
3,128,ground,Fungal Bread,2,0,0,0,0,103,58
3,128,ground,River Fish,4,0,0,0,0,58,33
3,128,ground,Sap jar,2,0,0,0,0,17,43
3,128,ground,Rake,1,400,0,0,0,73,34
3,128,ground,Herb Bag,1,0,4,0,0,72,30
3,128,ground,Seed Bag,1,0,6,0,0,97,35
3,128,ground,Ammo,1,0,0,0,0,57,60
3,128,ground,Herb Bag,1,0,4,0,0,96,79
3,128,ground,Medkit,1,0,0,0,0,118,12
3,128,ground,Ammo,1,0,0,0,0,8,38
3,128,ground,Ammo,1,0,0,0,0,132,10
3,128,ground,River Fish,4,0,0,0,0,65,41
3,128,ground,River Fish,4,0,0,0,0,76,33
3,128,ground,River Fish,4,0,0,0,0,92,31
3,128,ground,River Fish,5,0,0,0,0,108,32
3,128,carried,Buckler,1,30,0,0,0,45,50
3,128,ground,Cooked Meat,2,0,0,0,0,66,54
3,128,ground,Throwing Rock,3,0,0,0,0,75,39
3,129,ground,Stick,1,18,0,0,0,79,81
3,129,carried,Buckler,1,30,0,0,0,41,44
3,129,carried,Buckler,1,30,0,0,0,46,42
3,129,carried,Buckler,1,30,0,0,0,41,41
3,129,ground,Fried Egg,2,0,0,0,0,39,36
3,129,ground,Bow,1,0,0,20,0,45,75
3,129,ground,Rake,1,400,0,0,0,50,92
3,129,ground,Hatchet,1,35,0,0,0,83,33
3,129,ground,Throwing Net,2,0,0,0,0,84,33
3,129,ground,Torch,1,90,0,0,0,77,56
3,129,ground,Bow,1,0,0,20,0,54,12
3,129,ground,Hatchet,1,35,0,0,0,50,16
3,129,ground,Root Drill,1,0,3,0,0,70,79
3,129,ground,Hatchet,1,35,0,0,0,8,73
3,129,ground,Ammo,1,0,0,0,0,4,74
3,129,ground,Medkit,1,0,0,0,0,12,104
3,129,ground,Bandage,2,0,0,0,0,17,98
3,129,ground,Bandage,2,0,0,0,0,6,108
3,129,ground,Blunderbuss,1,0,0,2,14,13,96
3,129,ground,Ammo,1,0,0,0,0,18,108
3,129,ground,Bear Trap,2,0,0,0,0,4,83
3,129,ground,Smoke pot,2,0,0,0,0,16,74
3,129,ground,Bandage,3,0,0,0,0,90,39
3,129,ground,Pickaxe,1,32,0,0,0,93,30
3,129,wall,Bandage,3,0,0,0,0,23,80
3,130,ground,Stick,1,18,0,0,0,78,13
3,130,ground,Flint Knife,1,60,0,0,0,99,83
3,130,ground,Throwing Net,2,0,0,0,0,100,83
3,130,ground,Torch,1,90,0,0,0,77,77
3,130,ground,Smoke pot,2,0,0,0,0,37,72
3,130,ground,Splint,1,0,2,0,0,74,31
3,130,ground,Ammo,1,0,0,0,0,81,41
3,130,ground,Lighter,1,0,20,0,0,56,60
3,130,ground,Ammo,1,0,0,0,0,51,80
3,130,ground,Cooked Meat,2,0,0,0,0,53,8
3,130,ground,Ammo,1,0,0,0,0,60,11
3,130,ground,Ammo,1,0,0,0,0,40,38
3,130,ground,Fungal Bread,1,0,0,0,0,35,10
3,130,ground,Medkit,1,0,0,0,0,123,79
3,130,ground,Bandage,2,0,0,0,0,123,73
3,130,ground,River Fish,4,0,0,0,0,47,38
3,130,ground,River Fish,2,0,0,0,0,38,27
3,130,ground,Sap jar,2,0,0,0,0,33,75
3,130,ground,Resin Glue,1,0,0,0,0,90,43
3,130,ground,Pitch Bomb,2,0,0,0,0,49,63
3,130,ground,Rake,1,400,0,0,0,30,15
3,130,ground,Seed Bag,1,0,6,0,0,61,33
3,131,ground,Stick,1,18,0,0,0,57,15
3,131,ground,Torch,1,90,0,0,0,9,77
3,131,ground,Rope Hook,1,0,24,0,0,10,77
3,131,ground,Torch,1,90,0,0,0,11,56
3,131,ground,Hatchet,1,35,0,0,0,55,34
3,131,ground,River Fish,6,0,0,0,0,15,7
3,131,carried,Buckler,1,30,0,0,0,59,52
3,131,carried,Buckler,1,30,0,0,0,33,75
3,131,ground,Torch,1,90,0,0,0,44,55
3,131,ground,Bird Seed,1,0,0,0,0,30,58
3,131,ground,Fungal Bread,1,0,0,0,0,32,53
3,131,ground,Bitter Root,1,0,0,0,0,55,63
3,131,ground,Sleep Meds,3,0,0,0,0,14,36
3,131,ground,Ammo,1,0,0,0,0,9,28
3,131,ground,Bandage,2,0,0,0,0,71,35
3,131,ground,Medkit,1,0,0,0,0,38,74
3,131,ground,Ammo,1,0,0,0,0,29,73
3,131,ground,River Fish,2,0,0,0,0,67,36
3,131,stored,Stink Bomb,2,0,0,0,0,29,60
3,131,wall,Fried Egg,2,0,0,0,0,13,18
3,132,ground,Stick,1,18,0,0,0,57,37
3,132,ground,Blunderbuss,1,0,0,2,14,36,28
3,132,ground,Flint Knife,1,60,0,0,0,28,14
3,132,ground,River Fish,5,0,0,0,0,36,50
3,132,ground,Wooden Maul,1,24,0,0,0,31,85
3,132,ground,Rake,1,400,0,0,0,31,78
3,132,ground,Seed Bag,1,0,6,0,0,28,60
3,132,ground,Pickaxe,1,32,0,0,0,121,31
3,132,ground,Throwing Net,2,0,0,0,0,122,31
3,132,ground,Torch,1,90,0,0,0,101,33
3,132,ground,Hunting Spear,1,45,0,0,0,99,57
3,132,ground,Honey pot,1,0,0,0,0,94,55
3,132,ground,Sap jar,2,0,0,0,0,41,28
3,132,ground,Pocket Door,1,0,2,0,0,74,7
3,132,ground,Ammo,1,0,0,0,0,69,14
3,132,ground,Ammo,1,0,0,0,0,54,60
3,132,ground,Medkit,1,0,0,0,0,6,83
3,132,ground,Bird Seed,3,0,0,0,0,63,75
3,132,ground,Herb Bag,1,0,4,0,0,54,77
3,132,ground,Bandage,2,0,0,0,0,13,85
3,132,ground,Hatchet,1,35,0,0,0,12,75
3,132,ground,Ammo,1,0,0,0,0,8,72
3,132,ground,Thorn Caltrops,2,0,0,0,0,71,29
3,132,ground,Mushroom spores,2,0,0,0,0,54,53
3,132,ground,Stick,1,18,0,0,0,50,81
3,132,wall,Cooked Meat,2,0,0,0,0,58,68
3,132,wall,Bandage,3,0,0,0,0,22,77
3,133,ground,Stick,1,18,0,0,0,33,59
3,133,ground,Stick,1,18,0,0,0,37,99
3,133,ground,Pickaxe,1,32,0,0,0,42,69
3,133,ground,Resin Glue,1,0,0,0,0,62,58
3,133,ground,Ammo,1,0,0,0,0,61,58
3,133,ground,Rake,1,400,0,0,0,10,55
3,133,ground,Fungal Bread,1,0,0,0,0,15,51
3,133,ground,Ammo,1,0,0,0,0,72,35
3,133,ground,Ammo,1,0,0,0,0,73,14
3,133,ground,Bandage,2,0,0,0,0,11,76
3,133,ground,Medkit,1,0,0,0,0,104,8
3,133,ground,Honey pot,1,0,0,0,0,80,78
3,133,ground,Ammo,1,0,0,0,0,77,71
3,133,ground,Flint Knife,1,60,0,0,0,3,83
3,133,ground,Flint Knife,1,60,0,0,0,79,31
3,134,ground,Stick,1,18,0,0,0,78,79
3,134,ground,Crossbow,1,0,0,1,16,37,13
3,134,ground,Throwing Net,2,0,0,0,0,38,13
3,134,ground,Torch,1,90,0,0,0,33,33
3,134,ground,Mushroom spores,2,0,0,0,0,37,56
3,134,ground,Honey pot,1,0,0,0,0,55,41
3,134,carried,Buckler,1,30,0,0,0,12,55
3,134,ground,Sap jar,2,0,0,0,0,83,58
3,134,ground,Rake,1,400,0,0,0,101,75
3,134,ground,Bandage,2,0,0,0,0,97,80
3,134,ground,Sap jar,1,0,0,0,0,124,73
3,134,ground,Medkit,1,0,0,0,0,122,38
3,134,ground,Blink Seed,2,0,0,0,0,100,57
3,134,ground,Ammo,1,0,0,0,0,101,51
3,134,ground,Fungal Bread,1,0,0,0,0,61,35
3,134,ground,Ammo,1,0,0,0,0,117,31
3,134,ground,Buckler,1,30,0,0,0,117,68
3,134,ground,Water flask,2,0,0,0,0,8,55
3,134,wall,Rabbit Charm,1,0,0,0,0,124,45
3,134,wall,Rabbit Charm,1,0,0,0,0,23,56
3,135,ground,Stick,1,18,0,0,0,57,80
3,135,ground,Wooden Maul,1,24,0,0,0,46,126
3,135,ground,Bandage,3,0,0,0,0,34,120
3,135,ground,River Fish,5,0,0,0,0,18,104
3,135,ground,Root Drill,1,0,3,0,0,5,122
3,135,ground,Hatchet,1,35,0,0,0,6,95
3,135,ground,Torch,1,90,0,0,0,100,52
3,135,ground,Rope Hook,1,0,24,0,0,101,52
3,135,ground,Torch,1,90,0,0,0,78,56
3,135,ground,River Fish,3,0,0,0,0,75,35
3,135,ground,River Fish,3,0,0,0,0,102,38
3,135,ground,Fishing Line,1,0,20,0,0,105,37
3,135,ground,Digging Claws,1,200,0,0,0,49,127
3,135,ground,Herb Bag,1,0,4,0,0,27,87
3,135,ground,Ammo,1,0,0,0,0,34,75
3,135,ground,Thorn Caltrops,1,0,0,0,0,74,96
3,135,ground,Bird Seed,1,0,0,0,0,78,84
3,135,ground,Herb Bag,1,0,4,0,0,85,74
3,135,ground,Medkit,1,0,0,0,0,76,12
3,135,ground,Bandage,2,0,0,0,0,72,11
3,135,ground,Ammo,1,0,0,0,0,82,18
3,135,ground,River Fish,3,0,0,0,0,79,89
3,135,ground,Bandage,3,0,0,0,0,80,32
3,135,ground,Pickaxe,1,32,0,0,0,85,83
3,135,ground,Herb Bag,1,0,4,0,0,60,55
3,135,wall,Mushroom spores,2,0,0,0,0,93,33
3,135,wall,Hunting Spear,1,45,0,0,0,83,95
3,136,ground,Stick,1,18,0,0,0,77,81
3,136,ground,Bomb,2,0,0,0,0,73,59
3,136,ground,River Fish,5,0,0,0,0,12,79
3,136,ground,Blink Seed,2,0,0,0,0,79,85
3,136,ground,Rake,1,400,0,0,0,62,78
3,136,ground,Fungal Bread,1,0,0,0,0,59,85
3,136,ground,Thorn Caltrops,1,0,0,0,0,35,56
3,136,ground,Fungal Bread,1,0,0,0,0,17,55
3,136,ground,Herb Bag,1,0,4,0,0,26,72
3,136,ground,Ammo,1,0,0,0,0,100,33
3,136,ground,Rabbit Charm,1,0,0,0,0,100,13
3,136,ground,Ammo,1,0,0,0,0,101,13
3,136,ground,Ammo,1,0,0,0,0,32,16
3,136,ground,Acorn Mine,2,0,0,0,0,43,71
3,136,ground,Rope Snare,2,0,0,0,0,53,75
3,136,wall,Throwing Rock,3,0,0,0,0,25,54
3,137,ground,Stick,1,18,0,0,0,78,81
3,137,ground,Flint Knife,1,60,0,0,0,55,30
3,137,ground,Rope Hook,1,0,24,0,0,56,30
3,137,ground,Torch,1,90,0,0,0,79,35
3,137,ground,Hatchet,1,35,0,0,0,39,60
3,137,ground,Torch,1,90,0,0,0,40,59
3,137,ground,Bow,1,0,0,20,0,7,60
3,137,ground,Root Drill,1,0,3,0,0,6,60
3,137,ground,Fungal Bread,2,0,0,0,0,13,53
3,137,ground,Firecracker,2,0,0,0,0,12,55
3,137,ground,River Fish,6,0,0,0,0,103,75
3,137,ground,River Fish,3,0,0,0,0,101,33
3,137,carried,Buckler,1,30,0,0,0,49,17
3,137,ground,Flint Knife,1,60,0,0,0,49,48
3,137,ground,Rope Snare,2,0,0,0,0,52,82
3,137,ground,Ammo,1,0,0,0,0,53,80
3,137,ground,Lantern Seed,1,0,0,0,0,51,56
3,137,ground,Fungal Bread,1,0,0,0,0,78,55
3,137,ground,Bandage,2,0,0,0,0,39,83
3,137,ground,Herb Bag,1,0,4,0,0,53,7
3,137,ground,Rake,1,400,0,0,0,37,102
3,137,ground,Ammo,1,0,0,0,0,32,95
3,137,ground,Ammo,1,0,0,0,0,35,39
3,137,carried,Buckler,1,30,0,0,0,103,55
3,137,ground,Sap jar,2,0,0,0,0,87,62
3,137,ground,Wooden Maul,1,24,0,0,0,91,48
3,137,ground,Boomerang,1,0,0,0,0,57,14
3,137,wall,Fried Egg,2,0,0,0,0,80,66
3,138,ground,Stick,1,18,0,0,0,78,79
3,138,ground,Wooden Maul,1,24,0,0,0,29,63
3,138,ground,Bird Seed,3,0,0,0,0,18,69
3,138,ground,Ammo,2,0,0,0,0,23,78
3,138,ground,Flint Knife,1,60,0,0,0,33,7
3,138,ground,Medkit,1,0,0,0,0,76,122
3,138,ground,Chili,1,0,0,0,0,83,113
3,138,ground,Straw Decoy,1,0,0,0,0,75,99
3,138,ground,Seed Bag,1,0,6,0,0,61,83
3,138,ground,Rake,1,400,0,0,0,4,101
3,138,ground,Ammo,1,0,0,0,0,11,96
3,138,ground,Herb Bag,1,0,4,0,0,14,121
3,138,ground,Bandage,2,0,0,0,0,19,34
3,138,ground,Medkit,1,0,0,0,0,36,117
3,138,ground,Ammo,1,0,0,0,0,31,117
3,138,ground,Sap jar,2,0,0,0,0,54,82
3,138,wall,Cooked Meat,2,0,0,0,0,13,106
3,138,wall,Bear Trap,2,0,0,0,0,19,127
3,139,ground,Stick,1,18,0,0,0,33,79
3,139,ground,Torch,1,90,0,0,0,95,76
3,139,ground,Torch,1,90,0,0,0,100,92
3,139,ground,Torch,1,90,0,0,0,91,91
3,139,ground,Thunder Acorn,2,0,0,0,0,11,33
3,139,ground,Rope Snare,2,0,0,0,0,17,33
3,139,ground,Pickaxe,1,32,0,0,0,30,63
3,139,ground,Torch,1,90,0,0,0,8,31
3,139,ground,River Fish,6,0,0,0,0,58,76
3,139,ground,Flint Knife,1,60,0,0,0,58,117
3,139,ground,Thunder Acorn,2,0,0,0,0,63,114
3,139,ground,Water flask,2,0,0,0,0,58,77
3,139,ground,Sap jar,1,0,0,0,0,30,37
3,139,ground,Herb Bag,1,0,4,0,0,62,101
3,139,ground,Medkit,1,0,0,0,0,35,116
3,139,ground,Acorn Mine,2,0,0,0,0,10,17
3,139,ground,Ammo,1,0,0,0,0,16,15
3,139,ground,Bandage,2,0,0,0,0,30,118
3,139,ground,Ammo,1,0,0,0,0,37,117
3,139,ground,River Fish,2,0,0,0,0,64,66
3,139,ground,River Fish,2,0,0,0,0,86,49
3,139,ground,River Fish,3,0,0,0,0,96,40
3,139,ground,Rope Snare,2,0,0,0,0,59,105
3,139,ground,Bandage,3,0,0,0,0,71,61
3,139,ground,Resin Glue,1,0,0,0,0,36,41
3,139,ground,Seed Bag,1,0,6,0,0,77,53
3,140,ground,Stick,1,18,0,0,0,57,80
3,140,ground,Bow,1,0,0,20,0,56,9
3,140,ground,Throwing Net,2,0,0,0,0,57,9
3,140,ground,Torch,1,90,0,0,0,79,13
3,140,ground,Hatchet,1,35,0,0,0,83,83
3,140,ground,Torch,1,90,0,0,0,83,84
3,140,ground,Flint Knife,1,60,0,0,0,83,51
3,140,ground,Root Drill,1,0,3,0,0,83,50
3,140,carried,Buckler,1,30,0,0,0,73,56
3,140,carried,Buckler,1,30,0,0,0,72,75
3,140,ground,Firecracker,2,0,0,0,0,79,56
3,140,ground,Fungal Bread,2,0,0,0,0,77,47
3,140,ground,River Fish,4,0,0,0,0,104,36
3,140,carried,Buckler,1,30,0,0,0,105,14
3,140,carried,Buckler,1,30,0,0,0,39,33
3,140,ground,Smoke pot,2,0,0,0,0,53,34
3,140,ground,Splint,1,0,2,0,0,54,62
3,140,ground,Ammo,1,0,0,0,0,55,53
3,140,ground,Oil flask,1,0,0,0,0,33,53
3,140,ground,Ammo,1,0,0,0,0,78,32
3,140,ground,Ammo,1,0,0,0,0,105,75
3,140,ground,Herb Bag,1,0,4,0,0,50,36
3,140,ground,Buckler,1,30,0,0,0,97,50
3,140,ground,Ammo,1,0,0,0,0,93,49
3,140,ground,Fungal Bread,1,0,0,0,0,17,35
3,140,ground,Medkit,1,0,0,0,0,101,16
3,140,ground,River Fish,2,0,0,0,0,32,21
3,140,stored,Digging Claws,1,200,0,0,0,107,33
3,140,ground,Bear Trap,2,0,0,0,0,37,35
3,140,ground,Crossbow,1,0,0,1,16,91,80
3,140,ground,Crossbow,1,0,0,1,16,72,39
3,140,wall,Hunting Horn,1,0,8,0,0,44,57
3,141,ground,Stick,1,18,0,0,0,55,36
3,141,ground,Rope Snare,2,0,0,0,0,91,38
3,141,ground,River Fish,5,0,0,0,0,80,61
3,141,ground,Sleep Meds,3,0,0,0,0,56,53
3,141,ground,Flint Knife,1,60,0,0,0,60,63
3,141,carried,Buckler,1,30,0,0,0,73,81
3,141,carried,Buckler,1,30,0,0,0,92,51
3,141,ground,Shield Lantern,1,24,0,0,0,63,61
3,141,ground,Digging Claws,1,200,0,0,0,58,14
3,141,ground,Ammo,1,0,0,0,0,60,20
3,141,ground,Chili,1,0,0,0,0,91,59
3,141,ground,Medkit,1,0,0,0,0,72,79
3,141,ground,Hunting Spear,1,45,0,0,0,8,55
3,141,ground,Ammo,1,0,0,0,0,17,52
3,141,ground,Herb Bag,1,0,4,0,0,128,60
3,141,ground,Bandage,2,0,0,0,0,80,82
3,141,ground,Ammo,1,0,0,0,0,72,84
3,141,ground,Resin Glue,1,0,0,0,0,92,47
3,141,wall,Stick,1,18,0,0,0,96,92
3,141,wall,Hatchet,1,35,0,0,0,109,97
3,142,ground,Stick,1,18,0,0,0,79,57
3,142,ground,Flint Knife,1,60,0,0,0,33,38
3,142,ground,Rope Hook,1,0,24,0,0,34,38
3,142,ground,Torch,1,90,0,0,0,56,34
3,142,ground,River Fish,6,0,0,0,0,77,11
3,142,carried,Buckler,1,30,0,0,0,12,74
3,142,carried,Buckler,1,30,0,0,0,53,78
3,142,ground,Seed Bag,1,0,6,0,0,55,84
3,142,ground,Herb Bag,1,0,4,0,0,74,79
3,142,ground,Bandage,2,0,0,0,0,77,71
3,142,ground,Bandage,3,0,0,0,0,75,35
3,142,ground,Herb Bag,1,0,4,0,0,77,29
3,142,ground,Ammo,1,0,0,0,0,56,53
3,142,ground,Herb Bag,1,0,4,0,0,33,59
3,142,ground,Ammo,1,0,0,0,0,13,77
3,142,ground,River Fish,5,0,0,0,0,47,37
3,142,ground,River Fish,5,0,0,0,0,24,67
3,142,ground,River Fish,4,0,0,0,0,18,87
3,142,ground,Hatchet,1,35,0,0,0,56,20
3,143,ground,Stick,1,18,0,0,0,57,37
3,143,ground,Flint Knife,1,60,0,0,0,93,65
3,143,ground,Medkit,1,0,0,0,0,113,68
3,143,ground,Stick,1,18,0,0,0,55,17
3,143,ground,Throwing Net,2,0,0,0,0,56,17
3,143,ground,Torch,1,90,0,0,0,33,12
3,143,ground,Wooden Maul,1,24,0,0,0,8,32
3,143,ground,Honey pot,1,0,0,0,0,6,34
3,143,ground,Bow,1,0,0,20,0,60,18
3,143,ground,Resin Glue,1,0,0,0,0,31,33
3,143,ground,Ammo,1,0,0,0,0,37,33
3,143,ground,Hunting Horn,1,0,8,0,0,73,32
3,143,ground,Ammo,1,0,0,0,0,81,31
3,143,ground,Medkit,1,0,0,0,0,103,40
3,143,ground,Lighter,1,0,20,0,0,9,28
3,143,ground,Ammo,1,0,0,0,0,7,11
3,143,ground,Bandage,2,0,0,0,0,106,30
3,143,ground,Bandage,2,0,0,0,0,100,38
3,143,ground,Ammo,1,0,0,0,0,99,25
3,143,ground,River Fish,5,0,0,0,0,3,31
3,143,ground,River Fish,3,0,0,0,0,10,45
3,143,ground,River Fish,4,0,0,0,0,23,52
3,143,ground,Thunder Acorn,2,0,0,0,0,78,58
3,143,wall,Pocket Door,1,0,2,0,0,36,27
3,144,ground,Stick,1,18,0,0,0,78,81
3,144,ground,Bow,1,0,0,20,0,32,111
3,144,ground,Lighter,1,0,20,0,0,45,113
3,144,ground,Pickaxe,1,32,0,0,0,61,55
3,144,ground,Rope Hook,1,0,24,0,0,62,55
3,144,ground,Torch,1,90,0,0,0,56,78
3,144,ground,River Fish,5,0,0,0,0,33,60
3,144,ground,Bow,1,0,0,20,0,103,60
3,144,ground,Honey pot,1,0,0,0,0,94,51
3,144,ground,Sap jar,2,0,0,0,0,55,50
3,144,ground,Resin Glue,1,0,0,0,0,98,73
3,144,ground,Ammo,1,0,0,0,0,103,74
3,144,ground,Oil flask,1,0,0,0,0,94,55
3,144,ground,Herb Bag,1,0,4,0,0,80,61
3,144,ground,Medkit,1,0,0,0,0,8,98
3,144,ground,Bandage,2,0,0,0,0,104,36
3,144,ground,Ammo,1,0,0,0,0,13,99
3,144,stored,Boomerang,1,0,0,0,0,106,56
3,144,stored,Oil flask,2,0,0,0,0,97,61
3,144,stored,Pickaxe,1,32,0,0,0,101,53
3,144,ground,Boomerang,1,0,0,0,0,100,86
3,144,ground,Throwing Rock,3,0,0,0,0,105,45
3,144,wall,Rope Snare,2,0,0,0,0,105,19
3,144,wall,Thorn Caltrops,2,0,0,0,0,97,66
3,145,ground,Stick,1,18,0,0,0,12,58
3,145,ground,Smoke pot,2,0,0,0,0,55,72
3,145,ground,Rope Snare,2,0,0,0,0,50,62
3,145,ground,Rope Hook,1,0,24,0,0,47,67
3,145,ground,Torch,1,90,0,0,0,39,12
3,145,ground,Rope Hook,1,0,24,0,0,40,12
3,145,ground,Torch,1,90,0,0,0,35,34
3,145,ground,Hatchet,1,35,0,0,0,82,74
3,145,ground,Torch,1,90,0,0,0,82,73
3,145,ground,Stick,1,18,0,0,0,82,104
3,145,ground,Root Drill,1,0,3,0,0,82,105
3,145,carried,Buckler,1,30,0,0,0,79,92
3,145,ground,Firecracker,2,0,0,0,0,78,73
3,145,ground,Fungal Bread,2,0,0,0,0,82,98
3,145,ground,Firecracker,2,0,0,0,0,76,80
3,145,carried,Buckler,1,30,0,0,0,14,37
3,145,ground,Sap jar,2,0,0,0,0,68,95
3,145,ground,Rake,1,400,0,0,0,12,75
3,145,ground,Fungal Bread,1,0,0,0,0,15,80
3,145,ground,Bird Seed,1,0,0,0,0,31,98
3,145,ground,Bandage,2,0,0,0,0,37,95
3,145,ground,Medkit,1,0,0,0,0,51,31
3,145,ground,Ammo,1,0,0,0,0,57,39
3,145,ground,River Fish,2,0,0,0,0,60,57
3,145,ground,River Fish,4,0,0,0,0,65,75
3,145,ground,River Fish,4,0,0,0,0,84,102
3,145,ground,Lighter,1,0,20,0,0,23,66
3,146,ground,Stick,1,18,0,0,0,79,79
3,146,ground,Bow,1,0,0,20,0,73,13
3,146,ground,Rope Hook,1,0,24,0,0,74,13
3,146,ground,Torch,1,90,0,0,0,79,33
3,146,ground,River Fish,6,0,0,0,0,53,51
3,146,ground,Hunting Spear,1,45,0,0,0,81,61
3,146,ground,Shield Lantern,1,24,0,0,0,77,27
3,146,ground,Seed Bag,1,0,6,0,0,51,81
3,146,ground,Water flask,2,0,0,0,0,52,54
3,146,ground,Ammo,1,0,0,0,0,91,11
3,146,ground,Blink Seed,2,0,0,0,0,60,17
3,146,ground,Ammo,1,0,0,0,0,60,12
3,146,ground,Ammo,1,0,0,0,0,30,35
3,146,ground,Medkit,1,0,0,0,0,127,13
3,146,ground,Ammo,1,0,0,0,0,62,100
3,146,ground,Bandage,2,0,0,0,0,121,18
3,146,ground,Bandage,2,0,0,0,0,119,15
3,146,ground,River Fish,3,0,0,0,0,71,29
3,146,ground,River Fish,5,0,0,0,0,81,23
3,146,ground,Spring Trap,2,0,0,0,0,99,3
3,146,ground,Hatchet,1,35,0,0,0,50,99
3,146,ground,Sap jar,2,0,0,0,0,43,58
3,146,ground,Spring Trap,2,0,0,0,0,51,37
3,146,wall,Fried Egg,2,0,0,0,0,107,17
3,146,wall,Cooked Meat,2,0,0,0,0,58,22
3,147,ground,Stick,1,18,0,0,0,78,80
3,147,ground,Hatchet,1,35,0,0,0,81,51
3,147,ground,Flint Knife,1,60,0,0,0,34,39
3,147,ground,Throwing Net,2,0,0,0,0,35,39
3,147,ground,Torch,1,90,0,0,0,56,33
3,147,ground,Thorn Caltrops,2,0,0,0,0,99,97
3,147,carried,Buckler,1,30,0,0,0,34,52
3,147,ground,Hunting Horn,1,0,8,0,0,86,32
3,147,ground,Rake,1,400,0,0,0,54,58
3,147,ground,Herb Bag,1,0,4,0,0,50,52
3,147,ground,Bird Seed,1,0,0,0,0,39,54
3,147,ground,Bandage,2,0,0,0,0,32,55
3,147,ground,Splint,1,0,2,0,0,100,118
3,147,ground,Ammo,1,0,0,0,0,101,125
3,147,ground,Medkit,1,0,0,0,0,53,17
3,147,ground,Ammo,1,0,0,0,0,14,57
3,147,ground,Ammo,1,0,0,0,0,51,17
3,147,wall,Throwing Rock,3,0,0,0,0,45,55
3,147,wall,Blink Seed,2,0,0,0,0,79,131
3,148,ground,Stick,1,18,0,0,0,13,58
3,148,ground,River Fish,6,0,0,0,0,15,102
3,148,ground,Hatchet,1,35,0,0,0,30,96
3,148,ground,Mushroom spores,2,0,0,0,0,33,108
3,148,ground,Stick,1,18,0,0,0,37,13
3,148,ground,Rope Hook,1,0,24,0,0,38,13
3,148,ground,Torch,1,90,0,0,0,33,35
3,148,ground,Pickaxe,1,32,0,0,0,39,79
3,148,ground,Digging Claws,1,200,0,0,0,36,57
3,148,ground,Hatchet,1,35,0,0,0,53,105
3,148,ground,Torch,1,90,0,0,0,52,105
3,148,ground,Wooden Maul,1,24,0,0,0,83,105
3,148,ground,Root Drill,1,0,3,0,0,84,104
3,148,carried,Buckler,1,30,0,0,0,57,109
3,148,ground,Fungal Bread,2,0,0,0,0,83,98
3,148,ground,Firecracker,2,0,0,0,0,79,96
3,148,ground,Firecracker,2,0,0,0,0,83,100
3,148,ground,Pickaxe,1,32,0,0,0,19,78
3,148,ground,Seed Bag,1,0,6,0,0,7,77
3,148,ground,Herb Bag,1,0,4,0,0,10,77
3,148,ground,Rake,1,400,0,0,0,29,127
3,148,ground,Bandage,2,0,0,0,0,38,122
3,148,ground,Medkit,1,0,0,0,0,57,115
3,148,ground,Ammo,1,0,0,0,0,52,127
3,148,ground,Buckler,1,30,0,0,0,2,81
3,148,wall,Reflecting Pan,1,24,0,0,0,61,40
3,149,ground,Stick,1,18,0,0,0,33,81
3,149,ground,Stick,1,18,0,0,0,32,12
3,149,ground,Rake,1,400,0,0,0,34,33
3,149,ground,Pickaxe,1,32,0,0,0,30,32
3,149,ground,Rope Snare,2,0,0,0,0,27,7
3,149,ground,River Fish,5,0,0,0,0,51,36
3,149,ground,Fishing Line,1,0,20,0,0,52,38
3,149,ground,River Fish,6,0,0,0,0,18,76
3,149,ground,Fishing Line,1,0,20,0,0,18,74
3,149,ground,Rabbit Charm,1,0,0,0,0,16,94
3,149,ground,Mushroom spores,2,0,0,0,0,37,103
3,149,ground,Ammo,1,0,0,0,0,13,50
3,149,ground,Blunderbuss,1,0,0,2,14,58,104
3,149,ground,Ammo,1,0,0,0,0,52,103
3,149,ground,Mushroom spores,2,0,0,0,0,17,79
3,149,ground,Medkit,1,0,0,0,0,13,6
3,149,ground,Bandage,2,0,0,0,0,14,9
3,149,ground,Bandage,2,0,0,0,0,15,6
3,149,ground,Ammo,1,0,0,0,0,18,7
3,149,ground,River Fish,2,0,0,0,0,41,88
3,149,ground,River Fish,3,0,0,0,0,46,71
3,149,ground,River Fish,3,0,0,0,0,54,57
3,149,ground,River Fish,5,0,0,0,0,58,18
3,149,stored,Bird Seed,3,0,0,0,0,34,90
3,149,stored,Sap jar,2,0,0,0,0,9,77
3,150,ground,Stick,1,18,0,0,0,55,58
3,150,ground,Reflecting Pan,1,24,0,0,0,41,64
3,150,ground,Lighter,1,0,20,0,0,17,74
3,150,ground,Splint,1,0,2,0,0,31,67
3,150,ground,River Fish,6,0,0,0,0,35,32
3,150,ground,Herb Bag,1,0,4,0,0,61,34
3,150,ground,Resin Glue,1,0,0,0,0,65,31
3,150,ground,Oil flask,2,0,0,0,0,55,28
3,150,ground,Blunderbuss,1,0,0,2,14,75,55
3,150,ground,Throwing Net,2,0,0,0,0,76,55
3,150,ground,Torch,1,90,0,0,0,77,33
3,150,ground,Rope Hook,1,0,24,0,0,16,56
3,150,ground,Bitter Root,1,0,0,0,0,13,107
3,150,ground,Rake,1,400,0,0,0,30,14
3,150,ground,Herb Bag,1,0,4,0,0,37,16
3,150,ground,Ammo,1,0,0,0,0,13,121
3,150,ground,Throwing Net,2,0,0,0,0,12,12
3,150,ground,Ammo,1,0,0,0,0,17,10
3,150,ground,Medkit,1,0,0,0,0,93,36
3,150,ground,Ammo,1,0,0,0,0,63,74
3,150,ground,Bandage,2,0,0,0,0,99,30
3,150,ground,Ammo,1,0,0,0,0,109,31
3,150,ground,Herb Bag,1,0,4,0,0,13,38
3,150,wall,Cooked Meat,2,0,0,0,0,33,7
3,150,wall,Pickaxe,1,32,0,0,0,10,89
3,151,ground,Stick,1,18,0,0,0,57,81
3,151,ground,River Fish,5,0,0,0,0,29,52
3,151,ground,Thorn Caltrops,2,0,0,0,0,38,68
3,151,ground,Stick,1,18,0,0,0,57,127
3,151,ground,Rope Hook,1,0,24,0,0,58,127
3,151,ground,Torch,1,90,0,0,0,78,121
3,151,ground,River Fish,5,0,0,0,0,58,58
3,151,ground,Acorn Mine,2,0,0,0,0,38,35
3,151,ground,Bird Seed,3,0,0,0,0,77,79
3,151,ground,Fungal Bread,1,0,0,0,0,78,85
3,151,ground,Mushroom spores,2,0,0,0,0,56,51
3,151,ground,Ammo,1,0,0,0,0,81,99
3,151,ground,Bandage,2,0,0,0,0,14,74
3,151,ground,Medkit,1,0,0,0,0,27,123
3,151,ground,Boomerang,1,0,0,0,0,51,94
3,151,ground,Ammo,1,0,0,0,0,53,96
3,151,ground,Ammo,1,0,0,0,0,26,124
3,151,ground,Bandage,3,0,0,0,0,22,64
3,151,ground,Bandage,3,0,0,0,0,31,12
3,151,wall,Hatchet,1,35,0,0,0,58,67
3,152,ground,Stick,1,18,0,0,0,77,36
3,152,ground,Crossbow,1,0,0,1,16,86,81
3,152,ground,Fried Egg,2,0,0,0,0,98,58
3,152,ground,Rake,1,400,0,0,0,101,66
3,152,ground,River Fish,6,0,0,0,0,34,103
3,152,ground,Hatchet,1,35,0,0,0,116,74
3,152,ground,Sap jar,2,0,0,0,0,55,77
3,152,ground,Ammo,1,0,0,0,0,94,25
3,152,ground,Resin Glue,1,0,0,0,0,103,9
3,152,ground,Bandage,2,0,0,0,0,102,11
3,152,ground,Bird Seed,1,0,0,0,0,79,101
3,152,ground,Bandage,2,0,0,0,0,70,101
3,152,ground,Bandage,2,0,0,0,0,61,100
3,152,ground,Ammo,1,0,0,0,0,129,53
3,152,ground,Ammo,1,0,0,0,0,58,59
3,152,ground,River Fish,4,0,0,0,0,45,79
3,152,ground,River Fish,2,0,0,0,0,63,67
3,152,ground,River Fish,5,0,0,0,0,79,53
3,152,ground,River Fish,2,0,0,0,0,96,41
3,152,ground,River Fish,4,0,0,0,0,119,36
3,152,ground,Water flask,2,0,0,0,0,125,33
3,152,ground,Rake,1,400,0,0,0,121,85
3,152,ground,Bomb,2,0,0,0,0,101,29
3,152,wall,Reflecting Pan,1,24,0,0,0,119,51
3,153,ground,Stick,1,18,0,0,0,33,81
3,153,carried,Buckler,1,30,0,0,0,59,82
3,153,carried,Buckler,1,30,0,0,0,61,84
3,153,carried,Buckler,1,30,0,0,0,63,79
3,153,ground,Rope Hook,1,0,24,0,0,63,97
3,153,ground,Bow,1,0,0,20,0,58,95
3,153,ground,Blunderbuss,1,0,0,2,14,67,99
3,153,ground,River Fish,3,0,0,0,0,57,54
3,153,ground,Bear Trap,2,0,0,0,0,69,93
3,153,ground,Mushroom spores,2,0,0,0,0,55,51
3,153,ground,Rake,1,400,0,0,0,5,55
3,153,ground,Ammo,1,0,0,0,0,19,54
3,153,ground,Ammo,1,0,0,0,0,36,36
3,153,ground,Medkit,1,0,0,0,0,15,77
3,153,ground,Reflecting Pan,1,24,0,0,0,74,116
3,153,ground,Ammo,1,0,0,0,0,79,124
3,153,ground,Bandage,2,0,0,0,0,16,80
3,153,ground,Bandage,2,0,0,0,0,9,82
3,153,ground,Ammo,1,0,0,0,0,10,85
3,153,ground,River Fish,2,0,0,0,0,32,25
3,153,ground,River Fish,3,0,0,0,0,39,37
3,153,ground,River Fish,3,0,0,0,0,32,40
3,153,stored,Wooden Maul,1,24,0,0,0,7,37
3,153,stored,Bandage,3,0,0,0,0,10,32
3,153,stored,Spring Trap,2,0,0,0,0,14,29
3,153,stored,Bomb,2,0,0,0,0,28,14
3,153,stored,Stick,1,18,0,0,0,35,15
3,153,stored,Rope Hook,1,0,24,0,0,31,7
3,153,stored,Bird Seed,3,0,0,0,0,31,18
3,154,ground,Stick,1,18,0,0,0,79,35
3,154,ground,River Fish,5,0,0,0,0,58,55
3,154,ground,River Fish,5,0,0,0,0,105,32
3,154,carried,Buckler,1,30,0,0,0,34,78
3,154,carried,Buckler,1,30,0,0,0,122,13
3,154,carried,Buckler,1,30,0,0,0,37,98
3,154,ground,Mushroom spores,2,0,0,0,0,52,72
3,154,ground,Water flask,2,0,0,0,0,81,55
3,154,ground,Mushroom spores,2,0,0,0,0,59,57
3,154,ground,Rabbit Charm,1,0,0,0,0,82,77
3,154,ground,Ammo,1,0,0,0,0,80,82
3,154,ground,Bandage,2,0,0,0,0,100,13
3,154,ground,Ammo,1,0,0,0,0,107,57
3,154,ground,Ammo,1,0,0,0,0,98,83
3,154,ground,Medkit,1,0,0,0,0,9,73
3,154,ground,Bandage,2,0,0,0,0,15,79
3,154,ground,Ammo,1,0,0,0,0,12,83
3,154,ground,River Fish,5,0,0,0,0,102,92
3,154,ground,Digging Claws,1,200,0,0,0,89,101
3,154,ground,Blunderbuss,1,0,0,2,14,126,7
3,155,ground,Stick,1,18,0,0,0,79,59
3,155,ground,Blink Seed,2,0,0,0,0,74,88
3,155,ground,Water flask,2,0,0,0,0,96,74
3,155,ground,Mushroom spores,2,0,0,0,0,34,42
3,155,ground,Blunderbuss,1,0,0,2,14,61,33
3,155,ground,Rope Hook,1,0,24,0,0,62,33
3,155,ground,Torch,1,90,0,0,0,57,57
3,155,ground,Digging Claws,1,200,0,0,0,100,35
3,155,ground,Pitch Bomb,2,0,0,0,0,105,28
3,155,ground,Throwing Net,2,0,0,0,0,73,103
3,155,ground,Rake,1,400,0,0,0,57,103
3,155,ground,Ammo,1,0,0,0,0,53,101
3,155,ground,Throwing Net,2,0,0,0,0,75,123
3,155,ground,Fungal Bread,1,0,0,0,0,78,120
3,155,ground,Medkit,1,0,0,0,0,8,81
3,155,ground,Bandage,2,0,0,0,0,9,83
3,155,ground,Ammo,1,0,0,0,0,12,84
3,155,ground,Lighter,1,0,20,0,0,43,8
3,155,ground,Mushroom spores,2,0,0,0,0,56,2
3,155,ground,Thorn Caltrops,2,0,0,0,0,75,116
3,155,wall,Bandage,3,0,0,0,0,42,75
3,156,ground,Stick,1,18,0,0,0,79,59
3,156,ground,Flint Knife,1,60,0,0,0,59,12
3,156,ground,Rope Hook,1,0,24,0,0,60,12
3,156,ground,Torch,1,90,0,0,0,55,57
3,156,carried,Buckler,1,30,0,0,0,15,35
3,156,ground,Hatchet,1,35,0,0,0,66,56
3,156,ground,Hunting Horn,1,0,8,0,0,94,50
3,156,ground,Herb Bag,1,0,4,0,0,106,51
3,156,ground,Ammo,1,0,0,0,0,123,51
3,156,ground,Bird Seed,1,0,0,0,0,4,58
3,156,ground,Fungal Bread,1,0,0,0,0,17,55
3,156,ground,Bandage,2,0,0,0,0,100,72
3,156,ground,Crossbow,1,0,0,1,16,125,35
3,156,ground,Ammo,1,0,0,0,0,120,40
3,156,ground,Ammo,1,0,0,0,0,14,26
3,156,ground,River Fish,5,0,0,0,0,65,35
3,156,ground,River Fish,5,0,0,0,0,115,71
3,156,stored,Bow,1,0,0,20,0,105,76
3,156,stored,Hunting Horn,1,0,8,0,0,107,72
3,156,stored,Torch,1,90,0,0,0,107,56
3,156,stored,Rotten Fruit,3,0,0,0,0,100,56
3,156,ground,Throwing Rock,3,0,0,0,0,99,83
3,156,ground,Torch,1,90,0,0,0,105,80
3,156,ground,Seed Bag,1,0,6,0,0,125,60
3,156,ground,Lighter,1,0,20,0,0,38,61
3,156,wall,Flint Knife,1,60,0,0,0,9,61
3,156,wall,Hatchet,1,35,0,0,0,13,66
3,156,wall,Torch,1,90,0,0,0,127,75
3,157,ground,Stick,1,18,0,0,0,34,57
3,157,ground,River Fish,3,0,0,0,0,98,104
3,157,ground,Flint Knife,1,60,0,0,0,105,81
3,157,ground,Pitch Bomb,2,0,0,0,0,101,99
3,157,ground,Wooden Maul,1,24,0,0,0,38,101
3,157,ground,Rope Hook,1,0,24,0,0,39,101
3,157,ground,Torch,1,90,0,0,0,34,77
3,157,ground,River Fish,5,0,0,0,0,53,98
3,157,ground,River Fish,3,0,0,0,0,76,28
3,157,carried,Buckler,1,30,0,0,0,106,20
3,157,ground,Mushroom spores,2,0,0,0,0,39,77
3,157,ground,Water flask,2,0,0,0,0,50,109
3,157,ground,Ammo,1,0,0,0,0,84,96
3,157,ground,Herb Bag,1,0,4,0,0,7,78
3,157,ground,Ammo,1,0,0,0,0,9,79
3,157,ground,Rake,1,400,0,0,0,98,54
3,157,ground,Herb Bag,1,0,4,0,0,105,57
3,157,ground,Bandage,2,0,0,0,0,86,76
3,157,ground,Medkit,1,0,0,0,0,94,17
3,157,ground,Ammo,1,0,0,0,0,99,17
3,157,ground,Rope Snare,2,0,0,0,0,73,83
3,157,ground,Sap jar,2,0,0,0,0,76,42
3,157,ground,Torch,1,90,0,0,0,23,88
3,157,wall,Seed Bag,1,0,6,0,0,105,34
3,158,ground,Stick,1,18,0,0,0,34,81
3,158,ground,Bow,1,0,0,20,0,53,39
3,158,ground,River Fish,6,0,0,0,0,60,74
3,158,ground,Bow,1,0,0,20,0,51,101
3,158,ground,Hatchet,1,35,0,0,0,37,52
3,158,ground,Torch,1,90,0,0,0,38,52
3,158,ground,Hunting Spear,1,45,0,0,0,8,52
3,158,ground,Root Drill,1,0,3,0,0,7,52
3,158,carried,Buckler,1,30,0,0,0,15,56
3,158,carried,Buckler,1,30,0,0,0,35,59
3,158,carried,Buckler,1,30,0,0,0,5,52
3,158,ground,Fungal Bread,2,0,0,0,0,5,54
3,158,ground,Mushroom spores,2,0,0,0,0,76,83
3,158,ground,Medkit,1,0,0,0,0,56,13
3,158,ground,Lighter,1,0,20,0,0,105,58
3,158,ground,Pocket Door,1,0,2,0,0,8,30
3,158,ground,Ammo,1,0,0,0,0,13,31
3,158,ground,Rake,1,400,0,0,0,81,102
3,158,ground,Fungal Bread,1,0,0,0,0,85,97
3,158,ground,Bandage,2,0,0,0,0,54,11
3,158,ground,Ammo,1,0,0,0,0,54,10
3,158,ground,Lighter,1,0,20,0,0,76,104
3,158,ground,Rake,1,400,0,0,0,94,61
3,158,wall,Sticky Boots,1,0,4,0,0,107,52
3,159,ground,Stick,1,18,0,0,0,79,57
3,159,ground,Pickaxe,1,32,0,0,0,75,11
3,159,ground,Rope Hook,1,0,24,0,0,76,11
3,159,ground,Torch,1,90,0,0,0,78,35
3,159,ground,River Fish,4,0,0,0,0,98,58
3,159,ground,Fishing Line,1,0,20,0,0,98,61
3,159,carried,Buckler,1,30,0,0,0,148,10
3,159,carried,Buckler,1,30,0,0,0,103,39
3,159,carried,Buckler,1,30,0,0,0,150,37
3,159,ground,Sap jar,2,0,0,0,0,79,5
3,159,ground,Mushroom spores,2,0,0,0,0,100,56
3,159,ground,Torch,1,90,0,0,0,63,34
3,159,ground,Fungal Bread,1,0,0,0,0,99,37
3,159,ground,Ammo,1,0,0,0,0,126,11
3,159,ground,Ammo,1,0,0,0,0,52,60
3,159,ground,Herb Bag,1,0,4,0,0,9,57
3,159,ground,Medkit,1,0,0,0,0,150,29
3,159,ground,Ammo,1,0,0,0,0,138,35
3,159,ground,Pickaxe,1,32,0,0,0,91,13
3,159,ground,Buckler,1,30,0,0,0,92,44
3,159,ground,Fungal Bread,1,0,0,0,0,62,15
3,159,ground,Water flask,2,0,0,0,0,30,29
3,159,wall,Fried Egg,2,0,0,0,0,32,66
3,160,ground,Stick,1,18,0,0,0,78,79
3,160,ground,Throwing Rock,3,0,0,0,0,41,22
3,160,ground,Crossbow,1,0,0,1,16,56,58
3,160,ground,Throwing Net,2,0,0,0,0,57,58
3,160,ground,Torch,1,90,0,0,0,33,56
3,160,ground,Pickaxe,1,32,0,0,0,78,13
3,160,ground,Rotten Fruit,3,0,0,0,0,77,6
3,160,ground,River Fish,6,0,0,0,0,61,82
3,160,ground,Fishing Line,1,0,20,0,0,61,79
3,160,ground,Sleep Meds,3,0,0,0,0,56,88
3,160,ground,Rake,1,400,0,0,0,77,57
3,160,ground,Bandage,2,0,0,0,0,78,53
3,160,ground,Water flask,2,0,0,0,0,55,76
3,160,ground,Herb Bag,1,0,4,0,0,16,30
3,160,ground,Medkit,1,0,0,0,0,32,77
3,160,ground,Ammo,1,0,0,0,0,30,80
3,160,ground,River Fish,5,0,0,0,0,61,67
3,160,ground,River Fish,2,0,0,0,0,67,54
3,160,ground,River Fish,2,0,0,0,0,61,41
3,160,ground,River Fish,5,0,0,0,0,68,29
3,160,ground,Bow,1,0,0,20,0,14,63
3,160,ground,Seed Bag,1,0,6,0,0,18,69
3,161,ground,Stick,1,18,0,0,0,35,57
3,161,ground,River Fish,6,0,0,0,0,51,79
3,161,ground,Bow,1,0,0,20,0,57,101
3,161,ground,Hatchet,1,35,0,0,0,100,37
3,161,ground,Lighter,1,0,20,0,0,83,36
3,161,ground,Digging Claws,1,200,0,0,0,98,27
3,161,ground,Stick,1,18,0,0,0,104,40
3,161,carried,Buckler,1,30,0,0,0,72,77
3,161,ground,Pickaxe,1,32,0,0,0,62,33
3,161,ground,Lighter,1,0,20,0,0,33,69
3,161,ground,Ammo,1,0,0,0,0,35,77
3,161,ground,Chili,1,0,0,0,0,53,56
3,161,ground,Bandage,2,0,0,0,0,53,29
3,161,ground,Bandage,2,0,0,0,0,36,94
3,161,ground,Medkit,1,0,0,0,0,77,77
3,161,ground,Ammo,1,0,0,0,0,17,120
3,161,ground,Ammo,1,0,0,0,0,85,80
3,161,ground,Water flask,2,0,0,0,0,34,99
3,161,ground,Mushroom spores,2,0,0,0,0,77,52
3,161,ground,Smoke pot,2,0,0,0,0,56,50
3,161,ground,Torch,1,90,0,0,0,26,101
3,161,ground,Thorn Caltrops,2,0,0,0,0,34,84
3,161,wall,Throwing Net,2,0,0,0,0,17,50
3,161,wall,Water flask,2,0,0,0,0,2,127
3,162,ground,Stick,1,18,0,0,0,35,79
3,162,ground,Wooden Maul,1,24,0,0,0,15,55
3,162,ground,Rope Hook,1,0,24,0,0,16,55
3,162,ground,Torch,1,90,0,0,0,13,78
3,162,ground,Fungal Bread,1,0,0,0,0,55,147
3,162,ground,Flint Knife,1,60,0,0,0,53,146
3,162,ground,Sap jar,2,0,0,0,0,59,132
3,162,ground,Hatchet,1,35,0,0,0,60,75
3,162,ground,Torch,1,90,0,0,0,60,74
3,162,ground,Torch,1,90,0,0,0,60,103
3,162,ground,Root Drill,1,0,3,0,0,59,104
3,162,carried,Buckler,1,30,0,0,0,62,87
3,162,carried,Buckler,1,30,0,0,0,53,84
3,162,carried,Buckler,1,30,0,0,0,50,83
3,162,ground,Fungal Bread,2,0,0,0,0,55,74
3,162,ground,Firecracker,2,0,0,0,0,49,77
3,162,ground,River Fish,6,0,0,0,0,52,14
3,162,ground,Hunting Spear,1,45,0,0,0,53,36
3,162,carried,Buckler,1,30,0,0,0,63,59
3,162,ground,Pitch Bomb,2,0,0,0,0,40,38
3,162,ground,Rake,1,400,0,0,0,61,59
3,162,ground,Bandage,2,0,0,0,0,62,62
3,162,ground,Medkit,1,0,0,0,0,34,148
3,162,ground,Stick,1,18,0,0,0,34,94
3,162,ground,Ammo,1,0,0,0,0,38,110
3,162,ground,Water flask,2,0,0,0,0,60,14
3,162,ground,Bandage,2,0,0,0,0,36,142
3,162,ground,Ammo,1,0,0,0,0,33,139
3,162,ground,River Fish,4,0,0,0,0,63,29
3,162,ground,River Fish,3,0,0,0,0,64,43
3,162,ground,River Fish,4,0,0,0,0,65,57
3,162,stored,Water flask,2,0,0,0,0,32,35
3,162,stored,Crossbow,1,0,0,1,16,38,35
3,162,stored,Bandaid,5,0,0,0,0,34,29
3,162,ground,Flint Knife,1,60,0,0,0,48,7
3,162,ground,Hatchet,1,35,0,0,0,46,91
3,163,ground,Stick,1,18,0,0,0,55,80
3,163,ground,Cooked Meat,2,0,0,0,0,51,97
3,163,ground,River Fish,5,0,0,0,0,74,98
3,163,ground,Pickaxe,1,32,0,0,0,32,58
3,163,carried,Buckler,1,30,0,0,0,63,8
3,163,ground,Thorn Caltrops,2,0,0,0,0,56,8
3,163,ground,Rake,1,400,0,0,0,75,60
3,163,ground,Fungal Bread,1,0,0,0,0,82,53
3,163,ground,Water flask,2,0,0,0,0,82,104
3,163,ground,Ammo,1,0,0,0,0,71,117
3,163,ground,Fungal Bread,1,0,0,0,0,72,39
3,163,ground,Ammo,1,0,0,0,0,64,50
3,163,ground,Medkit,1,0,0,0,0,53,17
3,163,ground,Ammo,1,0,0,0,0,8,62
3,163,ground,Ammo,1,0,0,0,0,61,43
3,163,ground,River Fish,2,0,0,0,0,78,108
3,163,ground,River Fish,2,0,0,0,0,90,112
3,163,ground,Lighter,1,0,20,0,0,70,105
3,163,ground,Hunting Horn,1,0,8,0,0,72,81
3,163,ground,Rake,1,400,0,0,0,39,64
3,163,wall,Bandage,3,0,0,0,0,69,14
3,164,ground,Stick,1,18,0,0,0,79,80
3,164,ground,Straw Decoy,1,0,0,0,0,27,56
3,164,ground,Splint,1,0,2,0,0,23,27
3,164,ground,Torch,1,90,0,0,0,56,73
3,164,ground,Rope Hook,1,0,24,0,0,57,73
3,164,ground,Torch,1,90,0,0,0,13,79
3,164,ground,Digging Claws,1,200,0,0,0,75,63
3,164,ground,Pickaxe,1,32,0,0,0,18,81
3,164,ground,Bird Seed,1,0,0,0,0,58,58
3,164,ground,Bandage,2,0,0,0,0,61,59
3,164,ground,Rake,1,400,0,0,0,38,7
3,164,ground,Fungal Bread,1,0,0,0,0,34,16
3,164,ground,Medkit,1,0,0,0,0,20,15
3,164,ground,Reflecting Pan,1,24,0,0,0,73,39
3,164,ground,Ammo,1,0,0,0,0,79,27
3,164,ground,Ammo,1,0,0,0,0,19,15
3,164,ground,River Fish,4,0,0,0,0,41,31
3,164,ground,Cooked Meat,2,0,0,0,0,46,73
3,164,ground,Rope Hook,1,0,24,0,0,69,53
3,165,ground,Stick,1,18,0,0,0,57,80
3,165,ground,Seed Bag,1,0,6,0,0,120,33
3,165,ground,Pickaxe,1,32,0,0,0,75,43
3,165,ground,River Fish,5,0,0,0,0,78,84
3,165,ground,Wooden Maul,1,24,0,0,0,76,60
3,165,ground,Smoke pot,2,0,0,0,0,74,94
3,165,ground,Water flask,2,0,0,0,0,80,76
3,165,ground,Rake,1,400,0,0,0,76,96
3,165,ground,Fungal Bread,1,0,0,0,0,84,101
3,165,ground,Ammo,1,0,0,0,0,27,29
3,165,ground,Fungal Bread,1,0,0,0,0,14,33
3,165,ground,Bandage,2,0,0,0,0,74,56
3,165,ground,Ammo,1,0,0,0,0,106,78
3,165,ground,Ammo,1,0,0,0,0,56,15
3,165,ground,River Fish,3,0,0,0,0,66,9
3,165,ground,River Fish,2,0,0,0,0,82,5
3,165,ground,Fried Egg,2,0,0,0,0,39,6
3,165,ground,Bandage,3,0,0,0,0,96,95
3,166,ground,Stick,1,18,0,0,0,77,35
3,166,ground,River Fish,6,0,0,0,0,53,55
3,166,ground,Boomerang,1,0,0,0,0,56,34
3,166,ground,Lighter,1,0,20,0,0,62,58
3,166,ground,Crossbow,1,0,0,1,16,101,59
3,166,ground,Rope Hook,1,0,24,0,0,102,59
3,166,ground,Torch,1,90,0,0,0,77,57
3,166,ground,Pickaxe,1,32,0,0,0,56,12
3,166,ground,Buckler,1,30,0,0,0,24,33
3,166,ground,Ammo,1,0,0,0,0,121,62
3,166,ground,Medkit,1,0,0,0,0,140,60
3,166,ground,Torch,1,90,0,0,0,29,53
3,166,ground,Mushroom spores,2,0,0,0,0,94,75
3,166,ground,Bandage,2,0,0,0,0,148,55
3,166,ground,Bandage,2,0,0,0,0,141,59
3,166,ground,Ammo,1,0,0,0,0,140,57
3,166,ground,River Fish,2,0,0,0,0,111,61
3,166,ground,River Fish,4,0,0,0,0,123,36
3,166,ground,Cooked Meat,2,0,0,0,0,91,21
3,166,ground,Blunderbuss,1,0,0,2,14,83,86
3,166,ground,Smoke pot,2,0,0,0,0,78,80
3,166,wall,Acorn Mine,2,0,0,0,0,67,5
3,166,wall,Bomb,2,0,0,0,0,36,54
3,167,ground,Stick,1,18,0,0,0,12,79
3,167,ground,Pitch Bomb,2,0,0,0,0,56,36
3,167,ground,Buckler,1,30,0,0,0,31,36
3,167,ground,Hand Bell,1,0,80,0,0,40,26
3,167,ground,Hatchet,1,35,0,0,0,54,58
3,167,ground,Hatchet,1,35,0,0,0,43,50
3,167,ground,Pickaxe,1,32,0,0,0,61,52
3,167,ground,Hatchet,1,35,0,0,0,51,75
3,167,ground,Torch,1,90,0,0,0,50,75
3,167,ground,Pickaxe,1,32,0,0,0,81,75
3,167,ground,Root Drill,1,0,3,0,0,82,75
3,167,carried,Buckler,1,30,0,0,0,72,72
3,167,carried,Buckler,1,30,0,0,0,53,84
3,167,ground,Fungal Bread,2,0,0,0,0,63,78
3,167,ground,Fungal Bread,2,0,0,0,0,61,78
3,167,ground,River Fish,6,0,0,0,0,61,118
3,167,ground,Pickaxe,1,32,0,0,0,32,70
3,167,ground,Bird Seed,1,0,0,0,0,39,83
3,167,ground,Fungal Bread,1,0,0,0,0,33,81
3,167,ground,Rake,1,400,0,0,0,83,52
3,167,ground,Herb Bag,1,0,4,0,0,85,51
3,167,ground,Medkit,1,0,0,0,0,82,33
3,167,ground,Root Drill,1,0,3,0,0,58,8
3,167,ground,Ammo,1,0,0,0,0,60,16
3,167,ground,Ammo,1,0,0,0,0,80,36
3,167,ground,River Fish,4,0,0,0,0,48,107
3,167,ground,River Fish,5,0,0,0,0,42,83
3,167,ground,River Fish,4,0,0,0,0,33,28
3,167,ground,Torch,1,90,0,0,0,76,68
3,167,wall,Buckler,1,30,0,0,0,87,79
3,167,wall,Torch,1,90,0,0,0,36,87
3,168,ground,Stick,1,18,0,0,0,78,79
3,168,ground,Rope Snare,2,0,0,0,0,58,42
3,168,ground,Sleep Meds,3,0,0,0,0,35,56
3,168,carried,Buckler,1,30,0,0,0,54,98
3,168,ground,Spring Trap,2,0,0,0,0,54,72
3,168,ground,Rake,1,400,0,0,0,54,79
3,168,ground,Herb Bag,1,0,4,0,0,49,77
3,168,ground,Ammo,1,0,0,0,0,9,52
3,168,ground,Bird Seed,1,0,0,0,0,82,62
3,168,ground,Herb Bag,1,0,4,0,0,72,52
3,168,ground,Bandage,2,0,0,0,0,57,100
3,168,ground,Ammo,1,0,0,0,0,33,15
3,168,ground,Digging Claws,1,200,0,0,0,17,31
3,168,ground,Ammo,1,0,0,0,0,9,27
3,168,ground,Ammo,1,0,0,0,0,81,37
3,168,ground,Straw Decoy,1,0,0,0,0,78,55
3,168,wall,Hatchet,1,35,0,0,0,62,70
3,169,ground,Stick,1,18,0,0,0,35,58
3,169,ground,Bomb,2,0,0,0,0,55,85
3,169,ground,Firecracker,3,0,0,0,0,51,75
3,169,ground,River Fish,4,0,0,0,0,82,101
3,169,carried,Buckler,1,30,0,0,0,54,101
3,169,carried,Buckler,1,30,0,0,0,32,6
3,169,ground,Throwing Rock,3,0,0,0,0,8,58
3,169,ground,Water flask,2,0,0,0,0,9,58
3,169,ground,Ammo,1,0,0,0,0,12,61
3,169,ground,Rake,1,400,0,0,0,63,42
3,169,ground,Bandage,2,0,0,0,0,49,37
3,169,ground,Ammo,1,0,0,0,0,73,73
3,169,ground,Medkit,1,0,0,0,0,58,102
3,169,ground,Blunderbuss,1,0,0,2,14,86,119
3,169,ground,Ammo,1,0,0,0,0,68,120
3,169,ground,Bandage,2,0,0,0,0,78,57
3,169,ground,Ammo,1,0,0,0,0,13,32
3,169,stored,Smoke pot,2,0,0,0,0,81,34
3,169,stored,Oil flask,2,0,0,0,0,77,33
3,169,stored,Bow,1,0,0,20,0,73,34
3,169,ground,Sap jar,2,0,0,0,0,6,46
3,169,ground,Pickaxe,1,32,0,0,0,80,76
3,169,ground,Hatchet,1,35,0,0,0,26,15
3,169,wall,Throwing Net,2,0,0,0,0,87,54
3,170,ground,Stick,1,18,0,0,0,33,79
3,170,ground,Sap jar,2,0,0,0,0,79,47
3,170,ground,Fungal Bread,1,0,0,0,0,62,35
3,170,ground,Seed Bag,1,0,6,0,0,70,74
3,170,ground,Hatchet,1,35,0,0,0,95,82
3,170,ground,Torch,1,90,0,0,0,95,83
3,170,ground,Digging Claws,1,200,0,0,0,95,53
3,170,ground,Root Drill,1,0,3,0,0,95,52
3,170,carried,Buckler,1,30,0,0,0,91,78
3,170,carried,Buckler,1,30,0,0,0,90,60
3,170,ground,Firecracker,2,0,0,0,0,94,77
3,170,ground,Fungal Bread,2,0,0,0,0,97,52
3,170,ground,Throwing Rock,3,0,0,0,0,50,45
3,170,ground,Pitch Bomb,2,0,0,0,0,62,9
3,170,ground,Ammo,1,0,0,0,0,56,7
3,170,ground,Rope Snare,2,0,0,0,0,36,33
3,170,ground,Ammo,1,0,0,0,0,30,34
3,170,ground,Medkit,1,0,0,0,0,32,13
3,170,ground,Bandage,2,0,0,0,0,35,7
3,170,ground,Bandage,2,0,0,0,0,39,8
3,170,ground,Hunting Spear,1,45,0,0,0,32,10
3,170,ground,Ammo,1,0,0,0,0,34,15
3,170,stored,Bandage,3,0,0,0,0,29,29
3,170,ground,Cooked Meat,2,0,0,0,0,65,21
3,170,ground,Stick,1,18,0,0,0,32,53
3,170,wall,Sticky Boots,1,0,4,0,0,23,36
3,171,ground,Stick,1,18,0,0,0,77,80
3,171,ground,Hatchet,1,35,0,0,0,61,59
3,171,ground,Torch,1,90,0,0,0,61,60
3,171,ground,Hatchet,1,35,0,0,0,61,29
3,171,ground,Root Drill,1,0,3,0,0,60,29
3,171,carried,Buckler,1,30,0,0,0,48,53
3,171,carried,Buckler,1,30,0,0,0,57,43
3,171,ground,Firecracker,2,0,0,0,0,47,56
3,171,ground,Firecracker,2,0,0,0,0,56,52
3,171,ground,River Fish,4,0,0,0,0,57,80
3,171,ground,River Fish,6,0,0,0,0,36,76
3,171,carried,Buckler,1,30,0,0,0,42,59
3,171,carried,Buckler,1,30,0,0,0,123,125
3,171,ground,Thorn Caltrops,2,0,0,0,0,100,112
3,171,ground,Mushroom spores,2,0,0,0,0,58,81
3,171,ground,Water flask,2,0,0,0,0,29,79
3,171,ground,Herb Bag,1,0,4,0,0,96,85
3,171,ground,Medkit,1,0,0,0,0,122,122
3,171,ground,Bandage,2,0,0,0,0,124,119
3,171,ground,Ammo,1,0,0,0,0,120,125
3,171,ground,River Fish,4,0,0,0,0,75,97
3,171,ground,River Fish,5,0,0,0,0,91,114
3,171,ground,River Fish,5,0,0,0,0,99,123
3,171,ground,Sap jar,2,0,0,0,0,97,72
3,171,ground,Rake,1,400,0,0,0,19,45
3,171,wall,Acorn Mine,2,0,0,0,0,42,63
3,172,ground,Stick,1,18,0,0,0,55,80
3,172,ground,Wooden Maul,1,24,0,0,0,54,12
3,172,ground,Reflecting Pan,1,24,0,0,0,61,22
3,172,ground,Bow,1,0,0,20,0,81,101
3,172,ground,Rope Hook,1,0,24,0,0,82,101
3,172,ground,Torch,1,90,0,0,0,78,79
3,172,ground,Hatchet,1,35,0,0,0,51,51
3,172,ground,Torch,1,90,0,0,0,50,51
3,172,ground,Flint Knife,1,60,0,0,0,81,51
3,172,ground,Root Drill,1,0,3,0,0,82,51
3,172,ground,Fungal Bread,2,0,0,0,0,63,48
3,172,ground,Firecracker,2,0,0,0,0,52,57
3,172,ground,Fungal Bread,2,0,0,0,0,52,53
3,172,ground,River Fish,5,0,0,0,0,84,29
3,172,ground,Hatchet,1,35,0,0,0,60,15
3,172,ground,Water flask,2,0,0,0,0,94,102
3,172,ground,Root Drill,1,0,3,0,0,56,101
3,172,ground,Ammo,1,0,0,0,0,53,100
3,172,ground,Medkit,1,0,0,0,0,16,12
3,172,ground,Water flask,2,0,0,0,0,72,31
3,172,ground,Bandage,2,0,0,0,0,11,4
3,172,ground,Bandage,2,0,0,0,0,17,4
3,172,ground,Ammo,1,0,0,0,0,16,18
3,172,ground,River Fish,3,0,0,0,0,77,53
3,172,ground,River Fish,2,0,0,0,0,83,68
3,172,ground,River Fish,5,0,0,0,0,92,100
3,172,stored,Wolf Whistle,1,0,8,0,0,71,44
3,172,wall,Wooden Maul,1,24,0,0,0,57,68
3,172,wall,Water flask,2,0,0,0,0,96,128
3,173,ground,Stick,1,18,0,0,0,55,36
3,173,ground,River Fish,3,0,0,0,0,72,59
3,173,ground,Blunderbuss,1,0,0,2,14,79,86
3,173,ground,Reflecting Pan,1,24,0,0,0,37,12
3,173,ground,Reflecting Pan,1,24,0,0,0,38,38
3,173,ground,River Fish,5,0,0,0,0,76,97
3,173,ground,Fishing Line,1,0,20,0,0,80,98
3,173,ground,Flint Knife,1,60,0,0,0,54,107
3,173,ground,Raw Meat,1,0,0,0,0,59,96
3,173,ground,Throwing Rock,3,0,0,0,0,38,56
3,173,ground,Bitter Root,1,0,0,0,0,53,58
3,173,ground,Bird Seed,1,0,0,0,0,96,54
3,173,ground,Herb Bag,1,0,4,0,0,103,57
3,173,ground,Medkit,1,0,0,0,0,49,75
3,173,ground,Fungal Bread,1,0,0,0,0,35,56
3,173,ground,Ammo,1,0,0,0,0,59,74
3,173,stored,Lighter,1,0,20,0,0,92,63
3,173,stored,Herb Bag,1,0,4,0,0,103,60
3,173,stored,Lighter,1,0,20,0,0,98,55
3,173,stored,Water flask,2,0,0,0,0,91,58
3,173,ground,Hatchet,1,35,0,0,0,71,106
3,173,ground,Hunting Spear,1,45,0,0,0,93,59
3,173,ground,Buckler,1,30,0,0,0,121,51
3,174,ground,Stick,1,18,0,0,0,77,80
3,174,ground,River Fish,3,0,0,0,0,38,31
3,174,ground,Hunting Spear,1,45,0,0,0,10,39
3,174,ground,Bow,1,0,0,20,0,39,35
3,174,ground,Stick,1,18,0,0,0,52,11
3,174,ground,Rope Hook,1,0,24,0,0,53,11
3,174,ground,Torch,1,90,0,0,0,55,33
3,174,carried,Buckler,1,30,0,0,0,32,13
3,174,ground,Bow,1,0,0,20,0,32,55
3,174,ground,Hatchet,1,35,0,0,0,58,53
3,174,ground,Ammo,1,0,0,0,0,53,65
3,174,ground,Bird Seed,1,0,0,0,0,34,49
3,174,ground,Bandage,2,0,0,0,0,26,52
3,174,ground,Thunder Acorn,2,0,0,0,0,84,96
3,174,ground,Ammo,1,0,0,0,0,83,99
3,174,ground,Medkit,1,0,0,0,0,26,5
3,174,ground,Ammo,1,0,0,0,0,33,96
3,174,ground,Ammo,1,0,0,0,0,71,35
3,174,ground,Bandage,2,0,0,0,0,33,5
3,174,ground,River Fish,5,0,0,0,0,9,46
3,174,ground,Splint,1,0,2,0,0,76,37
3,174,ground,Rope Snare,2,0,0,0,0,39,99
3,174,ground,Rake,1,400,0,0,0,27,77
3,174,wall,Acorn Mine,2,0,0,0,0,49,62
3,174,wall,Mushroom spores,2,0,0,0,0,61,82
3,175,ground,Stick,1,18,0,0,0,35,80
3,175,carried,Buckler,1,30,0,0,0,17,136
3,175,carried,Buckler,1,30,0,0,0,11,138
3,175,carried,Buckler,1,30,0,0,0,14,141
3,175,carried,Buckler,1,30,0,0,0,13,135
3,175,carried,Buckler,1,30,0,0,0,32,138
3,175,carried,Buckler,1,30,0,0,0,30,136
3,175,carried,Buckler,1,30,0,0,0,27,140
3,175,carried,Buckler,1,30,0,0,0,29,142
3,175,ground,Smoke pot,2,0,0,0,0,30,135
3,175,ground,Rake,1,400,0,0,0,27,141
3,175,ground,River Fish,5,0,0,0,0,10,7
3,175,ground,Crossbow,1,0,0,1,16,33,16
3,175,ground,Hatchet,1,35,0,0,0,7,16
3,175,ground,Pickaxe,1,32,0,0,0,13,3
3,175,carried,Buckler,1,30,0,0,0,57,142
3,175,carried,Buckler,1,30,0,0,0,16,54
3,175,carried,Buckler,1,30,0,0,0,16,94
3,175,ground,Mushroom spores,2,0,0,0,0,19,140
3,175,ground,Bird Seed,1,0,0,0,0,31,98
3,175,ground,Bandage,2,0,0,0,0,33,100
3,175,ground,Lantern Seed,1,0,0,0,0,17,73
3,175,ground,Fungal Bread,1,0,0,0,0,56,72
3,175,ground,Bandage,2,0,0,0,0,10,40
3,175,ground,Ammo,1,0,0,0,0,60,123
3,175,ground,Ammo,1,0,0,0,0,59,145
3,175,stored,Medkit,1,0,0,0,0,3,89
3,175,stored,Flint Knife,1,60,0,0,0,10,87
3,175,ground,Sap jar,2,0,0,0,0,8,86
3,175,ground,Pickaxe,1,32,0,0,0,10,103
3,175,ground,Resin Glue,1,0,0,0,0,52,97
3,175,ground,Hunting Horn,1,0,8,0,0,17,51
3,175,wall,Medkit,1,0,0,0,0,21,81
3,176,ground,Stick,1,18,0,0,0,78,80
3,176,ground,Hatchet,1,35,0,0,0,60,82
3,176,ground,Torch,1,90,0,0,0,60,83
3,176,ground,Bow,1,0,0,20,0,60,53
3,176,ground,Root Drill,1,0,3,0,0,58,52
3,176,ground,Fungal Bread,2,0,0,0,0,54,80
3,176,ground,Fungal Bread,2,0,0,0,0,57,56
3,176,ground,Firecracker,2,0,0,0,0,64,81
3,176,ground,Bomb,2,0,0,0,0,4,58
3,176,ground,Rake,1,400,0,0,0,79,60
3,176,ground,Bandage,2,0,0,0,0,84,53
3,176,ground,Lantern Seed,1,0,0,0,0,102,50
3,176,ground,Medkit,1,0,0,0,0,39,33
3,176,ground,Ammo,1,0,0,0,0,15,55
3,176,ground,Fungal Bread,1,0,0,0,0,38,6
3,176,ground,Ammo,1,0,0,0,0,30,34
3,176,ground,River Fish,5,0,0,0,0,19,27
3,176,stored,Firecracker,3,0,0,0,0,78,59
3,176,stored,Crossbow,1,0,0,1,16,78,101
3,176,stored,Water flask,2,0,0,0,0,52,28
3,176,ground,Lighter,1,0,20,0,0,59,43
3,176,wall,Hatchet,1,35,0,0,0,62,108
3,177,ground,Stick,1,18,0,0,0,33,81
3,177,ground,Pickaxe,1,32,0,0,0,8,101
3,177,ground,Rope Hook,1,0,24,0,0,9,101
3,177,ground,Torch,1,90,0,0,0,13,78
3,177,ground,Fungal Bread,1,0,0,0,0,16,35
3,177,ground,Water flask,2,0,0,0,0,5,38
3,177,ground,Pickaxe,1,32,0,0,0,17,30
3,177,carried,Buckler,1,30,0,0,0,72,57
3,177,ground,Digging Claws,1,200,0,0,0,15,104
3,177,ground,Mushroom spores,2,0,0,0,0,60,75
3,177,ground,Herb Bag,1,0,4,0,0,58,81
3,177,ground,Chili,1,0,0,0,0,33,57
3,177,ground,Bandage,2,0,0,0,0,64,59
3,177,ground,Bandage,2,0,0,0,0,56,34
3,177,ground,Pocket Door,1,0,2,0,0,16,13
3,177,ground,Ammo,1,0,0,0,0,11,14
3,177,ground,Ammo,1,0,0,0,0,75,51
3,177,stored,Digging Claws,1,200,0,0,0,50,33
3,177,ground,Mushroom spores,2,0,0,0,0,52,30
3,177,wall,Wooden Maul,1,24,0,0,0,54,104
3,178,ground,Stick,1,18,0,0,0,79,35
3,178,ground,River Fish,4,0,0,0,0,73,61
3,178,ground,River Fish,3,0,0,0,0,96,59
3,178,carried,Buckler,1,30,0,0,0,58,31
3,178,carried,Buckler,1,30,0,0,0,58,97
3,178,ground,Pickaxe,1,32,0,0,0,73,28
3,178,ground,Mushroom spores,2,0,0,0,0,73,59
3,178,ground,Bird Seed,1,0,0,0,0,60,36
3,178,ground,Fungal Bread,1,0,0,0,0,52,34
3,178,ground,Ammo,1,0,0,0,0,10,39
3,178,ground,Ammo,1,0,0,0,0,53,58
3,178,ground,Herb Bag,1,0,4,0,0,53,83
3,178,ground,Medkit,1,0,0,0,0,53,101
3,178,ground,Egg,3,0,0,0,0,15,17
3,178,ground,Ammo,1,0,0,0,0,16,16
3,178,ground,Ammo,1,0,0,0,0,77,96
3,178,stored,Bomb,2,0,0,0,0,101,60
3,178,stored,Crossbow,1,0,0,1,16,100,50
3,178,stored,Water flask,2,0,0,0,0,84,84
3,178,stored,Rabbit Charm,1,0,0,0,0,76,82
3,178,stored,Seed Bag,1,0,6,0,0,86,71
3,178,stored,Torch,1,90,0,0,0,76,71
3,178,ground,Resin Glue,1,0,0,0,0,21,32
3,178,wall,Rope Hook,1,0,24,0,0,49,53
3,179,ground,Stick,1,18,0,0,0,35,81
3,179,ground,Seed Bag,1,0,6,0,0,33,21
3,179,ground,Fried Egg,2,0,0,0,0,61,17
3,179,ground,Wooden Maul,1,24,0,0,0,78,82
3,179,ground,Rope Hook,1,0,24,0,0,79,82
3,179,ground,Torch,1,90,0,0,0,56,79
3,179,ground,Throwing Net,2,0,0,0,0,33,10
3,179,ground,Bird Seed,1,0,0,0,0,71,102
3,179,ground,Bandage,2,0,0,0,0,75,103
3,179,ground,Rake,1,400,0,0,0,51,101
3,179,ground,Bandage,2,0,0,0,0,58,97
3,179,ground,Ammo,1,0,0,0,0,75,122
3,179,ground,Bandage,2,0,0,0,0,34,104
3,179,ground,Pocket Door,1,0,2,0,0,70,54
3,179,ground,Ammo,1,0,0,0,0,78,50
3,179,ground,Ammo,1,0,0,0,0,13,97
3,179,ground,River Fish,3,0,0,0,0,31,24
3,179,ground,River Fish,4,0,0,0,0,20,58
3,179,ground,River Fish,5,0,0,0,0,8,70
3,179,ground,River Fish,4,0,0,0,0,2,87
3,179,ground,Rope Snare,2,0,0,0,0,24,45
3,179,ground,Spring Trap,2,0,0,0,0,11,75
3,179,ground,Wooden Maul,1,24,0,0,0,83,99
3,179,wall,Bandage,3,0,0,0,0,45,100
3,179,wall,Blunderbuss,1,0,0,2,14,87,131
3,180,ground,Stick,1,18,0,0,0,77,79
3,180,ground,Hatchet,1,35,0,0,0,6,59
3,180,ground,Torch,1,90,0,0,0,6,60
3,180,ground,Torch,1,90,0,0,0,6,31
3,180,ground,Root Drill,1,0,3,0,0,8,30
3,180,carried,Buckler,1,30,0,0,0,16,51
3,180,carried,Buckler,1,30,0,0,0,10,31
3,180,carried,Buckler,1,30,0,0,0,8,49
3,180,ground,Firecracker,2,0,0,0,0,3,33
3,180,ground,Firecracker,2,0,0,0,0,15,52
3,180,ground,River Fish,3,0,0,0,0,37,59
3,180,ground,Wooden Maul,1,24,0,0,0,40,34
3,180,ground,Thunder Acorn,2,0,0,0,0,75,56
3,180,ground,Ammo,1,0,0,0,0,77,48
3,180,ground,Digging Claws,1,200,0,0,0,61,79
3,180,ground,Bandage,2,0,0,0,0,61,80
3,180,ground,Bird Seed,1,0,0,0,0,59,59
3,180,ground,Fungal Bread,1,0,0,0,0,49,66
3,180,ground,Bandage,2,0,0,0,0,63,34
3,180,ground,Ammo,1,0,0,0,0,42,34
3,180,ground,Ammo,1,0,0,0,0,78,13
3,180,ground,Ammo,1,0,0,0,0,77,32
3,180,ground,Rabbit Charm,1,0,0,0,0,64,4
3,181,ground,Stick,1,18,0,0,0,11,59
3,181,ground,Hunting Spear,1,45,0,0,0,30,99
3,181,ground,Throwing Net,2,0,0,0,0,31,99
3,181,ground,Torch,1,90,0,0,0,35,79
3,181,ground,Sap jar,2,0,0,0,0,60,122
3,181,ground,Blink Seed,2,0,0,0,0,51,127
3,181,ground,River Fish,4,0,0,0,0,55,53
3,181,ground,Fishing Line,1,0,20,0,0,54,50
3,181,ground,River Fish,4,0,0,0,0,78,55
3,181,carried,Buckler,1,30,0,0,0,73,31
3,181,ground,Torch,1,90,0,0,0,6,76
3,181,ground,Lighter,1,0,20,0,0,35,60
3,181,ground,Mushroom spores,2,0,0,0,0,54,60
3,181,ground,Medkit,1,0,0,0,0,80,100
3,181,ground,Stink Bomb,2,0,0,0,0,17,91
3,181,ground,Ammo,1,0,0,0,0,16,94
3,181,ground,Bandage,2,0,0,0,0,70,75
3,181,ground,Herb Bag,1,0,4,0,0,76,14
3,181,ground,Ammo,1,0,0,0,0,77,105
3,181,ground,River Fish,4,0,0,0,0,74,36
3,181,ground,River Fish,2,0,0,0,0,79,42
3,181,stored,Throwing Rock,3,0,0,0,0,7,85
3,181,ground,Blunderbuss,1,0,0,2,14,85,82
3,181,wall,Blink Seed,2,0,0,0,0,13,88
3,182,ground,Stick,1,18,0,0,0,35,35
3,182,ground,River Fish,5,0,0,0,0,84,74
3,182,ground,Digging Claws,1,200,0,0,0,62,83
3,182,ground,Bomb,2,0,0,0,0,80,71
3,182,ground,Flint Knife,1,60,0,0,0,79,39
3,182,ground,Rope Hook,1,0,24,0,0,80,39
3,182,ground,Torch,1,90,0,0,0,55,34
3,182,ground,Stick,1,18,0,0,0,81,54
3,182,carried,Buckler,1,30,0,0,0,99,56
3,182,ground,Throwing Net,2,0,0,0,0,108,32
3,182,ground,Lantern Seed,1,0,0,0,0,13,38
3,182,ground,Thunder Acorn,2,0,0,0,0,32,52
3,182,ground,Ammo,1,0,0,0,0,37,54
3,182,ground,Bird Seed,1,0,0,0,0,98,28
3,182,ground,Herb Bag,1,0,4,0,0,105,28
3,182,ground,Fungal Bread,1,0,0,0,0,9,4
3,182,ground,Ammo,1,0,0,0,0,35,75
3,182,ground,Medkit,1,0,0,0,0,105,53
3,182,ground,Ammo,1,0,0,0,0,101,59
3,182,ground,Acorn Mine,2,0,0,0,0,40,71
3,182,wall,Wooden Maul,1,24,0,0,0,8,40
3,183,ground,Stick,1,18,0,0,0,79,57
3,183,ground,River Fish,3,0,0,0,0,29,75
3,183,ground,Pickaxe,1,32,0,0,0,51,86
3,183,ground,Hatchet,1,35,0,0,0,48,78
3,183,ground,River Fish,6,0,0,0,0,39,58
3,183,ground,Seed Bag,1,0,6,0,0,19,68
3,183,ground,Medkit,1,0,0,0,0,98,54
3,183,ground,Fungal Bread,1,0,0,0,0,96,59
3,183,ground,Mushroom spores,2,0,0,0,0,37,57
3,183,ground,Herb Bag,1,0,4,0,0,120,49
3,183,ground,Medkit,1,0,0,0,0,10,75
3,183,ground,Blink Seed,2,0,0,0,0,149,58
3,183,ground,Ammo,1,0,0,0,0,146,60
3,183,ground,Ammo,1,0,0,0,0,122,80
3,183,ground,Ammo,1,0,0,0,0,14,76
3,183,ground,River Fish,4,0,0,0,0,122,68
3,183,ground,Resin Glue,1,0,0,0,0,126,45
3,183,ground,Hunting Horn,1,0,8,0,0,105,60
3,183,ground,Pitch Bomb,2,0,0,0,0,59,12
3,183,wall,Hunting Spear,1,45,0,0,0,5,52
3,184,ground,Stick,1,18,0,0,0,77,59
3,184,ground,Seed Bag,1,0,6,0,0,106,10
3,184,ground,Egg,3,0,0,0,0,97,22
3,184,ground,Stick,1,18,0,0,0,31,11
3,184,ground,Throwing Net,2,0,0,0,0,32,11
3,184,ground,Torch,1,90,0,0,0,35,34
3,184,ground,Rope Hook,1,0,24,0,0,35,81
3,184,ground,Reflecting Pan,1,24,0,0,0,38,85
3,184,carried,Buckler,1,30,0,0,0,14,32
3,184,carried,Buckler,1,30,0,0,0,102,62
3,184,ground,Rope Hook,1,0,24,0,0,125,56
3,184,ground,Ammo,1,0,0,0,0,57,53
3,184,ground,Bird Seed,1,0,0,0,0,106,53
3,184,ground,Herb Bag,1,0,4,0,0,92,54
3,184,ground,Bear Trap,2,0,0,0,0,36,53
3,184,ground,Ammo,1,0,0,0,0,39,65
3,184,ground,Medkit,1,0,0,0,0,13,31
3,184,ground,Herb Bag,1,0,4,0,0,57,99
3,184,ground,Ammo,1,0,0,0,0,14,30
3,184,stored,Rotten Fruit,3,0,0,0,0,56,100
3,184,ground,Fried Egg,2,0,0,0,0,52,60
3,184,ground,Water flask,2,0,0,0,0,106,45
3,184,wall,Pickaxe,1,32,0,0,0,19,44
3,185,ground,Stick,1,18,0,0,0,55,79
3,185,ground,Bow,1,0,0,20,0,119,13
3,185,ground,Rope Hook,1,0,24,0,0,120,13
3,185,ground,Torch,1,90,0,0,0,121,35
3,185,ground,River Fish,5,0,0,0,0,30,39
3,185,ground,Wooden Maul,1,24,0,0,0,8,56
3,185,carried,Buckler,1,30,0,0,0,58,15
3,185,ground,Torch,1,90,0,0,0,56,27
3,185,ground,Rake,1,400,0,0,0,60,51
3,185,ground,Fungal Bread,1,0,0,0,0,52,61
3,185,ground,Chili,1,0,0,0,0,34,52
3,185,ground,Fungal Bread,1,0,0,0,0,40,79
3,185,ground,Root Drill,1,0,3,0,0,40,15
3,185,ground,Ammo,1,0,0,0,0,34,15
3,185,ground,Herb Bag,1,0,4,0,0,74,37
3,185,ground,Ammo,1,0,0,0,0,7,74
3,185,ground,Ammo,1,0,0,0,0,105,58
3,185,ground,Digging Claws,1,200,0,0,0,12,52
3,185,ground,Rope Hook,1,0,24,0,0,61,21
3,186,ground,Stick,1,18,0,0,0,77,37
3,186,ground,River Fish,5,0,0,0,0,39,38
3,186,ground,Torch,1,90,0,0,0,30,8
3,186,ground,Lighter,1,0,20,0,0,25,28
3,186,ground,Stick,1,18,0,0,0,59,78
3,186,ground,Throwing Net,2,0,0,0,0,60,78
3,186,ground,Torch,1,90,0,0,0,57,55
3,186,ground,Hatchet,1,35,0,0,0,105,72
3,186,ground,Torch,1,90,0,0,0,105,71
3,186,ground,Pickaxe,1,32,0,0,0,73,72
3,186,ground,Root Drill,1,0,3,0,0,72,72
3,186,carried,Buckler,1,30,0,0,0,77,77
3,186,carried,Buckler,1,30,0,0,0,104,76
3,186,carried,Buckler,1,30,0,0,0,93,70
3,186,ground,Fungal Bread,2,0,0,0,0,78,83
3,186,ground,Fungal Bread,2,0,0,0,0,98,75
3,186,ground,River Fish,5,0,0,0,0,102,59
3,186,ground,Flint Knife,1,60,0,0,0,12,30
3,186,ground,Honey pot,1,0,0,0,0,14,35
3,186,carried,Buckler,1,30,0,0,0,61,100
3,186,ground,Flint Knife,1,60,0,0,0,58,67
3,186,ground,Ammo,1,0,0,0,0,56,29
3,186,ground,Bear Trap,2,0,0,0,0,78,99
3,186,ground,Ammo,1,0,0,0,0,74,108
3,186,ground,Throwing Net,2,0,0,0,0,35,51
3,186,ground,Ammo,1,0,0,0,0,32,54
3,186,ground,Medkit,1,0,0,0,0,55,96
3,186,ground,Rake,1,400,0,0,0,11,29
3,186,ground,Herb Bag,1,0,4,0,0,16,32
3,186,ground,Bandage,2,0,0,0,0,7,57
3,186,ground,Ammo,1,0,0,0,0,49,100
3,186,ground,River Fish,2,0,0,0,0,68,45
3,186,ground,River Fish,3,0,0,0,0,49,40
3,186,ground,River Fish,3,0,0,0,0,34,29
3,186,ground,Lighter,1,0,20,0,0,93,61
3,186,ground,Hatchet,1,35,0,0,0,77,47
3,187,ground,Stick,1,18,0,0,0,77,79
3,187,ground,Crossbow,1,0,0,1,16,18,82
3,187,ground,Lighter,1,0,20,0,0,28,84
3,187,ground,Hatchet,1,35,0,0,0,61,12
3,187,ground,Rope Hook,1,0,24,0,0,62,12
3,187,ground,Torch,1,90,0,0,0,55,33
3,187,ground,River Fish,3,0,0,0,0,95,95
3,187,ground,Acorn Mine,2,0,0,0,0,55,30
3,187,ground,Hatchet,1,35,0,0,0,50,76
3,187,ground,Bandage,2,0,0,0,0,55,80
3,187,ground,Ammo,1,0,0,0,0,58,59
3,187,ground,Torch,1,90,0,0,0,31,32
3,187,ground,Medkit,1,0,0,0,0,32,9
3,187,ground,Rope Snare,2,0,0,0,0,123,95
3,187,ground,Ammo,1,0,0,0,0,120,101
3,187,ground,Fungal Bread,1,0,0,0,0,16,98
3,187,ground,Ammo,1,0,0,0,0,35,11
3,187,ground,River Fish,2,0,0,0,0,6,96
3,187,ground,Boomerang,1,0,0,0,0,62,81
3,187,wall,Water flask,2,0,0,0,0,22,94
3,188,ground,Stick,1,18,0,0,0,77,81
3,188,ground,Flint Knife,1,60,0,0,0,96,48
3,188,ground,Crossbow,1,0,0,1,16,32,75
3,188,carried,Buckler,1,30,0,0,0,37,33
3,188,ground,Flint Knife,1,60,0,0,0,36,47
3,188,ground,Water flask,2,0,0,0,0,78,54
3,188,ground,Ammo,1,0,0,0,0,83,54
3,188,ground,Ammo,1,0,0,0,0,58,79
3,188,ground,Bird Seed,1,0,0,0,0,32,82
3,188,ground,Bandage,2,0,0,0,0,35,79
3,188,ground,Pocket Door,1,0,2,0,0,51,57
3,188,ground,Ammo,1,0,0,0,0,49,58
3,188,ground,Medkit,1,0,0,0,0,52,31
3,188,ground,Ammo,1,0,0,0,0,11,60
3,188,ground,Bandage,2,0,0,0,0,63,35
3,188,ground,Pickaxe,1,32,0,0,0,33,11
3,188,ground,Bow,1,0,0,20,0,28,39
3,188,ground,Shield Lantern,1,24,0,0,0,54,73
3,188,wall,Bandage,3,0,0,0,0,61,16
3,189,ground,Stick,1,18,0,0,0,77,59
3,189,ground,Stick,1,18,0,0,0,13,57
3,189,ground,Stink Bomb,2,0,0,0,0,17,59
3,189,ground,Torch,1,90,0,0,0,100,100
3,189,ground,Honey pot,1,0,0,0,0,99,104
3,189,carried,Buckler,1,30,0,0,0,73,71
3,189,carried,Buckler,1,30,0,0,0,35,26
3,189,ground,Seed Bag,1,0,6,0,0,10,57
3,189,ground,Sap jar,1,0,0,0,0,81,78
3,189,ground,Rope Snare,2,0,0,0,0,65,80
3,189,ground,Ammo,1,0,0,0,0,53,81
3,189,ground,Herb Bag,1,0,4,0,0,48,98
3,189,ground,Fungal Bread,1,0,0,0,0,84,103
3,189,ground,Bandage,2,0,0,0,0,36,58
3,189,ground,Ammo,1,0,0,0,0,92,104
3,189,ground,Ammo,1,0,0,0,0,36,37
3,189,ground,River Fish,2,0,0,0,0,67,49
3,189,ground,River Fish,4,0,0,0,0,64,35
3,189,ground,River Fish,3,0,0,0,0,85,23
3,189,wall,Hatchet,1,35,0,0,0,47,40
3,189,wall,Throwing Rock,3,0,0,0,0,75,106
3,190,ground,Stick,1,18,0,0,0,78,81
3,190,ground,Bow,1,0,0,20,0,56,31
3,190,ground,Throwing Net,2,0,0,0,0,57,31
3,190,ground,Torch,1,90,0,0,0,78,35
3,190,ground,Bandage,3,0,0,0,0,30,99
3,190,ground,Root Drill,1,0,3,0,0,20,102
3,190,ground,Ammo,1,0,0,0,0,87,57
3,190,ground,Cooked Meat,2,0,0,0,0,59,71
3,190,ground,Herb Bag,1,0,4,0,0,49,77
3,190,ground,Bow,1,0,0,20,0,103,39
3,190,ground,Bandage,2,0,0,0,0,95,36
3,190,ground,Medkit,1,0,0,0,0,10,106
3,190,ground,Ammo,1,0,0,0,0,4,99
3,190,wall,Buckler,1,30,0,0,0,97,8
3,191,ground,Stick,1,18,0,0,0,56,81
3,191,carried,Buckler,1,30,0,0,0,98,107
3,191,carried,Buckler,1,30,0,0,0,97,108
3,191,carried,Buckler,1,30,0,0,0,100,111
3,191,carried,Buckler,1,30,0,0,0,91,100
3,191,carried,Buckler,1,30,0,0,0,93,99
3,191,carried,Buckler,1,30,0,0,0,96,100
3,191,carried,Buckler,1,30,0,0,0,91,102
3,191,ground,Rope Snare,2,0,0,0,0,97,109
3,191,ground,Medkit,1,0,0,0,0,92,118
3,191,ground,River Fish,5,0,0,0,0,58,51
3,191,ground,Seed Bag,1,0,6,0,0,34,60
3,191,ground,Cooked Meat,2,0,0,0,0,63,59
3,191,ground,River Fish,3,0,0,0,0,73,73
3,191,ground,Fishing Line,1,0,20,0,0,73,72
3,191,ground,River Fish,3,0,0,0,0,60,139
3,191,ground,Fishing Line,1,0,20,0,0,61,139
3,191,carried,Buckler,1,30,0,0,0,13,60
3,191,ground,Seed Bag,1,0,6,0,0,60,58
3,191,ground,Mushroom spores,2,0,0,0,0,75,72
3,191,ground,Digging Claws,1,200,0,0,0,59,94
3,191,ground,Ammo,1,0,0,0,0,56,101
3,191,ground,Fungal Bread,1,0,0,0,0,80,61
3,191,ground,Ammo,1,0,0,0,0,58,125
3,191,ground,Ammo,1,0,0,0,0,83,30
3,191,ground,Medkit,1,0,0,0,0,15,56
3,191,ground,Herb Bag,1,0,4,0,0,82,8
3,191,ground,Ammo,1,0,0,0,0,14,61
3,191,ground,River Fish,3,0,0,0,0,29,126
3,191,ground,River Fish,4,0,0,0,0,14,129
3,191,ground,Hunting Horn,1,0,8,0,0,81,81
3,191,ground,Flint Knife,1,60,0,0,0,68,13
3,191,ground,Lighter,1,0,20,0,0,2,119
3,191,wall,Rope Hook,1,0,24,0,0,81,67
3,192,ground,Stick,1,18,0,0,0,77,81
3,192,ground,Stick,1,18,0,0,0,58,11
3,192,ground,Straw Decoy,1,0,0,0,0,73,95
3,192,ground,Ammo,1,0,0,0,0,63,73
3,192,ground,Sticky Boots,1,0,4,0,0,83,62
3,192,ground,Ammo,1,0,0,0,0,84,57
3,192,ground,Ammo,1,0,0,0,0,58,48
3,192,ground,Lighter,1,0,20,0,0,32,54
3,192,ground,Ammo,1,0,0,0,0,33,58
3,192,ground,Splint,1,0,2,0,0,61,26
3,192,ground,Herb Bag,1,0,4,0,0,51,129
3,192,ground,Medkit,1,0,0,0,0,5,33
3,192,ground,Fungal Bread,1,0,0,0,0,80,122
3,192,ground,River Fish,5,0,0,0,0,65,74
3,192,ground,River Fish,5,0,0,0,0,33,123
3,192,ground,Bow,1,0,0,20,0,36,35
3,192,ground,Rope Snare,2,0,0,0,0,51,30
3,193,ground,Stick,1,18,0,0,0,55,79
3,193,carried,Buckler,1,30,0,0,0,102,20
3,193,carried,Buckler,1,30,0,0,0,102,22
3,193,carried,Buckler,1,30,0,0,0,98,22
3,193,carried,Buckler,1,30,0,0,0,101,25
3,193,ground,Pickaxe,1,32,0,0,0,94,22
3,193,ground,River Fish,5,0,0,0,0,32,73
3,193,ground,Blunderbuss,1,0,0,2,14,37,96
3,193,ground,Blunderbuss,1,0,0,2,14,55,53
3,193,ground,Throwing Net,2,0,0,0,0,56,53
3,193,ground,Torch,1,90,0,0,0,35,55
3,193,ground,Throwing Rock,3,0,0,0,0,30,10
3,193,ground,Hunting Spear,1,45,0,0,0,53,38
3,193,ground,Digging Claws,1,200,0,0,0,84,52
3,193,ground,Ammo,1,0,0,0,0,84,51
3,193,ground,Medkit,1,0,0,0,0,54,10
3,193,ground,Bandage,2,0,0,0,0,55,9
3,193,ground,Bandage,2,0,0,0,0,53,10
3,193,ground,Torch,1,90,0,0,0,57,16
3,193,ground,Ammo,1,0,0,0,0,53,18
3,193,ground,River Fish,2,0,0,0,0,61,22
3,193,ground,River Fish,5,0,0,0,0,72,29
3,193,ground,River Fish,4,0,0,0,0,94,43
3,193,stored,Acorn Mine,2,0,0,0,0,65,33
3,193,ground,Bomb,2,0,0,0,0,100,45
3,193,ground,Torch,1,90,0,0,0,109,46
3,193,ground,Water flask,2,0,0,0,0,46,8
3,193,wall,Sap jar,2,0,0,0,0,29,23
3,194,ground,Stick,1,18,0,0,0,34,59
3,194,carried,Buckler,1,30,0,0,0,93,70
3,194,carried,Buckler,1,30,0,0,0,99,66
3,194,carried,Buckler,1,30,0,0,0,97,69
3,194,carried,Buckler,1,30,0,0,0,100,71
3,194,ground,Blunderbuss,1,0,0,2,14,94,65
3,194,ground,Ammo,2,0,0,0,0,92,76
3,194,ground,Throwing Rock,3,0,0,0,0,30,12
3,194,ground,Hatchet,1,35,0,0,0,31,73
3,194,ground,Torch,1,90,0,0,0,30,73
3,194,ground,Torch,1,90,0,0,0,61,73
3,194,ground,Root Drill,1,0,3,0,0,62,73
3,194,ground,Firecracker,2,0,0,0,0,29,82
3,194,ground,Hatchet,1,35,0,0,0,40,80
3,194,ground,Water flask,2,0,0,0,0,51,54
3,194,ground,Ammo,1,0,0,0,0,59,60
3,194,ground,Ammo,1,0,0,0,0,56,25
3,194,ground,Shield Lantern,1,24,0,0,0,37,32
3,194,ground,Ammo,1,0,0,0,0,36,36
3,194,ground,Mushroom spores,2,0,0,0,0,75,13
3,194,ground,Medkit,1,0,0,0,0,14,15
3,194,ground,Herb Bag,1,0,4,0,0,104,106
3,194,ground,Bandage,2,0,0,0,0,15,11
3,194,ground,Ammo,1,0,0,0,0,8,7
3,194,ground,River Fish,4,0,0,0,0,54,13
3,194,ground,River Fish,3,0,0,0,0,41,10
3,194,ground,Bear Trap,2,0,0,0,0,50,28
3,194,ground,Medkit,1,0,0,0,0,101,101
3,194,ground,Mushroom spores,2,0,0,0,0,62,47
3,194,wall,Throwing Rock,3,0,0,0,0,110,100
3,195,ground,Stick,1,18,0,0,0,78,80
3,195,carried,Buckler,1,30,0,0,0,28,34
3,195,ground,Pickaxe,1,32,0,0,0,81,54
3,195,ground,Lantern Seed,1,0,0,0,0,57,78
3,195,ground,Oil flask,1,0,0,0,0,61,51
3,195,ground,Ammo,1,0,0,0,0,52,10
3,195,ground,Ammo,1,0,0,0,0,84,34
3,195,ground,Bandage,2,0,0,0,0,34,11
3,195,ground,Herb Bag,1,0,4,0,0,70,48
3,195,ground,Ammo,1,0,0,0,0,9,82
3,195,ground,Bandage,2,0,0,0,0,7,49
3,195,ground,Ammo,1,0,0,0,0,9,35
3,195,ground,River Fish,5,0,0,0,0,43,41
3,195,ground,River Fish,5,0,0,0,0,76,27
3,195,ground,River Fish,3,0,0,0,0,93,21
3,195,ground,Fried Egg,2,0,0,0,0,100,30
3,196,ground,Stick,1,18,0,0,0,79,59
3,196,carried,Buckler,1,30,0,0,0,103,57
3,196,carried,Buckler,1,30,0,0,0,102,82
3,196,ground,Hunting Spear,1,45,0,0,0,27,94
3,196,ground,Oil flask,1,0,0,0,0,104,58
3,196,ground,Bird Seed,1,0,0,0,0,101,76
3,196,ground,Bandage,2,0,0,0,0,102,74
3,196,ground,Ammo,1,0,0,0,0,93,98
3,196,ground,Fungal Bread,1,0,0,0,0,34,25
3,196,ground,Fungal Bread,1,0,0,0,0,123,69
3,196,ground,Ammo,1,0,0,0,0,7,55
3,196,ground,River Fish,2,0,0,0,0,25,92
3,196,ground,Rake,1,400,0,0,0,47,58
3,196,wall,Stick,1,18,0,0,0,62,30
3,196,wall,Mushroom spores,2,0,0,0,0,43,37
3,197,ground,Stick,1,18,0,0,0,11,80
3,197,carried,Buckler,1,30,0,0,0,25,126
3,197,carried,Buckler,1,30,0,0,0,34,125
3,197,carried,Buckler,1,30,0,0,0,28,121
3,197,ground,Spring Trap,2,0,0,0,0,29,138
3,197,ground,Stick,1,18,0,0,0,82,86
3,197,ground,Seed Bag,1,0,6,0,0,54,77
3,197,ground,River Fish,5,0,0,0,0,54,59
3,197,ground,Hunting Spear,1,45,0,0,0,69,55
3,197,ground,Lighter,1,0,20,0,0,58,59
3,197,ground,Blunderbuss,1,0,0,2,14,31,56
3,197,ground,Rope Hook,1,0,24,0,0,32,56
3,197,ground,Torch,1,90,0,0,0,34,100
3,197,ground,Bow,1,0,0,20,0,54,16
3,197,ground,Sap jar,2,0,0,0,0,37,97
3,197,ground,Lighter,1,0,20,0,0,14,53
3,197,ground,Ammo,1,0,0,0,0,9,60
3,197,ground,Sap jar,1,0,0,0,0,10,105
3,197,ground,Herb Bag,1,0,4,0,0,55,31
3,197,ground,Medkit,1,0,0,0,0,37,39
3,197,ground,Bandage,2,0,0,0,0,29,41
3,197,ground,Ammo,1,0,0,0,0,34,27
3,197,ground,River Fish,5,0,0,0,0,48,92
3,197,ground,River Fish,5,0,0,0,0,53,105
3,197,ground,River Fish,3,0,0,0,0,63,130
3,197,ground,Thorn Caltrops,2,0,0,0,0,66,115
3,197,ground,Pickaxe,1,32,0,0,0,62,137
3,198,ground,Stick,1,18,0,0,0,11,37
3,198,carried,Buckler,1,30,0,0,0,24,84
3,198,carried,Buckler,1,30,0,0,0,26,87
3,198,carried,Buckler,1,30,0,0,0,26,82
3,198,carried,Buckler,1,30,0,0,0,29,86
3,198,carried,Buckler,1,30,0,0,0,21,79
3,198,carried,Buckler,1,30,0,0,0,16,83
3,198,carried,Buckler,1,30,0,0,0,19,80
3,198,ground,Pickaxe,1,32,0,0,0,15,89
3,198,ground,Lighter,1,0,20,0,0,25,93
3,198,ground,Pickaxe,1,32,0,0,0,41,58
3,198,ground,River Fish,6,0,0,0,0,74,32
3,198,ground,Flint Knife,1,60,0,0,0,85,15
3,198,ground,Water flask,2,0,0,0,0,78,38
3,198,ground,River Fish,6,0,0,0,0,61,85
3,198,ground,Blunderbuss,1,0,0,2,14,35,97
3,198,ground,Ammo,2,0,0,0,0,77,52
3,198,ground,Ammo,1,0,0,0,0,72,63
3,198,ground,Mushroom spores,2,0,0,0,0,52,79
3,198,ground,Rake,1,400,0,0,0,8,59
3,198,ground,Bandage,2,0,0,0,0,11,60
3,198,ground,Medkit,1,0,0,0,0,77,80
3,198,ground,Bandage,2,0,0,0,0,83,78
3,198,ground,Ammo,1,0,0,0,0,80,80
3,198,ground,Wooden Maul,1,24,0,0,0,10,67
3,198,wall,Bow,1,0,0,20,0,68,48
3,199,ground,Stick,1,18,0,0,0,56,58
3,199,ground,River Fish,3,0,0,0,0,83,26
3,199,ground,Stick,1,18,0,0,0,74,14
3,199,ground,Bird Seed,3,0,0,0,0,74,7
3,199,ground,Bow,1,0,0,20,0,100,54
3,199,ground,Splint,1,0,2,0,0,103,40
3,199,ground,River Fish,5,0,0,0,0,35,28
3,199,ground,Fishing Line,1,0,20,0,0,37,26
3,199,ground,Wooden Maul,1,24,0,0,0,57,33
3,199,carried,Buckler,1,30,0,0,0,16,33
3,199,carried,Buckler,1,30,0,0,0,35,61
3,199,ground,Seed Bag,1,0,6,0,0,16,54
3,199,ground,Rake,1,400,0,0,0,52,38
3,199,ground,Bandage,2,0,0,0,0,51,30
3,199,ground,Water flask,2,0,0,0,0,40,33
3,199,ground,Ammo,1,0,0,0,0,36,75
3,199,ground,Medkit,1,0,0,0,0,99,16
3,199,ground,Bitter Root,1,0,0,0,0,7,79
3,199,ground,Ammo,1,0,0,0,0,7,72
3,199,ground,Bandage,2,0,0,0,0,96,13
3,199,ground,Ammo,1,0,0,0,0,99,10
3,199,ground,River Fish,3,0,0,0,0,38,59
3,199,stored,Cooked Meat,2,0,0,0,0,28,32
3,199,stored,Bird Seed,3,0,0,0,0,90,25
3,199,stored,Wolf Whistle,1,0,8,0,0,90,31
3,199,stored,Bandage,3,0,0,0,0,10,55
3,199,ground,Smoke pot,2,0,0,0,0,31,39
3,199,ground,Lighter,1,0,20,0,0,12,31
3,199,ground,Hatchet,1,35,0,0,0,43,68
3,199,wall,Crossbow,1,0,0,1,16,14,38
3,200,ground,Stick,1,18,0,0,0,34,57
3,200,ground,Stick,1,18,0,0,0,11,75
3,200,ground,Throwing Net,2,0,0,0,0,12,75
3,200,ground,Torch,1,90,0,0,0,35,79
3,200,carried,Buckler,1,30,0,0,0,35,26
3,200,ground,Reflecting Pan,1,24,0,0,0,56,62
3,200,ground,Mushroom spores,2,0,0,0,0,47,56
3,200,ground,Bitter Root,1,0,0,0,0,54,78
3,200,ground,Herb Bag,1,0,4,0,0,64,32
3,200,ground,Ammo,1,0,0,0,0,73,40
3,200,ground,Medkit,1,0,0,0,0,105,34
3,200,ground,Bandage,2,0,0,0,0,62,101
3,200,ground,Ammo,1,0,0,0,0,98,32
3,200,ground,Hunting Spear,1,45,0,0,0,36,38
3,200,ground,Pickaxe,1,32,0,0,0,47,24
3,201,ground,Stick,1,18,0,0,0,34,59
3,201,ground,Smoke pot,2,0,0,0,0,52,21
3,201,ground,Hunting Horn,1,0,8,0,0,59,39
3,201,ground,Hatchet,1,35,0,0,0,53,100
3,201,ground,Throwing Net,2,0,0,0,0,54,100
3,201,ground,Torch,1,90,0,0,0,55,57
3,201,ground,Pickaxe,1,32,0,0,0,19,76
3,201,carried,Buckler,1,30,0,0,0,107,59
3,201,ground,Sap jar,2,0,0,0,0,82,50
3,201,ground,Pocket Door,1,0,2,0,0,33,35
3,201,ground,Ammo,1,0,0,0,0,36,33
3,201,ground,Digging Claws,1,200,0,0,0,75,58
3,201,ground,Ammo,1,0,0,0,0,74,60
3,201,ground,Sap jar,1,0,0,0,0,109,59
3,201,ground,Bandage,2,0,0,0,0,101,37
3,201,ground,Ammo,1,0,0,0,0,31,79
3,201,ground,Medkit,1,0,0,0,0,102,9
3,201,ground,Ammo,1,0,0,0,0,31,94
3,201,ground,Fungal Bread,1,0,0,0,0,87,106
3,201,ground,River Fish,2,0,0,0,0,36,72
3,201,ground,River Fish,5,0,0,0,0,15,57
3,201,carried,Buckler,1,30,0,0,0,78,98
3,201,ground,Throwing Rock,3,0,0,0,0,74,93
3,201,ground,Hunting Horn,1,0,8,0,0,78,104
3,201,ground,Fungal Bread,1,0,0,0,0,83,90
3,201,wall,Flint Knife,1,60,0,0,0,13,62
3,201,wall,Bandage,3,0,0,0,0,24,96
3,202,ground,Stick,1,18,0,0,0,57,58
3,202,ground,River Fish,6,0,0,0,0,81,58
3,202,ground,Bow,1,0,0,20,0,92,53
3,202,ground,Raw Meat,2,0,0,0,0,72,57
3,202,ground,Torch,1,90,0,0,0,100,10
3,202,ground,Chili,1,0,0,0,0,110,11
3,202,ground,Rabbit Charm,1,0,0,0,0,105,8
3,202,carried,Buckler,1,30,0,0,0,76,11
3,202,carried,Buckler,1,30,0,0,0,56,16
3,202,ground,Buckler,1,30,0,0,0,86,78
3,202,ground,Torch,1,90,0,0,0,60,11
3,202,ground,Sleep Meds,3,0,0,0,0,12,58
3,202,ground,Fungal Bread,1,0,0,0,0,9,53
3,202,ground,Herb Bag,1,0,4,0,0,18,80
3,202,ground,Ammo,1,0,0,0,0,65,81
3,202,ground,Medkit,1,0,0,0,0,75,3
3,202,ground,Ammo,1,0,0,0,0,73,16
3,202,ground,River Fish,4,0,0,0,0,8,59
3,202,ground,River Fish,5,0,0,0,0,18,59
3,202,stored,Sap jar,2,0,0,0,0,85,32
3,202,ground,Rope Hook,1,0,24,0,0,47,14
3,202,ground,Hunting Horn,1,0,8,0,0,29,53
3,202,ground,Water flask,2,0,0,0,0,17,41
3,202,ground,Thorn Caltrops,2,0,0,0,0,21,63
3,202,ground,Bandage,3,0,0,0,0,4,62
3,203,ground,Stick,1,18,0,0,0,78,15
3,203,ground,Hatchet,1,35,0,0,0,58,20
3,203,ground,Pickaxe,1,32,0,0,0,32,24
3,203,ground,Hatchet,1,35,0,0,0,79,83
3,203,ground,Rope Hook,1,0,24,0,0,80,83
3,203,ground,Torch,1,90,0,0,0,56,79
3,203,ground,Hatchet,1,35,0,0,0,38,53
3,203,ground,Torch,1,90,0,0,0,38,52
3,203,ground,Wooden Maul,1,24,0,0,0,38,81
3,203,ground,Root Drill,1,0,3,0,0,38,82
3,203,carried,Buckler,1,30,0,0,0,31,56
3,203,ground,Fungal Bread,2,0,0,0,0,30,58
3,203,ground,Fungal Bread,2,0,0,0,0,43,77
3,203,ground,Fungal Bread,2,0,0,0,0,40,61
3,203,ground,Throwing Net,2,0,0,0,0,54,16
3,203,ground,Hatchet,1,35,0,0,0,103,13
3,203,ground,Ammo,1,0,0,0,0,99,16
3,203,ground,Oil flask,1,0,0,0,0,85,38
3,203,ground,Rabbit Charm,1,0,0,0,0,122,17
3,203,ground,Ammo,1,0,0,0,0,127,14
3,203,ground,Medkit,1,0,0,0,0,16,85
3,203,ground,Ammo,1,0,0,0,0,99,42
3,203,ground,Bandage,2,0,0,0,0,15,86
3,203,ground,Bandage,2,0,0,0,0,15,80
3,203,ground,Ammo,1,0,0,0,0,15,68
3,203,ground,River Fish,4,0,0,0,0,47,22
3,203,ground,River Fish,2,0,0,0,0,9,58
3,203,ground,Lighter,1,0,20,0,0,55,51
3,204,ground,Stick,1,18,0,0,0,35,79
3,204,ground,Blunderbuss,1,0,0,2,14,60,115
3,204,ground,Resin Glue,1,0,0,0,0,42,122
3,204,ground,River Fish,6,0,0,0,0,51,57
3,204,ground,Sap jar,2,0,0,0,0,60,41
3,204,ground,Bow,1,0,0,20,0,28,91
3,204,ground,Cooked Meat,2,0,0,0,0,13,84
3,204,ground,Fungal Bread,1,0,0,0,0,13,81
3,204,ground,Ammo,1,0,0,0,0,9,100
3,204,ground,Chili,1,0,0,0,0,10,129
3,204,ground,Fungal Bread,1,0,0,0,0,26,57
3,204,ground,Medkit,1,0,0,0,0,59,11
3,204,ground,Ammo,1,0,0,0,0,56,14
3,204,ground,Cooked Meat,2,0,0,0,0,54,146
3,204,ground,Thorn Caltrops,2,0,0,0,0,35,51
3,204,ground,Boomerang,1,0,0,0,0,61,139
3,205,ground,Stick,1,18,0,0,0,11,35
3,205,ground,Digging Claws,1,200,0,0,0,32,104
3,205,ground,Firecracker,3,0,0,0,0,15,78
3,205,ground,Pickaxe,1,32,0,0,0,36,100
3,205,ground,Hatchet,1,35,0,0,0,28,88
3,205,ground,River Fish,3,0,0,0,0,16,47
3,205,carried,Buckler,1,30,0,0,0,80,101
3,205,ground,Wooden Maul,1,24,0,0,0,13,50
3,205,ground,Mushroom spores,2,0,0,0,0,7,59
3,205,ground,Bird Seed,1,0,0,0,0,39,60
3,205,ground,Bandage,2,0,0,0,0,40,61
3,205,ground,Herb Bag,1,0,4,0,0,57,59
3,205,ground,Ammo,1,0,0,0,0,53,78
3,205,ground,Ammo,1,0,0,0,0,76,86
3,205,ground,Ammo,1,0,0,0,0,12,13
3,205,ground,Medkit,1,0,0,0,0,81,97
3,205,ground,Ammo,1,0,0,0,0,75,31
3,205,ground,River Fish,4,0,0,0,0,22,30
3,205,ground,River Fish,5,0,0,0,0,13,24
3,205,ground,Flint Knife,1,60,0,0,0,38,50
3,205,wall,Seed Bag,1,0,6,0,0,24,58
3,206,ground,Stick,1,18,0,0,0,77,57
3,206,ground,Hatchet,1,35,0,0,0,74,24
3,206,ground,Smoke pot,2,0,0,0,0,78,7
3,206,ground,Bow,1,0,0,20,0,32,58
3,206,ground,Pickaxe,1,32,0,0,0,40,51
3,206,carried,Buckler,1,30,0,0,0,32,33
3,206,carried,Buckler,1,30,0,0,0,36,77
3,206,ground,Bear Trap,2,0,0,0,0,59,30
3,206,ground,Bird Seed,1,0,0,0,0,56,39
3,206,ground,Bandage,2,0,0,0,0,63,32
3,206,ground,Bomb,2,0,0,0,0,54,81
3,206,ground,Bandage,2,0,0,0,0,62,84
3,206,ground,Ammo,1,0,0,0,0,54,6
3,206,ground,Medkit,1,0,0,0,0,76,69
3,206,ground,Ammo,1,0,0,0,0,13,57
3,206,ground,Ammo,1,0,0,0,0,83,80
3,206,stored,Pocket Door,1,0,2,0,0,63,34
3,206,ground,Digging Claws,1,200,0,0,0,39,35
3,206,ground,Pickaxe,1,32,0,0,0,33,11
3,206,ground,Lighter,1,0,20,0,0,29,43
3,206,ground,Bandage,3,0,0,0,0,63,78
3,206,wall,Hunting Horn,1,0,8,0,0,43,42
3,207,ground,Stick,1,18,0,0,0,79,57
3,207,ground,Herb Bag,1,0,4,0,0,53,24
3,207,ground,Hatchet,1,35,0,0,0,87,72
3,207,ground,Lighter,1,0,20,0,0,82,96
3,207,carried,Buckler,1,30,0,0,0,13,36
3,207,ground,Wooden Maul,1,24,0,0,0,91,80
3,207,ground,Bird Seed,1,0,0,0,0,59,60
3,207,ground,Bandage,2,0,0,0,0,56,62
3,207,ground,Rake,1,400,0,0,0,47,74
3,207,ground,Herb Bag,1,0,4,0,0,65,75
3,207,ground,Hunting Horn,1,0,8,0,0,60,99
3,207,ground,Ammo,1,0,0,0,0,58,100
3,207,ground,Medkit,1,0,0,0,0,10,31
3,207,ground,Ammo,1,0,0,0,0,81,16
3,207,ground,Ammo,1,0,0,0,0,11,30
3,207,ground,River Fish,3,0,0,0,0,61,31
3,207,ground,River Fish,4,0,0,0,0,38,62
3,207,ground,Hatchet,1,35,0,0,0,54,85
3,207,ground,Pitch Bomb,2,0,0,0,0,13,84
3,207,ground,Rope Hook,1,0,24,0,0,58,78
3,207,wall,Rope Snare,2,0,0,0,0,71,15
3,208,ground,Stick,1,18,0,0,0,33,80
3,208,ground,Hatchet,1,35,0,0,0,37,39
3,208,ground,Torch,1,90,0,0,0,38,38
3,208,ground,Hatchet,1,35,0,0,0,9,39
3,208,ground,Root Drill,1,0,3,0,0,8,39
3,208,carried,Buckler,1,30,0,0,0,10,34
3,208,ground,Fungal Bread,2,0,0,0,0,14,34
3,208,ground,Firecracker,2,0,0,0,0,33,35
3,208,ground,River Fish,6,0,0,0,0,55,59
3,208,ground,River Fish,6,0,0,0,0,65,31
3,208,ground,Fishing Line,1,0,20,0,0,66,35
3,208,carried,Buckler,1,30,0,0,0,38,56
3,208,ground,Smoke pot,2,0,0,0,0,83,12
3,208,ground,Bird Seed,1,0,0,0,0,35,54
3,208,ground,Herb Bag,1,0,4,0,0,32,61
3,208,ground,Mushroom spores,2,0,0,0,0,60,49
3,208,ground,Herb Bag,1,0,4,0,0,82,51
3,208,ground,Fungal Bread,1,0,0,0,0,28,13
3,208,ground,Ammo,1,0,0,0,0,98,37
3,208,ground,River Fish,4,0,0,0,0,34,8
3,208,ground,River Fish,3,0,0,0,0,17,10
3,208,stored,Bandage,3,0,0,0,0,16,15
3,208,stored,Seed Bag,1,0,6,0,0,6,14
3,208,stored,Egg,3,0,0,0,0,60,82
3,208,stored,Torch,1,90,0,0,0,49,75
3,208,ground,Thunder Acorn,2,0,0,0,0,54,76
3,208,ground,Bandage,3,0,0,0,0,14,19
3,208,wall,Throwing Rock,3,0,0,0,0,5,17
3,208,wall,Bow,1,0,0,20,0,73,21
3,208,wall,Bow,1,0,0,20,0,78,29
3,209,ground,Stick,1,18,0,0,0,55,37
3,209,ground,Bow,1,0,0,20,0,39,71
3,209,ground,River Fish,5,0,0,0,0,102,27
3,209,ground,Flint Knife,1,60,0,0,0,114,38
3,209,ground,Boomerang,1,0,0,0,0,34,11
3,209,ground,Hatchet,1,35,0,0,0,38,16
3,209,ground,Hatchet,1,35,0,0,0,105,53
3,209,ground,Torch,1,90,0,0,0,104,53
3,209,ground,Torch,1,90,0,0,0,105,81
3,209,ground,Root Drill,1,0,3,0,0,105,82
3,209,carried,Buckler,1,30,0,0,0,107,76
3,209,ground,Fungal Bread,2,0,0,0,0,97,53
3,209,ground,Firecracker,2,0,0,0,0,103,68
3,209,ground,Fungal Bread,2,0,0,0,0,99,83
3,209,ground,Seed Bag,1,0,6,0,0,107,77
3,209,ground,Ammo,1,0,0,0,0,77,35
3,209,ground,Rake,1,400,0,0,0,80,58
3,209,ground,Bandage,2,0,0,0,0,75,60
3,209,ground,Shield Lantern,1,24,0,0,0,59,57
3,209,ground,Ammo,1,0,0,0,0,52,60
3,209,ground,Medkit,1,0,0,0,0,123,57
3,209,ground,Bandage,2,0,0,0,0,123,59
3,209,ground,Hunting Spear,1,45,0,0,0,121,52
3,209,ground,Ammo,1,0,0,0,0,126,51
3,209,ground,Wooden Maul,1,24,0,0,0,86,34
3,209,ground,Rake,1,400,0,0,0,84,27
3,209,ground,Rope Snare,2,0,0,0,0,74,53
3,209,wall,Torch,1,90,0,0,0,69,31
3,209,wall,Flint Knife,1,60,0,0,0,72,37
3,210,ground,Stick,1,18,0,0,0,55,80
3,210,ground,Stick,1,18,0,0,0,122,38
3,210,ground,Rope Hook,1,0,24,0,0,123,38
3,210,ground,Torch,1,90,0,0,0,77,34
3,210,ground,Flint Knife,1,60,0,0,0,34,11
3,210,ground,Hatchet,1,35,0,0,0,30,6
3,210,ground,River Fish,6,0,0,0,0,9,11
3,210,ground,Fishing Line,1,0,20,0,0,7,13
3,210,ground,Blunderbuss,1,0,0,2,14,93,32
3,210,ground,Pickaxe,1,32,0,0,0,58,56
3,210,ground,Ammo,1,0,0,0,0,59,53
3,210,ground,Sap jar,1,0,0,0,0,75,50
3,210,ground,Medkit,1,0,0,0,0,119,57
3,210,ground,Bandage,2,0,0,0,0,30,80
3,210,ground,Ammo,1,0,0,0,0,93,55
3,210,ground,Bandage,2,0,0,0,0,124,56
3,210,ground,Ammo,1,0,0,0,0,119,56
3,210,ground,Lighter,1,0,20,0,0,101,58
3,210,ground,Shield Lantern,1,24,0,0,0,33,72
3,210,wall,Mushroom spores,2,0,0,0,0,120,45
3,211,ground,Stick,1,18,0,0,0,33,80
3,211,ground,River Fish,6,0,0,0,0,58,59
3,211,ground,Stick,1,18,0,0,0,77,46
3,211,ground,Sap jar,2,0,0,0,0,54,57
3,211,ground,Boomerang,1,0,0,0,0,59,53
3,211,ground,Pickaxe,1,32,0,0,0,13,104
3,211,ground,Throwing Net,2,0,0,0,0,14,104
3,211,ground,Torch,1,90,0,0,0,35,99
3,211,ground,Hatchet,1,35,0,0,0,52,38
3,211,ground,Torch,1,90,0,0,0,52,37
3,211,ground,Bow,1,0,0,20,0,83,38
3,211,ground,Root Drill,1,0,3,0,0,84,36
3,211,carried,Buckler,1,30,0,0,0,55,34
3,211,ground,Firecracker,2,0,0,0,0,73,41
3,211,ground,Stick,1,18,0,0,0,75,75
3,211,ground,Wooden Maul,1,24,0,0,0,69,67
3,211,ground,Bitter Root,1,0,0,0,0,34,38
3,211,ground,Medkit,1,0,0,0,0,50,83
3,211,ground,Hatchet,1,35,0,0,0,30,15
3,211,ground,Ammo,1,0,0,0,0,33,6
3,211,ground,Bandage,2,0,0,0,0,61,84
3,211,ground,Bandage,2,0,0,0,0,59,81
3,211,ground,Ammo,1,0,0,0,0,55,84
3,211,stored,Bow,1,0,0,20,0,34,51
3,211,stored,Bear Trap,2,0,0,0,0,31,60
3,211,stored,Blunderbuss,1,0,0,2,14,29,57
3,211,stored,Fried Egg,2,0,0,0,0,35,59
3,211,ground,Rope Hook,1,0,24,0,0,107,64
3,211,ground,Pitch Bomb,2,0,0,0,0,8,114
3,211,ground,Pickaxe,1,32,0,0,0,11,11
3,211,ground,Resin Glue,1,0,0,0,0,29,9
3,212,ground,Stick,1,18,0,0,0,11,79
3,212,ground,River Fish,3,0,0,0,0,36,72
3,212,ground,Buckler,1,30,0,0,0,27,93
3,212,ground,Bow,1,0,0,20,0,57,55
3,212,ground,Rabbit Charm,1,0,0,0,0,62,50
3,212,carried,Buckler,1,30,0,0,0,57,81
3,212,carried,Buckler,1,30,0,0,0,84,122
3,212,ground,Torch,1,90,0,0,0,51,36
3,212,ground,Splint,1,0,2,0,0,12,104
3,212,ground,Ammo,1,0,0,0,0,5,101
3,212,ground,Ammo,1,0,0,0,0,57,98
3,212,ground,Water flask,2,0,0,0,0,60,118
3,212,ground,Rake,1,400,0,0,0,60,79
3,212,ground,Herb Bag,1,0,4,0,0,50,82
3,212,ground,Medkit,1,0,0,0,0,77,116
3,212,ground,Fungal Bread,1,0,0,0,0,56,33
3,212,ground,Ammo,1,0,0,0,0,77,62
3,212,ground,Ammo,1,0,0,0,0,72,123
3,212,ground,River Fish,5,0,0,0,0,70,112
3,212,ground,Blunderbuss,1,0,0,2,14,68,48
3,212,wall,Flint Knife,1,60,0,0,0,82,28
3,212,wall,Bear Trap,2,0,0,0,0,71,30
3,213,ground,Stick,1,18,0,0,0,33,14
3,213,ground,River Fish,5,0,0,0,0,8,52
3,213,ground,Wooden Maul,1,24,0,0,0,14,75
3,213,ground,Mushroom spores,2,0,0,0,0,7,50
3,213,ground,Rake,1,400,0,0,0,14,72
3,213,ground,Pickaxe,1,32,0,0,0,78,30
3,213,ground,Rope Hook,1,0,24,0,0,79,30
3,213,ground,Torch,1,90,0,0,0,33,34
3,213,ground,Flint Knife,1,60,0,0,0,99,56
3,213,ground,Pickaxe,1,32,0,0,0,105,51
3,213,ground,Flint Knife,1,60,0,0,0,58,38
3,213,ground,Rake,1,400,0,0,0,32,57
3,213,ground,Ammo,1,0,0,0,0,27,53
3,213,ground,Thorn Caltrops,1,0,0,0,0,53,16
3,213,ground,Medkit,1,0,0,0,0,34,73
3,213,ground,Herb Bag,1,0,4,0,0,78,2
3,213,ground,Bomb,2,0,0,0,0,19,37
3,213,ground,Ammo,1,0,0,0,0,6,36
3,213,ground,Bandage,2,0,0,0,0,29,77
3,213,ground,Ammo,1,0,0,0,0,38,81
3,213,ground,River Fish,2,0,0,0,0,75,15
3,213,wall,Fungal Bread,1,0,0,0,0,44,29
3,214,ground,Stick,1,18,0,0,0,57,79
3,214,carried,Buckler,1,30,0,0,0,33,141
3,214,carried,Buckler,1,30,0,0,0,28,137
3,214,carried,Buckler,1,30,0,0,0,33,139
3,214,ground,Digging Claws,1,200,0,0,0,25,126
3,214,ground,Wooden Maul,1,24,0,0,0,19,142
3,214,ground,Throwing Rock,3,0,0,0,0,17,61
3,214,ground,Shield Lantern,1,24,0,0,0,25,37
3,214,ground,Hunting Spear,1,45,0,0,0,53,66
3,214,ground,Honey pot,1,0,0,0,0,53,64
3,214,carried,Buckler,1,30,0,0,0,85,122
3,214,carried,Buckler,1,30,0,0,0,55,124
3,214,ground,Throwing Rock,3,0,0,0,0,84,123
3,214,ground,Rope Hook,1,0,24,0,0,29,78
3,214,ground,Ammo,1,0,0,0,0,35,71
3,214,ground,Seed Bag,1,0,6,0,0,64,98
3,214,ground,Fungal Bread,1,0,0,0,0,62,53
3,214,ground,Ammo,1,0,0,0,0,50,34
3,214,ground,Herb Bag,1,0,4,0,0,60,127
3,214,ground,Herb Bag,1,0,4,0,0,60,140
3,214,ground,Ammo,1,0,0,0,0,83,145
3,214,ground,Ammo,1,0,0,0,0,80,123
3,214,ground,Pitch Bomb,2,0,0,0,0,82,48
3,214,ground,Sticky Boots,1,0,4,0,0,51,50
3,214,wall,Wooden Maul,1,24,0,0,0,60,32
3,215,ground,Stick,1,18,0,0,0,78,59
3,215,ground,Pickaxe,1,32,0,0,0,60,31
3,215,ground,Spring Trap,2,0,0,0,0,51,35
3,215,ground,Hunting Horn,1,0,8,0,0,65,57
3,215,ground,Ammo,1,0,0,0,0,57,52
3,215,ground,Torch,1,90,0,0,0,55,31
3,215,ground,Hatchet,1,35,0,0,0,32,35
3,215,ground,Bandage,2,0,0,0,0,32,30
3,215,ground,Ammo,1,0,0,0,0,57,13
3,215,ground,Ammo,1,0,0,0,0,75,10
3,215,ground,Medkit,1,0,0,0,0,13,10
3,215,ground,Ammo,1,0,0,0,0,118,30
3,215,ground,Bandage,2,0,0,0,0,4,12
3,215,stored,Cooked Meat,2,0,0,0,0,124,35
3,215,stored,Hunting Spear,1,45,0,0,0,120,29
3,215,ground,Torch,1,90,0,0,0,95,31
3,215,wall,Hunting Spear,1,45,0,0,0,71,19
3,216,ground,Stick,1,18,0,0,0,79,35
3,216,ground,Bow,1,0,0,20,0,123,40
3,216,ground,Rabbit Charm,1,0,0,0,0,15,15
3,216,ground,Lighter,1,0,20,0,0,32,11
3,216,ground,Bow,1,0,0,20,0,99,14
3,216,ground,Lighter,1,0,20,0,0,74,16
3,216,ground,Lighter,1,0,20,0,0,97,6
3,216,ground,Pickaxe,1,32,0,0,0,104,8
3,216,ground,Hatchet,1,35,0,0,0,7,38
3,216,ground,Torch,1,90,0,0,0,7,37
3,216,ground,Crossbow,1,0,0,1,16,38,38
3,216,ground,Root Drill,1,0,3,0,0,39,38
3,216,carried,Buckler,1,30,0,0,0,30,29
3,216,carried,Buckler,1,30,0,0,0,14,33
3,216,carried,Buckler,1,30,0,0,0,8,29
3,216,ground,Fungal Bread,2,0,0,0,0,8,36
3,216,ground,Shield Lantern,1,24,0,0,0,127,56
3,216,ground,Bear Trap,2,0,0,0,0,54,18
3,216,ground,Bandage,2,0,0,0,0,64,17
3,216,ground,Medkit,1,0,0,0,0,151,55
3,216,ground,Ammo,1,0,0,0,0,120,77
3,216,ground,Bandage,2,0,0,0,0,153,57
3,216,ground,Digging Claws,1,200,0,0,0,148,59
3,216,ground,Ammo,1,0,0,0,0,152,62
3,216,ground,River Fish,2,0,0,0,0,62,16
3,216,ground,River Fish,2,0,0,0,0,63,7
3,216,ground,River Fish,4,0,0,0,0,53,5
3,216,ground,Acorn Mine,2,0,0,0,0,124,74
3,216,ground,Splint,1,0,2,0,0,49,13
3,217,ground,Stick,1,18,0,0,0,56,80
3,217,ground,Wooden Maul,1,24,0,0,0,63,28
3,217,ground,Throwing Rock,3,0,0,0,0,61,42
3,217,ground,River Fish,6,0,0,0,0,15,79
3,217,carried,Buckler,1,30,0,0,0,83,117
3,217,carried,Buckler,1,30,0,0,0,17,61
3,217,ground,Seed Bag,1,0,6,0,0,8,24
3,217,ground,Lighter,1,0,20,0,0,56,107
3,217,ground,Ammo,1,0,0,0,0,50,102
3,217,ground,Bird Seed,1,0,0,0,0,33,57
3,217,ground,Herb Bag,1,0,4,0,0,40,55
3,217,ground,Ammo,1,0,0,0,0,56,123
3,217,ground,Ammo,1,0,0,0,0,37,122
3,217,ground,Herb Bag,1,0,4,0,0,15,61
3,217,ground,Medkit,1,0,0,0,0,34,95
3,217,ground,Ammo,1,0,0,0,0,31,99
3,217,ground,River Fish,3,0,0,0,0,88,56
3,217,ground,River Fish,3,0,0,0,0,88,73
3,217,wall,Hatchet,1,35,0,0,0,82,91
3,217,wall,Cooked Meat,2,0,0,0,0,25,122
3,218,ground,Stick,1,18,0,0,0,77,59
3,218,ground,River Fish,4,0,0,0,0,82,80
3,218,ground,River Fish,3,0,0,0,0,105,55
3,218,ground,Fishing Line,1,0,20,0,0,103,54
3,218,ground,Hatchet,1,35,0,0,0,26,36
3,218,ground,Throwing Net,2,0,0,0,0,120,28
3,218,ground,Scarecrow,1,0,0,0,0,86,35
3,218,ground,Bandage,2,0,0,0,0,77,41
3,218,ground,Bird Seed,1,0,0,0,0,58,38
3,218,ground,Bandage,2,0,0,0,0,58,35
3,218,ground,Ammo,1,0,0,0,0,98,32
3,218,ground,Ammo,1,0,0,0,0,105,78
3,218,ground,Ammo,1,0,0,0,0,9,35
3,218,ground,Bandage,2,0,0,0,0,116,57
3,218,ground,Ammo,1,0,0,0,0,54,61
3,218,ground,River Fish,3,0,0,0,0,73,69
3,218,ground,River Fish,5,0,0,0,0,65,60
3,218,ground,River Fish,5,0,0,0,0,72,33
3,218,ground,River Fish,4,0,0,0,0,71,17
3,218,ground,Bear Trap,2,0,0,0,0,128,35
3,218,ground,Water flask,2,0,0,0,0,81,28
3,218,ground,Resin Glue,1,0,0,0,0,83,42
3,218,ground,Hunting Horn,1,0,8,0,0,43,37
3,218,ground,Hunting Horn,1,0,8,0,0,43,11
3,218,wall,Sticky Boots,1,0,4,0,0,33,20
3,219,ground,Stick,1,18,0,0,0,78,80
3,219,carried,Buckler,1,30,0,0,0,42,55
3,219,carried,Buckler,1,30,0,0,0,42,57
3,219,carried,Buckler,1,30,0,0,0,41,59
3,219,carried,Buckler,1,30,0,0,0,39,78
3,219,carried,Buckler,1,30,0,0,0,46,79
3,219,carried,Buckler,1,30,0,0,0,50,69
3,219,carried,Buckler,1,30,0,0,0,48,73
3,219,carried,Buckler,1,30,0,0,0,51,71
3,219,carried,Buckler,1,30,0,0,0,48,66
3,219,carried,Buckler,1,30,0,0,0,38,65
3,219,carried,Buckler,1,30,0,0,0,38,67
3,219,ground,Wooden Maul,1,24,0,0,0,52,59
3,219,ground,Flint Knife,1,60,0,0,0,83,12
3,219,ground,Throwing Net,2,0,0,0,0,84,12
3,219,ground,Torch,1,90,0,0,0,79,35
3,219,ground,Hatchet,1,35,0,0,0,75,59
3,219,ground,Torch,1,90,0,0,0,74,59
3,219,ground,Hatchet,1,35,0,0,0,105,59
3,219,ground,Root Drill,1,0,3,0,0,105,58
3,219,carried,Buckler,1,30,0,0,0,77,56
3,219,carried,Buckler,1,30,0,0,0,97,59
3,219,carried,Buckler,1,30,0,0,0,85,61
3,219,ground,Firecracker,2,0,0,0,0,102,50
3,219,ground,Straw Decoy,1,0,0,0,0,61,28
3,219,ground,Rake,1,400,0,0,0,47,98
3,219,ground,Bandage,2,0,0,0,0,56,96
3,219,ground,Rake,1,400,0,0,0,32,101
3,219,ground,Fungal Bread,1,0,0,0,0,38,105
3,219,ground,Fungal Bread,1,0,0,0,0,65,36
3,219,ground,Ammo,1,0,0,0,0,5,76
3,219,ground,River Fish,2,0,0,0,0,79,95
3,219,ground,River Fish,3,0,0,0,0,91,100
3,219,ground,Sap jar,2,0,0,0,0,53,36
3,220,ground,Stick,1,18,0,0,0,56,57
3,220,ground,Rabbit Charm,1,0,0,0,0,80,81
3,220,ground,Pickaxe,1,32,0,0,0,95,57
3,220,ground,Thorn Caltrops,2,0,0,0,0,97,54
3,220,ground,River Fish,6,0,0,0,0,128,32
3,220,ground,Throwing Rock,3,0,0,0,0,100,15
3,220,ground,Lighter,1,0,20,0,0,32,52
3,220,ground,Ammo,1,0,0,0,0,35,57
3,220,ground,Rake,1,400,0,0,0,100,27
3,220,ground,Fungal Bread,1,0,0,0,0,99,28
3,220,ground,Fungal Bread,1,0,0,0,0,97,12
3,220,ground,Medkit,1,0,0,0,0,74,15
3,220,ground,Ammo,1,0,0,0,0,87,11
3,220,stored,Rake,1,400,0,0,0,127,34
3,220,ground,Rake,1,400,0,0,0,122,16
3,220,ground,Lighter,1,0,20,0,0,93,32
3,220,wall,Sap jar,2,0,0,0,0,88,41
3,221,ground,Stick,1,18,0,0,0,79,81
3,221,ground,Pickaxe,1,32,0,0,0,59,72
3,221,ground,Blunderbuss,1,0,0,2,14,52,71
3,221,ground,Resin Glue,1,0,0,0,0,34,68
3,221,ground,Stick,1,18,0,0,0,101,121
3,221,ground,Thorn Caltrops,2,0,0,0,0,97,96
3,221,ground,Spring Trap,2,0,0,0,0,98,106
3,221,ground,River Fish,5,0,0,0,0,94,73
3,221,carried,Buckler,1,30,0,0,0,17,105
3,221,ground,Rope Snare,2,0,0,0,0,126,19
3,221,ground,Mushroom spores,2,0,0,0,0,96,75
3,221,ground,Torch,1,90,0,0,0,120,83
3,221,ground,Ammo,1,0,0,0,0,126,35
3,221,ground,Herb Bag,1,0,4,0,0,126,9
3,221,ground,Ammo,1,0,0,0,0,58,104
3,221,ground,Fungal Bread,1,0,0,0,0,29,90
3,221,ground,Medkit,1,0,0,0,0,11,100
3,221,ground,Ammo,1,0,0,0,0,9,102
3,221,stored,Bear Trap,2,0,0,0,0,126,18
3,221,ground,Bandage,3,0,0,0,0,116,63
3,221,ground,Pickaxe,1,32,0,0,0,28,100
3,221,ground,Cooked Meat,2,0,0,0,0,119,52
3,221,ground,Bandage,3,0,0,0,0,107,81
3,221,ground,Sleep Meds,3,0,0,0,0,125,57
3,221,wall,Rope Hook,1,0,24,0,0,112,74
3,221,wall,Fried Egg,2,0,0,0,0,70,92
3,221,wall,Bow,1,0,0,20,0,82,92
3,222,ground,Stick,1,18,0,0,0,56,59
3,222,ground,Boomerang,1,0,0,0,0,123,75
3,222,ground,Flint Knife,1,60,0,0,0,126,70
3,222,ground,Bandaid,5,0,0,0,0,101,82
3,222,ground,Torch,1,90,0,0,0,33,77
3,222,ground,Rope Hook,1,0,24,0,0,38,80
3,222,ground,Flint Knife,1,60,0,0,0,124,52
3,222,ground,Shield Lantern,1,24,0,0,0,79,99
3,222,ground,Ammo,1,0,0,0,0,60,80
3,222,ground,Rake,1,400,0,0,0,71,74
3,222,ground,Bandage,2,0,0,0,0,81,85
3,222,ground,Mushroom spores,2,0,0,0,0,41,35
3,222,ground,Fungal Bread,1,0,0,0,0,16,39
3,222,ground,Herb Bag,1,0,4,0,0,78,99
3,222,ground,Rabbit Charm,1,0,0,0,0,20,9
3,222,ground,Ammo,1,0,0,0,0,10,13
3,222,ground,Ammo,1,0,0,0,0,100,97
3,222,wall,Straw Decoy,1,0,0,0,0,27,27
3,223,ground,Stick,1,18,0,0,0,56,79
3,223,ground,Pickaxe,1,32,0,0,0,41,50
3,223,ground,River Fish,6,0,0,0,0,61,98
3,223,ground,Hatchet,1,35,0,0,0,31,106
3,223,ground,Pickaxe,1,32,0,0,0,105,145
3,223,ground,Rope Hook,1,0,24,0,0,106,145
3,223,ground,Torch,1,90,0,0,0,101,122
3,223,ground,Hatchet,1,35,0,0,0,14,82
3,223,ground,Bomb,2,0,0,0,0,21,70
3,223,ground,Seed Bag,1,0,6,0,0,46,36
3,223,ground,Rake,1,400,0,0,0,81,96
3,223,ground,Fungal Bread,1,0,0,0,0,81,93
3,223,ground,Resin Glue,1,0,0,0,0,74,119
3,223,ground,Fungal Bread,1,0,0,0,0,72,121
3,223,ground,Medkit,1,0,0,0,0,104,95
3,223,ground,Wolf Whistle,1,0,8,0,0,52,120
3,223,ground,Ammo,1,0,0,0,0,48,119
3,223,ground,Ammo,1,0,0,0,0,101,102
3,223,ground,Bandage,3,0,0,0,0,11,38
3,223,ground,Reflecting Pan,1,24,0,0,0,4,40
3,224,ground,Stick,1,18,0,0,0,35,59
3,224,ground,Pickaxe,1,32,0,0,0,47,35
3,224,ground,Lantern Seed,1,0,0,0,0,42,10
3,224,ground,Pickaxe,1,32,0,0,0,60,121
3,224,ground,Rope Hook,1,0,24,0,0,61,121
3,224,ground,Torch,1,90,0,0,0,57,101
3,224,carried,Buckler,1,30,0,0,0,94,73
3,224,ground,Pickaxe,1,32,0,0,0,30,85
3,224,ground,Bird Seed,1,0,0,0,0,61,56
3,224,ground,Herb Bag,1,0,4,0,0,63,60
3,224,ground,Ammo,1,0,0,0,0,54,84
3,224,ground,Boomerang,1,0,0,0,0,79,98
3,224,ground,Fungal Bread,1,0,0,0,0,73,100
3,224,ground,Ammo,1,0,0,0,0,77,77
3,224,ground,Bandage,2,0,0,0,0,18,35
3,224,ground,Ammo,1,0,0,0,0,103,77
3,224,ground,River Fish,3,0,0,0,0,58,83
3,224,ground,Fried Egg,2,0,0,0,0,11,38
3,224,ground,Medkit,1,0,0,0,0,35,76
3,224,wall,Seed Bag,1,0,6,0,0,47,55
3,225,ground,Stick,1,18,0,0,0,33,59
3,225,ground,Throwing Rock,3,0,0,0,0,80,75
3,225,ground,Flint Knife,1,60,0,0,0,48,77
3,225,carried,Buckler,1,30,0,0,0,55,35
3,225,ground,Wooden Maul,1,24,0,0,0,76,94
3,225,ground,Splint,1,0,2,0,0,35,77
3,225,ground,Ammo,1,0,0,0,0,30,73
3,225,ground,Rope Snare,2,0,0,0,0,72,92
3,225,ground,Herb Bag,1,0,4,0,0,82,104
3,225,ground,Bandage,2,0,0,0,0,92,97
3,225,ground,Herb Bag,1,0,4,0,0,82,123
3,225,ground,Ammo,1,0,0,0,0,38,6
3,225,ground,River Fish,5,0,0,0,0,86,36
3,225,ground,River Fish,2,0,0,0,0,68,16
3,225,ground,Bow,1,0,0,20,0,91,43
3,225,ground,Throwing Rock,3,0,0,0,0,51,56
3,225,ground,Rake,1,400,0,0,0,38,68
3,225,ground,Pickaxe,1,32,0,0,0,31,40
3,225,ground,Throwing Rock,3,0,0,0,0,42,89
3,225,wall,Bow,1,0,0,20,0,61,19
3,225,wall,Seed Bag,1,0,6,0,0,105,79
3,226,ground,Stick,1,18,0,0,0,56,80
3,226,ground,Hunting Spear,1,45,0,0,0,69,117
3,226,ground,Hatchet,1,35,0,0,0,63,110
3,226,ground,Medkit,1,0,0,0,0,54,46
3,226,ground,Water flask,2,0,0,0,0,62,43
3,226,ground,River Fish,5,0,0,0,0,31,81
3,226,ground,Hatchet,1,35,0,0,0,14,75
3,226,ground,Rake,1,400,0,0,0,36,84
3,226,ground,Shield Lantern,1,24,0,0,0,33,118
3,226,ground,Bear Trap,2,0,0,0,0,35,130
3,226,ground,Flint Knife,1,60,0,0,0,39,126
3,226,ground,Hatchet,1,35,0,0,0,38,116
3,226,ground,Rope Snare,2,0,0,0,0,38,58
3,226,ground,Ammo,1,0,0,0,0,39,57
3,226,ground,Lantern Seed,1,0,0,0,0,62,12
3,226,ground,Medkit,1,0,0,0,0,27,15
3,226,ground,Bandage,2,0,0,0,0,33,11
3,226,ground,Bandage,2,0,0,0,0,32,17
3,226,ground,Torch,1,90,0,0,0,41,10
3,226,ground,Ammo,1,0,0,0,0,31,12
3,226,ground,Rabbit Charm,1,0,0,0,0,54,7
3,226,ground,Digging Claws,1,200,0,0,0,31,36
3,226,ground,Digging Claws,1,200,0,0,0,54,16
3,226,ground,Shield Lantern,1,24,0,0,0,44,91
3,226,wall,Boomerang,1,0,0,0,0,59,20
3,226,wall,Bow,1,0,0,20,0,32,24
3,227,ground,Stick,1,18,0,0,0,33,57
3,227,ground,River Fish,3,0,0,0,0,60,98
3,227,ground,Hatchet,1,35,0,0,0,55,119
3,227,ground,Bow,1,0,0,20,0,13,38
3,227,ground,River Fish,4,0,0,0,0,50,85
3,227,ground,Fishing Line,1,0,20,0,0,49,82
3,227,ground,River Fish,5,0,0,0,0,3,15
3,227,ground,Fishing Line,1,0,20,0,0,5,13
3,227,ground,Digging Claws,1,200,0,0,0,8,80
3,227,ground,Straw Decoy,1,0,0,0,0,17,29
3,227,ground,Raw Meat,2,0,0,0,0,56,52
3,227,ground,Fungal Bread,1,0,0,0,0,62,55
3,227,ground,Water flask,2,0,0,0,0,54,75
3,227,ground,Medkit,1,0,0,0,0,28,93
3,227,ground,Bandage,2,0,0,0,0,80,122
3,227,ground,Ammo,1,0,0,0,0,7,79
3,227,ground,Ammo,1,0,0,0,0,31,101
3,227,ground,Water flask,2,0,0,0,0,67,118
3,227,ground,Buckler,1,30,0,0,0,17,76
3,227,wall,Cooked Meat,2,0,0,0,0,11,65
3,228,ground,Stick,1,18,0,0,0,77,37
3,228,carried,Buckler,1,30,0,0,0,120,78
3,228,carried,Buckler,1,30,0,0,0,118,71
3,228,carried,Buckler,1,30,0,0,0,117,77
3,228,carried,Buckler,1,30,0,0,0,100,72
3,228,carried,Buckler,1,30,0,0,0,99,73
3,228,carried,Buckler,1,30,0,0,0,99,75
3,228,ground,Torch,1,90,0,0,0,120,64
3,228,ground,Blunderbuss,1,0,0,2,14,139,79
3,228,ground,Throwing Net,2,0,0,0,0,140,79
3,228,ground,Torch,1,90,0,0,0,145,55
3,228,ground,Hatchet,1,35,0,0,0,38,30
3,228,ground,Torch,1,90,0,0,0,37,29
3,228,ground,Digging Claws,1,200,0,0,0,38,59
3,228,ground,Root Drill,1,0,3,0,0,38,60
3,228,carried,Buckler,1,30,0,0,0,33,38
3,228,ground,Firecracker,2,0,0,0,0,36,54
3,228,ground,River Fish,6,0,0,0,0,32,8
3,228,ground,Raw Meat,1,0,0,0,0,127,35
3,228,carried,Buckler,1,30,0,0,0,18,54
3,228,ground,Throwing Net,2,0,0,0,0,118,75
3,228,ground,Hatchet,1,35,0,0,0,54,30
3,228,ground,Ammo,1,0,0,0,0,62,36
3,228,ground,Bird Seed,1,0,0,0,0,99,41
3,228,ground,Bandage,2,0,0,0,0,104,37
3,228,ground,Bandage,2,0,0,0,0,122,40
3,228,ground,Bandage,2,0,0,0,0,147,29
3,228,ground,Ammo,1,0,0,0,0,17,58
3,228,ground,Throwing Rock,3,0,0,0,0,83,60
3,228,ground,Thorn Caltrops,2,0,0,0,0,130,30
3,228,ground,Mushroom spores,2,0,0,0,0,73,61
3,229,ground,Stick,1,18,0,0,0,33,79
3,229,ground,Sap jar,2,0,0,0,0,66,53
3,229,ground,Mushroom spores,2,0,0,0,0,62,81
3,229,ground,Fried Egg,2,0,0,0,0,73,73
3,229,ground,Pickaxe,1,32,0,0,0,68,77
3,229,ground,Torch,1,90,0,0,0,78,39
3,229,ground,Throwing Net,2,0,0,0,0,79,39
3,229,ground,Torch,1,90,0,0,0,57,34
3,229,ground,Smoke pot,2,0,0,0,0,34,33
3,229,ground,Pickaxe,1,32,0,0,0,30,61
3,229,ground,River Fish,6,0,0,0,0,53,19
3,229,ground,Torch,1,90,0,0,0,103,84
3,229,carried,Buckler,1,30,0,0,0,81,13
3,229,ground,Torch,1,90,0,0,0,50,52
3,229,ground,Water flask,2,0,0,0,0,57,19
3,229,ground,Medkit,1,0,0,0,0,79,14
3,229,ground,Blunderbuss,1,0,0,2,14,96,104
3,229,ground,Ammo,1,0,0,0,0,99,96
3,229,ground,Bandage,2,0,0,0,0,81,12
3,229,ground,Bandage,2,0,0,0,0,82,12
3,229,ground,Bow,1,0,0,20,0,79,12
3,229,ground,Ammo,1,0,0,0,0,80,8
3,229,ground,River Fish,4,0,0,0,0,64,42
3,229,ground,River Fish,3,0,0,0,0,63,26
3,229,ground,Seed Bag,1,0,6,0,0,47,18
3,229,wall,Crossbow,1,0,0,1,16,67,10
3,230,ground,Stick,1,18,0,0,0,78,35
3,230,ground,Hunting Spear,1,45,0,0,0,70,51
3,230,ground,Flint Knife,1,60,0,0,0,53,11
3,230,ground,Rope Hook,1,0,24,0,0,54,11
3,230,ground,Torch,1,90,0,0,0,56,33
3,230,ground,Bow,1,0,0,20,0,14,97
3,230,ground,Hand Bell,1,0,80,0,0,16,97
3,230,ground,Root Drill,1,0,3,0,0,17,104
3,230,ground,Hatchet,1,35,0,0,0,38,15
3,230,ground,Torch,1,90,0,0,0,39,15
3,230,ground,Pickaxe,1,32,0,0,0,7,15
3,230,ground,Root Drill,1,0,3,0,0,6,15
3,230,carried,Buckler,1,30,0,0,0,25,7
3,230,carried,Buckler,1,30,0,0,0,41,9
3,230,ground,Fungal Bread,2,0,0,0,0,16,15
3,230,ground,Fungal Bread,2,0,0,0,0,35,9
3,230,ground,Spring Trap,2,0,0,0,0,22,38
3,230,ground,Rake,1,400,0,0,0,24,58
3,230,ground,Herb Bag,1,0,4,0,0,39,58
3,230,ground,Bird Seed,1,0,0,0,0,8,59
3,230,ground,Bandage,2,0,0,0,0,8,58
3,230,ground,Medkit,1,0,0,0,0,14,36
3,230,ground,Ammo,1,0,0,0,0,13,28
3,230,ground,River Fish,5,0,0,0,0,66,76
3,230,ground,River Fish,3,0,0,0,0,53,69
3,230,ground,Buckler,1,30,0,0,0,1,50
3,230,ground,Water flask,2,0,0,0,0,16,56
3,230,wall,Bandage,3,0,0,0,0,88,85
3,231,ground,Stick,1,18,0,0,0,77,81
3,231,ground,Pickaxe,1,32,0,0,0,30,34
3,231,ground,Throwing Net,2,0,0,0,0,31,34
3,231,ground,Torch,1,90,0,0,0,34,57
3,231,ground,Hatchet,1,35,0,0,0,53,82
3,231,ground,Torch,1,90,0,0,0,53,83
3,231,ground,Pickaxe,1,32,0,0,0,53,53
3,231,ground,Root Drill,1,0,3,0,0,53,52
3,231,carried,Buckler,1,30,0,0,0,61,57
3,231,carried,Buckler,1,30,0,0,0,61,52
3,231,ground,Fungal Bread,2,0,0,0,0,62,61
3,231,ground,Fungal Bread,2,0,0,0,0,60,83
3,231,ground,Firecracker,2,0,0,0,0,60,58
3,231,ground,Bow,1,0,0,20,0,36,83
3,231,ground,Raw Meat,1,0,0,0,0,32,71
3,231,ground,Seed Bag,1,0,6,0,0,37,45
3,231,ground,Rake,1,400,0,0,0,79,56
3,231,ground,Herb Bag,1,0,4,0,0,76,57
3,231,ground,Bandage,3,0,0,0,0,9,30
3,231,ground,Bandage,2,0,0,0,0,9,36
3,231,ground,Medkit,1,0,0,0,0,35,18
3,231,ground,Ammo,1,0,0,0,0,36,6
3,231,ground,Acorn Mine,2,0,0,0,0,67,22
3,231,wall,Rabbit Charm,1,0,0,0,0,78,39
3,231,wall,Herb Bag,1,0,4,0,0,66,107
3,232,ground,Stick,1,18,0,0,0,55,35
3,232,ground,Bow,1,0,0,20,0,14,74
3,232,ground,Sticky Boots,1,0,4,0,0,29,84
3,232,ground,Smoke pot,2,0,0,0,0,7,71
3,232,ground,River Fish,3,0,0,0,0,76,4
3,232,ground,Digging Claws,1,200,0,0,0,97,12
3,232,ground,Sap jar,1,0,0,0,0,60,61
3,232,ground,Bird Seed,1,0,0,0,0,51,78
3,232,ground,Fungal Bread,1,0,0,0,0,59,76
3,232,ground,Ammo,1,0,0,0,0,29,90
3,232,ground,Ammo,1,0,0,0,0,9,98
3,232,ground,Medkit,1,0,0,0,0,11,30
3,232,ground,Bandage,2,0,0,0,0,62,16
3,232,ground,Ammo,1,0,0,0,0,15,31
3,232,ground,River Fish,3,0,0,0,0,84,28
3,232,ground,River Fish,5,0,0,0,0,100,32
3,232,ground,Bow,1,0,0,20,0,33,50
3,232,wall,Flint Knife,1,60,0,0,0,86,37
3,233,ground,Stick,1,18,0,0,0,34,81
3,233,ground,Hatchet,1,35,0,0,0,68,103
3,233,ground,Lighter,1,0,20,0,0,67,115
3,233,ground,Pickaxe,1,32,0,0,0,8,112
3,233,ground,Oil flask,2,0,0,0,0,16,116
3,233,ground,Hunting Spear,1,45,0,0,0,35,60
3,233,ground,Rope Hook,1,0,24,0,0,36,60
3,233,ground,Torch,1,90,0,0,0,55,56
3,233,ground,Hunting Spear,1,45,0,0,0,52,32
3,233,ground,Honey pot,1,0,0,0,0,60,32
3,233,carried,Buckler,1,30,0,0,0,102,80
3,233,ground,Flint Knife,1,60,0,0,0,15,75
3,233,ground,Bitter Root,1,0,0,0,0,59,78
3,233,ground,Fungal Bread,1,0,0,0,0,82,80
3,233,ground,Fungal Bread,1,0,0,0,0,74,82
3,233,ground,Medkit,1,0,0,0,0,103,72
3,233,ground,Bandage,2,0,0,0,0,59,35
3,233,ground,Ammo,1,0,0,0,0,102,71
3,233,ground,River Fish,4,0,0,0,0,48,67
3,233,ground,River Fish,4,0,0,0,0,61,45
3,233,stored,Root Drill,1,0,3,0,0,55,30
3,233,stored,Torch,1,90,0,0,0,53,33
3,233,ground,Flint Knife,1,60,0,0,0,8,78
3,233,wall,Mushroom spores,2,0,0,0,0,60,69
3,233,wall,Bandage,3,0,0,0,0,23,81
3,234,ground,Stick,1,18,0,0,0,35,35
3,234,ground,River Fish,3,0,0,0,0,58,61
3,234,ground,Sap jar,2,0,0,0,0,80,51
3,234,ground,Bandage,3,0,0,0,0,57,64
3,234,ground,Root Drill,1,0,3,0,0,12,101
3,234,ground,Water flask,2,0,0,0,0,18,104
3,234,ground,Seed Bag,1,0,6,0,0,9,105
3,234,ground,River Fish,3,0,0,0,0,39,75
3,234,ground,Fishing Line,1,0,20,0,0,41,76
3,234,ground,River Fish,6,0,0,0,0,38,98
3,234,carried,Buckler,1,30,0,0,0,94,58
3,234,ground,Pickaxe,1,32,0,0,0,73,59
3,234,ground,Rake,1,400,0,0,0,32,52
3,234,ground,Bandage,2,0,0,0,0,28,59
3,234,ground,Mushroom spores,2,0,0,0,0,26,80
3,234,ground,Fungal Bread,1,0,0,0,0,54,29
3,234,ground,Herb Bag,1,0,4,0,0,60,17
3,234,ground,Ammo,1,0,0,0,0,77,80
3,234,ground,Ammo,1,0,0,0,0,74,36
3,234,ground,Ammo,1,0,0,0,0,90,63
3,234,ground,River Fish,4,0,0,0,0,43,105
3,234,ground,Throwing Net,2,0,0,0,0,45,21
3,234,wall,Fungal Bread,1,0,0,0,0,73,30
3,234,wall,Cooked Meat,2,0,0,0,0,22,77
3,235,ground,Stick,1,18,0,0,0,33,59
3,235,carried,Buckler,1,30,0,0,0,77,62
3,235,carried,Buckler,1,30,0,0,0,71,63
3,235,carried,Buckler,1,30,0,0,0,74,60
3,235,carried,Buckler,1,30,0,0,0,63,79
3,235,carried,Buckler,1,30,0,0,0,62,78
3,235,carried,Buckler,1,30,0,0,0,60,74
3,235,ground,Sleep Meds,3,0,0,0,0,72,74
3,235,ground,Rake,1,400,0,0,0,66,78
3,235,ground,Torch,1,90,0,0,0,55,37
3,235,ground,Throwing Net,2,0,0,0,0,56,37
3,235,ground,Torch,1,90,0,0,0,77,34
3,235,ground,Hatchet,1,35,0,0,0,37,39
3,235,ground,Torch,1,90,0,0,0,38,39
3,235,ground,Pickaxe,1,32,0,0,0,7,39
3,235,ground,Root Drill,1,0,3,0,0,6,39
3,235,carried,Buckler,1,30,0,0,0,11,41
3,235,ground,Fungal Bread,2,0,0,0,0,28,29
3,235,ground,Fungal Bread,2,0,0,0,0,14,27
3,235,ground,Honey pot,1,0,0,0,0,52,10
3,235,ground,Mushroom spores,2,0,0,0,0,22,36
3,235,ground,Torch,1,90,0,0,0,99,33
3,235,ground,Rake,1,400,0,0,0,103,82
3,235,ground,Ammo,1,0,0,0,0,97,81
3,235,ground,Ammo,1,0,0,0,0,54,11
3,235,ground,Medkit,1,0,0,0,0,95,56
3,235,ground,Herb Bag,1,0,4,0,0,19,51
3,235,ground,Bandage,2,0,0,0,0,7,73
3,235,ground,Ammo,1,0,0,0,0,99,53
3,235,wall,Bow,1,0,0,20,0,109,75
3,236,ground,Stick,1,18,0,0,0,77,59
3,236,carried,Buckler,1,30,0,0,0,36,68
3,236,carried,Buckler,1,30,0,0,0,33,65
3,236,carried,Buckler,1,30,0,0,0,51,56
3,236,carried,Buckler,1,30,0,0,0,50,64
3,236,carried,Buckler,1,30,0,0,0,47,62
3,236,ground,Wooden Maul,1,24,0,0,0,44,62
3,236,ground,Torch,1,90,0,0,0,30,13
3,236,ground,Throwing Net,2,0,0,0,0,31,13
3,236,ground,Torch,1,90,0,0,0,33,34
3,236,carried,Buckler,1,30,0,0,0,15,86
3,236,ground,Mushroom spores,2,0,0,0,0,13,13
3,236,ground,Lighter,1,0,20,0,0,75,29
3,236,ground,Ammo,1,0,0,0,0,72,35
3,236,ground,Lighter,1,0,20,0,0,60,39
3,236,ground,Ammo,1,0,0,0,0,53,36
3,236,ground,Medkit,1,0,0,0,0,10,78
3,236,ground,Ammo,1,0,0,0,0,102,35
3,236,ground,Bandage,2,0,0,0,0,15,71
3,236,ground,Bandage,2,0,0,0,0,17,80
3,236,ground,Ammo,1,0,0,0,0,14,73
3,236,ground,River Fish,5,0,0,0,0,25,12
3,236,ground,Wooden Maul,1,24,0,0,0,52,44
3,236,wall,Bandage,3,0,0,0,0,52,4
3,236,wall,Flint Knife,1,60,0,0,0,57,23
3,236,wall,Seed Bag,1,0,6,0,0,76,42
3,237,ground,Stick,1,18,0,0,0,78,79
3,237,ground,River Fish,5,0,0,0,0,98,84
3,237,ground,Stick,1,18,0,0,0,125,76
3,237,ground,River Fish,6,0,0,0,0,85,56
3,237,ground,River Fish,6,0,0,0,0,39,37
3,237,ground,Stick,1,18,0,0,0,147,83
3,237,ground,Honey pot,1,0,0,0,0,142,81
3,237,ground,Crossbow,1,0,0,1,16,119,72
3,237,ground,Water flask,2,0,0,0,0,81,52
3,237,ground,Rake,1,400,0,0,0,61,29
3,237,ground,Herb Bag,1,0,4,0,0,58,32
3,237,ground,Herb Bag,1,0,4,0,0,60,13
3,237,ground,Ammo,1,0,0,0,0,147,73
3,237,ground,Ammo,1,0,0,0,0,35,6
3,237,ground,Bomb,2,0,0,0,0,91,106
3,237,ground,Ammo,1,0,0,0,0,101,104
3,237,ground,Medkit,1,0,0,0,0,20,38
3,237,ground,Ammo,1,0,0,0,0,14,30
3,237,ground,River Fish,5,0,0,0,0,136,107
3,237,ground,Water flask,2,0,0,0,0,29,62
3,237,ground,Hatchet,1,35,0,0,0,145,104
3,237,ground,Water flask,2,0,0,0,0,87,51
3,237,wall,Sap jar,2,0,0,0,0,45,58
3,238,ground,Stick,1,18,0,0,0,79,81
3,238,ground,Blunderbuss,1,0,0,2,14,56,41
3,238,ground,Acorn Mine,2,0,0,0,0,54,49
3,238,ground,River Fish,6,0,0,0,0,54,80
3,238,ground,Spring Trap,2,0,0,0,0,34,76
3,238,ground,Fungal Bread,1,0,0,0,0,57,70
3,238,ground,Pitch Bomb,2,0,0,0,0,36,70
3,238,ground,Rake,1,400,0,0,0,42,81
3,238,ground,Sap jar,2,0,0,0,0,30,38
3,238,ground,Ammo,1,0,0,0,0,98,86
3,238,ground,Rake,1,400,0,0,0,37,102
3,238,ground,Fungal Bread,1,0,0,0,0,34,99
3,238,ground,Ammo,1,0,0,0,0,54,99
3,238,ground,Medkit,1,0,0,0,0,46,126
3,238,ground,Bandage,2,0,0,0,0,53,123
3,238,ground,Hatchet,1,35,0,0,0,47,127
3,238,ground,Ammo,1,0,0,0,0,49,116
3,238,ground,Water flask,2,0,0,0,0,103,79
3,238,ground,Bear Trap,2,0,0,0,0,30,9
3,238,ground,Hunting Horn,1,0,8,0,0,96,106
3,238,wall,Stick,1,18,0,0,0,106,92
3,238,wall,Hunting Horn,1,0,8,0,0,46,98
3,239,ground,Stick,1,18,0,0,0,56,80
3,239,ground,River Fish,5,0,0,0,0,54,120
3,239,ground,Fishing Line,1,0,20,0,0,51,120
3,239,ground,River Fish,5,0,0,0,0,56,31
3,239,ground,Bow,1,0,0,20,0,19,8
3,239,ground,Mushroom spores,2,0,0,0,0,58,108
3,239,ground,Resin Glue,1,0,0,0,0,56,57
3,239,ground,Ammo,1,0,0,0,0,56,60
3,239,ground,Bandage,2,0,0,0,0,39,56
3,239,ground,Ammo,1,0,0,0,0,39,37
3,239,ground,Cooked Meat,2,0,0,0,0,80,100
3,239,ground,Ammo,1,0,0,0,0,73,101
3,239,ground,Bandage,2,0,0,0,0,40,80
3,239,ground,Medkit,1,0,0,0,0,11,15
3,239,ground,Ammo,1,0,0,0,0,42,123
3,239,ground,River Fish,4,0,0,0,0,46,83
3,239,ground,River Fish,2,0,0,0,0,79,58
3,239,stored,Scarecrow,1,0,0,0,0,57,38
3,239,ground,Medkit,1,0,0,0,0,11,69
3,240,ground,Stick,1,18,0,0,0,77,80
3,240,ground,Mushroom spores,2,0,0,0,0,39,77
3,240,ground,Firecracker,3,0,0,0,0,31,64
3,240,ground,River Fish,4,0,0,0,0,38,32
3,240,ground,Fishing Line,1,0,20,0,0,38,29
3,240,ground,River Fish,6,0,0,0,0,100,80
3,240,ground,Fishing Line,1,0,20,0,0,102,84
3,240,carried,Buckler,1,30,0,0,0,36,97
3,240,ground,Reflecting Pan,1,24,0,0,0,72,79
3,240,ground,Seed Bag,1,0,6,0,0,47,71
3,240,ground,Water flask,2,0,0,0,0,52,54
3,240,ground,Medkit,1,0,0,0,0,14,35
3,240,ground,Bandage,2,0,0,0,0,14,30
3,240,ground,Bandage,2,0,0,0,0,11,40
3,240,ground,Ammo,1,0,0,0,0,19,39
3,240,ground,River Fish,3,0,0,0,0,43,45
3,240,ground,River Fish,2,0,0,0,0,61,53
3,240,ground,River Fish,3,0,0,0,0,89,76
3,240,ground,River Fish,5,0,0,0,0,95,96
3,240,ground,Throwing Rock,3,0,0,0,0,76,21
3,241,ground,Stick,1,18,0,0,0,13,80
3,241,ground,Torch,1,90,0,0,0,29,33
3,241,ground,Rope Hook,1,0,24,0,0,30,33
3,241,ground,Torch,1,90,0,0,0,34,55
3,241,ground,River Fish,5,0,0,0,0,32,78
3,241,carried,Buckler,1,30,0,0,0,14,51
3,241,carried,Buckler,1,30,0,0,0,77,80
3,241,ground,Hatchet,1,35,0,0,0,43,109
3,241,ground,Mushroom spores,2,0,0,0,0,35,85
3,241,ground,Bird Seed,1,0,0,0,0,58,78
3,241,ground,Bandage,2,0,0,0,0,51,75
3,241,ground,Ammo,1,0,0,0,0,51,98
3,241,ground,Herb Bag,1,0,4,0,0,61,129
3,241,ground,Medkit,1,0,0,0,0,75,117
3,241,ground,Raw Meat,2,0,0,0,0,31,121
3,241,ground,Ammo,1,0,0,0,0,33,122
3,241,ground,Ammo,1,0,0,0,0,73,121
3,241,ground,River Fish,4,0,0,0,0,77,65
3,241,wall,Pickaxe,1,32,0,0,0,14,33
3,241,wall,Sap jar,2,0,0,0,0,16,50
3,242,ground,Stick,1,18,0,0,0,57,81
3,242,ground,Pickaxe,1,32,0,0,0,35,96
3,242,ground,Rope Hook,1,0,24,0,0,36,96
3,242,ground,Torch,1,90,0,0,0,55,101
3,242,ground,Flint Knife,1,60,0,0,0,37,99
3,242,ground,Hatchet,1,35,0,0,0,73,73
3,242,ground,Ammo,1,0,0,0,0,74,73
3,242,ground,Lighter,1,0,20,0,0,56,56
3,242,ground,Ammo,1,0,0,0,0,61,55
3,242,ground,Ammo,1,0,0,0,0,105,74
3,242,ground,Ammo,1,0,0,0,0,55,35
3,242,ground,Medkit,1,0,0,0,0,33,124
3,242,ground,Bandage,2,0,0,0,0,32,125
3,242,ground,Bandage,2,0,0,0,0,30,124
3,242,ground,Digging Claws,1,200,0,0,0,37,111
3,242,wall,Stick,1,18,0,0,0,44,32
3,243,ground,Stick,1,18,0,0,0,55,81
3,243,ground,Hatchet,1,35,0,0,0,81,59
3,243,ground,Lighter,1,0,20,0,0,82,37
3,243,ground,Hatchet,1,35,0,0,0,81,95
3,243,ground,Torch,1,90,0,0,0,82,95
3,243,ground,Bow,1,0,0,20,0,53,95
3,243,ground,Root Drill,1,0,3,0,0,52,95
3,243,carried,Buckler,1,30,0,0,0,72,99
3,243,carried,Buckler,1,30,0,0,0,63,103
3,243,ground,Firecracker,2,0,0,0,0,55,96
3,243,ground,Firecracker,2,0,0,0,0,57,102
3,243,ground,Torch,1,90,0,0,0,38,48
3,243,ground,Throwing Rock,3,0,0,0,0,86,36
3,243,ground,Ammo,1,0,0,0,0,33,82
3,243,ground,Bird Seed,1,0,0,0,0,33,51
3,243,ground,Bandage,2,0,0,0,0,28,57
3,243,ground,Pickaxe,1,32,0,0,0,13,79
3,243,ground,Ammo,1,0,0,0,0,8,78
3,243,ground,Ammo,1,0,0,0,0,62,57
3,243,ground,Medkit,1,0,0,0,0,38,7
3,243,ground,Bandage,2,0,0,0,0,31,8
3,243,ground,Ammo,1,0,0,0,0,28,14
3,243,ground,Wooden Maul,1,24,0,0,0,83,78
3,243,ground,Pickaxe,1,32,0,0,0,27,34
3,244,ground,Stick,1,18,0,0,0,79,13
3,244,ground,Sap jar,2,0,0,0,0,53,60
3,244,ground,Bow,1,0,0,20,0,77,67
3,244,ground,Flint Knife,1,60,0,0,0,84,72
3,244,ground,Water flask,2,0,0,0,0,57,60
3,244,ground,Torch,1,90,0,0,0,103,56
3,244,ground,Rope Hook,1,0,24,0,0,104,56
3,244,ground,Torch,1,90,0,0,0,101,35
3,244,ground,Bow,1,0,0,20,0,121,57
3,244,ground,Bow,1,0,0,20,0,127,61
3,244,ground,Pickaxe,1,32,0,0,0,102,69
3,244,carried,Buckler,1,30,0,0,0,41,57
3,244,ground,Rabbit Charm,1,0,0,0,0,106,39
3,244,ground,Splint,1,0,2,0,0,97,13
3,244,ground,Ammo,1,0,0,0,0,98,11
3,244,ground,Bird Seed,1,0,0,0,0,79,38
3,244,ground,Fungal Bread,1,0,0,0,0,74,39
3,244,ground,Root Drill,1,0,3,0,0,142,25
3,244,ground,Ammo,1,0,0,0,0,141,37
3,244,ground,Bandage,2,0,0,0,0,31,84
3,244,ground,Medkit,1,0,0,0,0,31,55
3,244,ground,Ammo,1,0,0,0,0,33,60
3,244,wall,Rope Snare,2,0,0,0,0,24,76
3,244,wall,Thorn Caltrops,2,0,0,0,0,39,80
3,245,ground,Stick,1,18,0,0,0,79,14
3,245,ground,Hunting Spear,1,45,0,0,0,105,29
3,245,ground,Hunting Spear,1,45,0,0,0,34,80
3,245,ground,River Fish,4,0,0,0,0,54,33
3,245,ground,Torch,1,90,0,0,0,85,64
3,245,ground,Torch,1,90,0,0,0,45,64
3,245,ground,Ammo,1,0,0,0,0,86,35
3,245,ground,Bird Seed,1,0,0,0,0,51,16
3,245,ground,Bandage,2,0,0,0,0,60,14
3,245,ground,Mushroom spores,2,0,0,0,0,54,31
3,245,ground,Ammo,1,0,0,0,0,60,58
3,245,ground,Ammo,1,0,0,0,0,71,53
3,245,ground,Rabbit Charm,1,0,0,0,0,30,37
3,245,ground,Ammo,1,0,0,0,0,31,34
3,245,ground,Medkit,1,0,0,0,0,125,33
3,245,ground,Bandage,2,0,0,0,0,121,32
3,245,ground,River Fish,4,0,0,0,0,53,52
3,245,ground,Fried Egg,2,0,0,0,0,56,9
3,245,ground,Spring Trap,2,0,0,0,0,55,47
3,245,wall,Throwing Net,2,0,0,0,0,44,34
3,245,wall,Thorn Caltrops,2,0,0,0,0,65,49
3,246,ground,Stick,1,18,0,0,0,57,80
3,246,ground,Torch,1,90,0,0,0,72,28
3,246,ground,Throwing Net,2,0,0,0,0,58,44
3,246,ground,Digging Claws,1,200,0,0,0,11,59
3,246,ground,Rope Hook,1,0,24,0,0,12,59
3,246,ground,Torch,1,90,0,0,0,33,55
3,246,ground,River Fish,4,0,0,0,0,34,30
3,246,ground,Fishing Line,1,0,20,0,0,32,29
3,246,carried,Buckler,1,30,0,0,0,116,78
3,246,ground,Rope Snare,2,0,0,0,0,127,100
3,246,ground,Spring Trap,2,0,0,0,0,104,55
3,246,ground,Bandage,2,0,0,0,0,98,63
3,246,ground,Medkit,1,0,0,0,0,117,57
3,246,ground,Ammo,1,0,0,0,0,106,78
3,246,ground,Bitter Root,1,0,0,0,0,119,79
3,246,ground,Ammo,1,0,0,0,0,125,104
3,246,ground,Bandage,2,0,0,0,0,121,54
3,246,ground,Ammo,1,0,0,0,0,116,60
3,246,ground,River Fish,5,0,0,0,0,93,59
3,246,ground,River Fish,3,0,0,0,0,103,45
3,246,ground,River Fish,3,0,0,0,0,106,57
3,246,ground,Sleep Meds,3,0,0,0,0,100,32
3,246,ground,Pickaxe,1,32,0,0,0,116,99
3,246,ground,Rake,1,400,0,0,0,102,82
3,247,ground,Stick,1,18,0,0,0,79,36
3,247,carried,Buckler,1,30,0,0,0,76,68
3,247,carried,Buckler,1,30,0,0,0,77,70
3,247,carried,Buckler,1,30,0,0,0,80,72
3,247,carried,Buckler,1,30,0,0,0,77,73
3,247,ground,Digging Claws,1,200,0,0,0,65,70
3,247,ground,Torch,1,90,0,0,0,30,10
3,247,ground,River Fish,5,0,0,0,0,80,8
3,247,ground,Digging Claws,1,200,0,0,0,48,12
3,247,ground,Splint,1,0,2,0,0,54,12
3,247,ground,Resin Glue,1,0,0,0,0,84,17
3,247,ground,Reflecting Pan,1,24,0,0,0,35,103
3,247,ground,Straw Decoy,1,0,0,0,0,29,79
3,247,ground,Water flask,2,0,0,0,0,34,73
3,247,ground,Root Drill,1,0,3,0,0,39,105
3,247,ground,Flint Knife,1,60,0,0,0,31,42
3,247,ground,Hunting Horn,1,0,8,0,0,102,53
3,247,ground,Ammo,1,0,0,0,0,102,60
3,247,ground,Ammo,1,0,0,0,0,36,54
3,247,ground,Torch,1,90,0,0,0,8,64
3,247,ground,Medkit,1,0,0,0,0,15,77
3,247,ground,Bandage,2,0,0,0,0,15,82
3,247,ground,Bandage,2,0,0,0,0,16,76
3,247,ground,Hatchet,1,35,0,0,0,13,73
3,247,ground,Ammo,1,0,0,0,0,6,79
3,247,ground,Throwing Rock,3,0,0,0,0,45,62
3,247,ground,Hunting Horn,1,0,8,0,0,8,49
3,247,ground,Hunting Spear,1,45,0,0,0,3,59
3,247,ground,Crossbow,1,0,0,1,16,16,55
3,248,ground,Stick,1,18,0,0,0,57,57
3,248,ground,Hunting Spear,1,45,0,0,0,24,32
3,248,ground,Bow,1,0,0,20,0,34,82
3,248,ground,Rope Hook,1,0,24,0,0,35,82
3,248,ground,Torch,1,90,0,0,0,57,79
3,248,ground,Sticky Boots,1,0,4,0,0,30,124
3,248,ground,Oil flask,2,0,0,0,0,44,91
3,248,ground,Flint Knife,1,60,0,0,0,62,105
3,248,ground,Hatchet,1,35,0,0,0,61,18
3,248,ground,Torch,1,90,0,0,0,62,18
3,248,ground,Digging Claws,1,200,0,0,0,31,18
3,248,ground,Root Drill,1,0,3,0,0,30,17
3,248,carried,Buckler,1,30,0,0,0,40,13
3,248,carried,Buckler,1,30,0,0,0,35,18
3,248,ground,Fungal Bread,2,0,0,0,0,44,16
3,248,ground,Pickaxe,1,32,0,0,0,52,29
3,248,carried,Buckler,1,30,0,0,0,11,127
3,248,ground,Sap jar,2,0,0,0,0,9,121
3,248,ground,Lighter,1,0,20,0,0,15,81
3,248,ground,Ammo,1,0,0,0,0,11,79
3,248,ground,Chili,1,0,0,0,0,54,32
3,248,ground,Herb Bag,1,0,4,0,0,15,97
3,248,ground,Medkit,1,0,0,0,0,7,117
3,248,ground,Bandage,2,0,0,0,0,10,129
3,248,ground,Ammo,1,0,0,0,0,9,122
3,248,ground,Digging Claws,1,200,0,0,0,7,91
3,249,ground,Stick,1,18,0,0,0,55,80
3,249,ground,Pickaxe,1,32,0,0,0,7,67
3,249,ground,Rake,1,400,0,0,0,13,75
3,249,ground,Seed Bag,1,0,6,0,0,30,79
3,249,ground,River Fish,6,0,0,0,0,58,125
3,249,ground,Hatchet,1,35,0,0,0,53,145
3,249,ground,Hunting Spear,1,45,0,0,0,101,144
3,249,ground,Rope Snare,2,0,0,0,0,80,137
3,249,ground,Acorn Mine,2,0,0,0,0,105,149
3,249,ground,Hatchet,1,35,0,0,0,37,96
3,249,ground,Torch,1,90,0,0,0,37,95
3,249,ground,Hatchet,1,35,0,0,0,37,126
3,249,ground,Root Drill,1,0,3,0,0,37,127
3,249,carried,Buckler,1,30,0,0,0,28,107
3,249,carried,Buckler,1,30,0,0,0,30,101
3,249,ground,Firecracker,2,0,0,0,0,30,119
3,249,ground,Firecracker,2,0,0,0,0,29,104
3,249,ground,Fungal Bread,2,0,0,0,0,32,118
3,249,ground,River Fish,4,0,0,0,0,83,122
3,249,ground,Hunting Horn,1,0,8,0,0,56,108
3,249,ground,Rabbit Charm,1,0,0,0,0,79,68
3,249,ground,Ammo,1,0,0,0,0,80,80
3,249,ground,Resin Glue,1,0,0,0,0,35,140
3,249,ground,Ammo,1,0,0,0,0,28,145
3,249,ground,Medkit,1,0,0,0,0,9,149
3,249,ground,Water flask,2,0,0,0,0,80,126
3,249,ground,Fungal Bread,1,0,0,0,0,30,30
3,249,ground,Bandage,2,0,0,0,0,4,140
3,249,ground,Ammo,1,0,0,0,0,6,143
3,249,ground,Buckler,1,30,0,0,0,26,124
3,249,ground,Pickaxe,1,32,0,0,0,43,140
3,250,ground,Stick,1,18,0,0,0,57,57
3,250,ground,River Fish,3,0,0,0,0,98,75
3,250,ground,Hatchet,1,35,0,0,0,101,102
3,250,carried,Buckler,1,30,0,0,0,77,39
3,250,ground,Seed Bag,1,0,6,0,0,117,72
3,250,ground,Ammo,1,0,0,0,0,37,30
3,250,ground,Mushroom spores,2,0,0,0,0,9,28
3,250,ground,Ammo,1,0,0,0,0,119,76
3,250,ground,Ammo,1,0,0,0,0,117,58
3,250,ground,Medkit,1,0,0,0,0,12,18
3,250,ground,Sap jar,1,0,0,0,0,77,34
3,250,ground,Bandage,2,0,0,0,0,7,15
3,250,ground,Bandage,2,0,0,0,0,10,9
3,250,ground,Ammo,1,0,0,0,0,10,5
3,250,ground,Torch,1,90,0,0,0,79,75
3,250,ground,Mushroom spores,2,0,0,0,0,72,81
3,250,wall,Boomerang,1,0,0,0,0,90,66
3,251,ground,Stick,1,18,0,0,0,77,81
3,251,ground,Thunder Acorn,2,0,0,0,0,39,83
3,251,ground,Flint Knife,1,60,0,0,0,35,101
3,251,ground,Flint Knife,1,60,0,0,0,103,11
3,251,ground,Throwing Net,2,0,0,0,0,104,11
3,251,ground,Torch,1,90,0,0,0,101,35
3,251,ground,Hatchet,1,35,0,0,0,103,60
3,251,ground,Torch,1,90,0,0,0,104,60
3,251,ground,Hunting Spear,1,45,0,0,0,73,60
3,251,ground,Root Drill,1,0,3,0,0,72,60
3,251,ground,Fungal Bread,2,0,0,0,0,86,56
3,251,ground,Fungal Bread,2,0,0,0,0,99,56
3,251,ground,River Fish,5,0,0,0,0,11,74
3,251,ground,Fishing Line,1,0,20,0,0,13,73
3,251,ground,Flint Knife,1,60,0,0,0,97,72
3,251,ground,Honey pot,1,0,0,0,0,107,75
3,251,ground,Bow,1,0,0,20,0,102,82
3,251,ground,Medkit,1,0,0,0,0,37,31
3,251,ground,Water flask,2,0,0,0,0,17,76
3,251,ground,Bandage,2,0,0,0,0,30,28
3,251,ground,Bandage,2,0,0,0,0,29,35
3,251,ground,Pickaxe,1,32,0,0,0,32,36
3,251,ground,Ammo,1,0,0,0,0,34,36
3,251,ground,Fried Egg,2,0,0,0,0,67,82
3,251,wall,Fried Egg,2,0,0,0,0,81,34
3,251,wall,Wooden Maul,1,24,0,0,0,98,47
3,252,ground,Stick,1,18,0,0,0,77,36
3,252,ground,Cooked Meat,2,0,0,0,0,40,58
3,252,ground,Resin Glue,1,0,0,0,0,48,35
3,252,ground,Hatchet,1,35,0,0,0,95,8
3,252,ground,Torch,1,90,0,0,0,94,8
3,252,ground,Stick,1,18,0,0,0,127,8
3,252,ground,Root Drill,1,0,3,0,0,128,8
3,252,carried,Buckler,1,30,0,0,0,104,20
3,252,ground,Fungal Bread,2,0,0,0,0,105,19
3,252,ground,Fungal Bread,2,0,0,0,0,121,11
3,252,carried,Buckler,1,30,0,0,0,113,34
3,252,ground,Pickaxe,1,32,0,0,0,111,24
3,252,ground,Oil flask,1,0,0,0,0,94,31
3,252,ground,Cooked Meat,2,0,0,0,0,101,60
3,252,ground,Bandage,2,0,0,0,0,106,59
3,252,ground,Medkit,1,0,0,0,0,123,36
3,252,ground,Ammo,1,0,0,0,0,115,61
3,252,ground,Sleep Meds,3,0,0,0,0,34,16
3,252,ground,Ammo,1,0,0,0,0,29,6
3,252,ground,Ammo,1,0,0,0,0,148,7
3,252,ground,Bandage,2,0,0,0,0,121,41
3,252,ground,Ammo,1,0,0,0,0,119,42
3,252,ground,River Fish,2,0,0,0,0,15,65
3,252,ground,Pickaxe,1,32,0,0,0,99,50
3,253,ground,Stick,1,18,0,0,0,79,59
3,253,carried,Buckler,1,30,0,0,0,78,76
3,253,ground,Crossbow,1,0,0,1,16,94,68
3,253,ground,Lantern Seed,1,0,0,0,0,79,77
3,253,ground,Water flask,2,0,0,0,0,77,42
3,253,ground,Ammo,1,0,0,0,0,80,34
3,253,ground,Chili,1,0,0,0,0,70,12
3,253,ground,Ammo,1,0,0,0,0,79,6
3,253,ground,Ammo,1,0,0,0,0,119,74
3,253,ground,Bandage,2,0,0,0,0,33,82
3,253,ground,Herb Bag,1,0,4,0,0,11,82
3,253,ground,Medkit,1,0,0,0,0,148,59
3,253,ground,Ammo,1,0,0,0,0,146,49
3,253,ground,River Fish,5,0,0,0,0,52,77
3,253,ground,River Fish,3,0,0,0,0,73,74
3,253,ground,River Fish,5,0,0,0,0,93,70
3,253,ground,River Fish,3,0,0,0,0,113,66
3,253,ground,Pickaxe,1,32,0,0,0,22,104
3,253,ground,Hatchet,1,35,0,0,0,104,51
3,253,ground,Boomerang,1,0,0,0,0,82,70
3,253,ground,Medkit,1,0,0,0,0,30,106
3,253,wall,Pickaxe,1,32,0,0,0,129,76
3,253,wall,Cooked Meat,2,0,0,0,0,29,95
3,254,ground,Stick,1,18,0,0,0,77,13
3,254,ground,Stick,1,18,0,0,0,58,76
3,254,ground,Hatchet,1,35,0,0,0,54,69
3,254,ground,Water flask,2,0,0,0,0,61,66
3,254,ground,Wooden Maul,1,24,0,0,0,50,82
3,254,ground,Torch,1,90,0,0,0,93,15
3,254,carried,Buckler,1,30,0,0,0,12,80
3,254,carried,Buckler,1,30,0,0,0,56,17
3,254,ground,Seed Bag,1,0,6,0,0,99,28
3,254,ground,Lighter,1,0,20,0,0,77,29
3,254,ground,Ammo,1,0,0,0,0,76,30
3,254,ground,Chili,1,0,0,0,0,75,54
3,254,ground,Fungal Bread,1,0,0,0,0,58,31
3,254,ground,Medkit,1,0,0,0,0,9,78
3,254,ground,Ammo,1,0,0,0,0,104,37
3,254,ground,Ammo,1,0,0,0,0,8,36
3,254,ground,Bandage,2,0,0,0,0,11,77
3,254,ground,Ammo,1,0,0,0,0,9,77
3,254,ground,River Fish,3,0,0,0,0,20,36
3,254,ground,River Fish,2,0,0,0,0,33,40
3,254,ground,River Fish,3,0,0,0,0,46,45
3,254,ground,River Fish,4,0,0,0,0,58,50
3,254,ground,River Fish,5,0,0,0,0,70,55
3,254,stored,Ammo,2,0,0,0,0,30,57
3,254,stored,Throwing Rock,3,0,0,0,0,36,31
3,254,stored,Resin Glue,1,0,0,0,0,39,37
3,254,stored,Torch,1,90,0,0,0,26,29
3,254,stored,Shield Lantern,1,24,0,0,0,39,58
3,255,ground,Stick,1,18,0,0,0,55,59
3,255,ground,Seed Bag,1,0,6,0,0,28,108
3,255,ground,Lighter,1,0,20,0,0,54,101
3,255,ground,Raw Meat,2,0,0,0,0,53,127
3,255,ground,River Fish,4,0,0,0,0,7,30
3,255,ground,Bear Trap,2,0,0,0,0,41,35
3,255,ground,Chili,1,0,0,0,0,56,28
3,255,ground,Bandage,2,0,0,0,0,51,35
3,255,ground,Splint,1,0,2,0,0,60,78
3,255,ground,Ammo,1,0,0,0,0,57,76
3,255,ground,Ammo,1,0,0,0,0,72,122
3,255,ground,Medkit,1,0,0,0,0,13,51
3,255,ground,Ammo,1,0,0,0,0,74,31
3,255,ground,Ammo,1,0,0,0,0,17,7
3,255,ground,Bandage,2,0,0,0,0,9,61
3,255,ground,River Fish,3,0,0,0,0,17,36
3,255,ground,River Fish,5,0,0,0,0,28,30
3,255,ground,River Fish,2,0,0,0,0,38,22
3,255,ground,River Fish,2,0,0,0,0,49,16
3,256,ground,Stick,1,18,0,0,0,33,35
3,256,ground,Flint Knife,1,60,0,0,0,31,79
3,256,ground,Reflecting Pan,1,24,0,0,0,27,81
3,256,ground,Bow,1,0,0,20,0,53,73
3,256,ground,Bird Seed,1,0,0,0,0,38,61
3,256,ground,Fungal Bread,1,0,0,0,0,38,54
3,256,ground,Lighter,1,0,20,0,0,56,52
3,256,ground,Ammo,1,0,0,0,0,64,56
3,256,ground,Ammo,1,0,0,0,0,29,101
3,256,ground,Medkit,1,0,0,0,0,77,61
3,256,ground,Fungal Bread,1,0,0,0,0,59,13
3,256,ground,Ammo,1,0,0,0,0,77,59
3,256,wall,Thunder Acorn,2,0,0,0,0,50,16
4,1,stored,Blunderbuss,1,0,0,2,14,79,99
4,1,ground,Stick,1,18,0,0,0,77,58
4,1,ground,Hatchet,1,35,0,0,0,81,82
4,1,ground,Torch,1,90,0,0,0,82,82
4,1,ground,Digging Claws,1,200,0,0,0,51,82
4,1,ground,Root Drill,1,0,3,0,0,50,82
4,1,ground,Fungal Bread,2,0,0,0,0,60,73
4,1,ground,Firecracker,2,0,0,0,0,70,73
4,1,ground,Hunting Spear,1,45,0,0,0,30,98
4,1,carried,Buckler,1,30,0,0,0,106,77
4,1,carried,Buckler,1,30,0,0,0,100,57
4,1,ground,Pickaxe,1,32,0,0,0,61,65
4,1,ground,Fungal Bread,1,0,0,0,0,77,102
4,1,ground,Herb Bag,1,0,4,0,0,78,101
4,1,ground,Blink Seed,2,0,0,0,0,73,119
4,1,ground,Ammo,1,0,0,0,0,72,119
4,1,ground,Sap jar,1,0,0,0,0,92,74
4,1,ground,Herb Bag,1,0,4,0,0,101,99
4,1,ground,Fungal Bread,1,0,0,0,0,99,38
4,1,ground,Ammo,1,0,0,0,0,116,33
4,1,ground,River Fish,2,0,0,0,0,66,61
4,1,ground,River Fish,5,0,0,0,0,71,44
4,1,ground,Fried Egg,2,0,0,0,0,105,82
4,1,wall,Cooked Meat,2,0,0,0,0,101,87
4,2,stored,Pickaxe,1,32,0,0,0,123,78
4,2,ground,Stick,1,18,0,0,0,79,80
4,2,ground,Pickaxe,1,32,0,0,0,101,51
4,2,ground,Rope Hook,1,0,24,0,0,102,51
4,2,ground,Torch,1,90,0,0,0,79,55
4,2,ground,Hatchet,1,35,0,0,0,59,39
4,2,ground,Torch,1,90,0,0,0,60,37
4,2,ground,Hunting Spear,1,45,0,0,0,29,39
4,2,ground,Root Drill,1,0,3,0,0,28,39
4,2,carried,Buckler,1,30,0,0,0,56,31
4,2,carried,Buckler,1,30,0,0,0,37,32
4,2,carried,Buckler,1,30,0,0,0,34,39
4,2,ground,Firecracker,2,0,0,0,0,30,30
4,2,ground,Fungal Bread,2,0,0,0,0,36,29
4,2,ground,Hatchet,1,35,0,0,0,126,59
4,2,ground,Acorn Mine,2,0,0,0,0,5,63
4,2,ground,Ammo,1,0,0,0,0,53,78
4,2,ground,Lighter,1,0,20,0,0,51,52
4,2,ground,Blink Seed,2,0,0,0,0,53,103
4,2,ground,Ammo,1,0,0,0,0,49,99
4,2,ground,Medkit,1,0,0,0,0,16,35
4,2,ground,Lighter,1,0,20,0,0,6,53
4,2,ground,Ammo,1,0,0,0,0,3,62
4,2,ground,Herb Bag,1,0,4,0,0,76,29
4,2,ground,Ammo,1,0,0,0,0,121,70
4,2,ground,Bandage,2,0,0,0,0,7,32
4,2,ground,Ammo,1,0,0,0,0,5,35
4,2,ground,River Fish,5,0,0,0,0,5,56
4,2,ground,Sap jar,2,0,0,0,0,111,30
4,2,ground,Pickaxe,1,32,0,0,0,49,15
4,2,ground,Hatchet,1,35,0,0,0,93,74
4,2,ground,Lighter,1,0,20,0,0,75,44
4,2,wall,Shield Lantern,1,24,0,0,0,82,25
4,3,stored,Hatchet,1,35,0,0,0,11,33
4,3,ground,Stick,1,18,0,0,0,33,80
4,3,ground,River Fish,5,0,0,0,0,40,31
4,3,ground,Reflecting Pan,1,24,0,0,0,26,17
4,3,ground,Resin Glue,1,0,0,0,0,35,33
4,3,ground,Torch,1,90,0,0,0,101,30
4,3,ground,Rope Hook,1,0,24,0,0,102,30
4,3,ground,Torch,1,90,0,0,0,78,33
4,3,ground,River Fish,3,0,0,0,0,52,53
4,3,ground,River Fish,5,0,0,0,0,59,32
4,3,carried,Buckler,1,30,0,0,0,77,12
4,3,ground,Sap jar,2,0,0,0,0,14,12
4,3,ground,Torch,1,90,0,0,0,25,56
4,3,ground,Herb Bag,1,0,4,0,0,26,54
4,3,ground,Bitter Root,1,0,0,0,0,13,72
4,3,ground,Herb Bag,1,0,4,0,0,16,84
4,3,ground,Bomb,2,0,0,0,0,11,52
4,3,ground,Ammo,1,0,0,0,0,14,58
4,3,ground,Medkit,1,0,0,0,0,80,17
4,3,ground,Ammo,1,0,0,0,0,81,49
4,3,ground,Ammo,1,0,0,0,0,96,81
4,3,ground,Ammo,1,0,0,0,0,78,14
4,3,ground,River Fish,3,0,0,0,0,46,58
4,3,ground,River Fish,2,0,0,0,0,15,76
4,3,ground,Bear Trap,2,0,0,0,0,59,53
4,3,ground,Cooked Meat,2,0,0,0,0,103,82
4,3,ground,Digging Claws,1,200,0,0,0,54,26
4,3,ground,Cooked Meat,2,0,0,0,0,104,11
4,4,stored,Torch,1,90,0,0,0,33,13
4,4,ground,Stick,1,18,0,0,0,55,79
4,4,ground,Pickaxe,1,32,0,0,0,35,105
4,4,ground,Throwing Net,2,0,0,0,0,36,105
4,4,ground,Torch,1,90,0,0,0,55,100
4,4,ground,Torch,1,90,0,0,0,35,32
4,4,ground,Mushroom spores,2,0,0,0,0,54,59
4,4,ground,River Fish,6,0,0,0,0,32,52
4,4,ground,River Fish,6,0,0,0,0,9,59
4,4,ground,Fishing Line,1,0,20,0,0,6,57
4,4,ground,Blunderbuss,1,0,0,2,14,57,140
4,4,carried,Buckler,1,30,0,0,0,16,151
4,4,ground,Throwing Rock,3,0,0,0,0,36,6
4,4,ground,Ammo,1,0,0,0,0,54,131
4,4,ground,Fungal Bread,1,0,0,0,0,79,32
4,4,ground,Ammo,1,0,0,0,0,76,30
4,4,ground,Rake,1,400,0,0,0,60,145
4,4,ground,Fungal Bread,1,0,0,0,0,51,148
4,4,ground,Water flask,2,0,0,0,0,32,54
4,4,ground,Bandage,2,0,0,0,0,37,147
4,4,ground,Bandage,2,0,0,0,0,30,7
4,4,ground,Ammo,1,0,0,0,0,16,134
4,4,ground,River Fish,2,0,0,0,0,54,39
4,4,ground,Thorn Caltrops,2,0,0,0,0,9,105
4,4,ground,Rake,1,400,0,0,0,43,74
4,4,ground,Lighter,1,0,20,0,0,33,76
4,4,wall,Seed Bag,1,0,6,0,0,33,89
4,5,stored,Pickaxe,1,32,0,0,0,55,34
4,5,ground,Stick,1,18,0,0,0,56,81
4,5,ground,Throwing Net,2,0,0,0,0,58,106
4,5,ground,Bow,1,0,0,20,0,99,104
4,5,ground,Raw Meat,1,0,0,0,0,30,51
4,5,ground,Bear Trap,2,0,0,0,0,58,34
4,5,ground,Lighter,1,0,20,0,0,61,59
4,5,ground,Ammo,1,0,0,0,0,55,61
4,5,ground,Bird Seed,1,0,0,0,0,30,53
4,5,ground,Bandage,2,0,0,0,0,34,52
4,5,ground,Medkit,1,0,0,0,0,124,100
4,5,ground,Herb Bag,1,0,4,0,0,56,146
4,5,ground,Ammo,1,0,0,0,0,77,73
4,5,ground,Ammo,1,0,0,0,0,101,73
4,5,ground,Ammo,1,0,0,0,0,127,100
4,5,stored,Mushroom spores,2,0,0,0,0,34,31
4,5,wall,Fried Egg,2,0,0,0,0,56,51
4,5,wall,Throwing Rock,3,0,0,0,0,43,52
4,6,stored,Stick,1,18,0,0,0,55,34
4,6,ground,Stick,1,18,0,0,0,57,81
4,6,ground,Torch,1,90,0,0,0,73,56
4,6,ground,Throwing Net,2,0,0,0,0,74,56
4,6,ground,Torch,1,90,0,0,0,78,33
4,6,ground,River Fish,5,0,0,0,0,76,79
4,6,ground,Fishing Line,1,0,20,0,0,76,80
4,6,carried,Buckler,1,30,0,0,0,64,13
4,6,ground,Flint Knife,1,60,0,0,0,18,77
4,6,ground,Pocket Door,1,0,2,0,0,29,49
4,6,ground,Ammo,1,0,0,0,0,27,50
4,6,ground,Rake,1,400,0,0,0,49,36
4,6,ground,Fungal Bread,1,0,0,0,0,54,38
4,6,ground,Chili,1,0,0,0,0,29,76
4,6,ground,Bandage,2,0,0,0,0,71,7
4,6,ground,Ammo,1,0,0,0,0,42,105
4,6,ground,Ammo,1,0,0,0,0,99,9
4,6,ground,Medkit,1,0,0,0,0,54,14
4,6,ground,Ammo,1,0,0,0,0,58,12
4,6,ground,River Fish,4,0,0,0,0,62,57
4,6,ground,River Fish,4,0,0,0,0,32,72
4,6,stored,Shield Lantern,1,24,0,0,0,79,19
4,6,stored,Blunderbuss,1,0,0,2,14,93,13
4,6,stored,Stick,1,18,0,0,0,106,11
4,6,stored,Egg,3,0,0,0,0,63,60
4,6,stored,Bandage,3,0,0,0,0,48,54
4,6,stored,Acorn Mine,2,0,0,0,0,59,54
4,6,ground,Thorn Caltrops,2,0,0,0,0,66,54
4,6,wall,Thorn Caltrops,2,0,0,0,0,88,14
4,7,stored,Pickaxe,1,32,0,0,0,78,78
4,7,ground,Stick,1,18,0,0,0,57,35
4,7,ground,Torch,1,90,0,0,0,89,38
4,7,ground,Rope Snare,2,0,0,0,0,89,41
4,7,ground,River Fish,5,0,0,0,0,98,74
4,7,ground,Torch,1,90,0,0,0,107,103
4,7,ground,Lighter,1,0,20,0,0,100,94
4,7,ground,Rake,1,400,0,0,0,103,75
4,7,ground,Stick,1,18,0,0,0,13,60
4,7,ground,Throwing Net,2,0,0,0,0,14,60
4,7,ground,Torch,1,90,0,0,0,33,55
4,7,ground,River Fish,3,0,0,0,0,38,39
4,7,ground,Fishing Line,1,0,20,0,0,40,36
4,7,ground,River Fish,5,0,0,0,0,121,36
4,7,ground,Fishing Line,1,0,20,0,0,118,39
4,7,carried,Buckler,1,30,0,0,0,8,33
4,7,ground,Acorn Mine,2,0,0,0,0,78,45
4,7,ground,Rake,1,400,0,0,0,77,80
4,7,ground,Fungal Bread,1,0,0,0,0,78,80
4,7,ground,Bitter Root,1,0,0,0,0,62,57
4,7,ground,Bandage,2,0,0,0,0,72,98
4,7,ground,Medkit,1,0,0,0,0,8,36
4,7,ground,Ammo,1,0,0,0,0,14,30
4,7,ground,River Fish,2,0,0,0,0,10,58
4,7,ground,Flint Knife,1,60,0,0,0,59,61
4,7,ground,Bow,1,0,0,20,0,116,31
4,7,ground,Hunting Spear,1,45,0,0,0,73,84
4,7,ground,Flint Knife,1,60,0,0,0,6,68
4,8,stored,Torch,1,90,0,0,0,12,55
4,8,ground,Stick,1,18,0,0,0,78,36
4,8,carried,Buckler,1,30,0,0,0,42,31
4,8,carried,Buckler,1,30,0,0,0,51,79
4,8,carried,Buckler,1,30,0,0,0,95,101
4,8,ground,Acorn Mine,2,0,0,0,0,15,77
4,8,ground,Water flask,2,0,0,0,0,52,52
4,8,ground,Bandage,2,0,0,0,0,59,58
4,8,ground,Ammo,1,0,0,0,0,78,51
4,8,ground,Ammo,1,0,0,0,0,73,14
4,8,ground,Ammo,1,0,0,0,0,38,56
4,8,ground,Bird Seed,1,0,0,0,0,14,55
4,8,ground,Fungal Bread,1,0,0,0,0,10,58
4,8,ground,Ammo,1,0,0,0,0,16,74
4,8,ground,Ammo,1,0,0,0,0,99,73
4,8,ground,Medkit,1,0,0,0,0,99,101
4,8,stored,Rotten Fruit,3,0,0,0,0,9,58
4,8,ground,Sleep Meds,3,0,0,0,0,74,81
4,8,ground,Hunting Spear,1,45,0,0,0,50,78
4,9,stored,Torch,1,90,0,0,0,100,77
4,9,ground,Stick,1,18,0,0,0,35,59
4,9,ground,Torch,1,90,0,0,0,79,78
4,9,ground,Egg,3,0,0,0,0,77,85
4,9,ground,River Fish,6,0,0,0,0,63,6
4,9,ground,Fishing Line,1,0,20,0,0,65,7
4,9,ground,Sleep Meds,3,0,0,0,0,79,89
4,9,ground,Rabbit Charm,1,0,0,0,0,15,29
4,9,ground,Ammo,1,0,0,0,0,13,29
4,9,ground,Pickaxe,1,32,0,0,0,51,73
4,9,ground,Ammo,1,0,0,0,0,50,78
4,9,ground,Lighter,1,0,20,0,0,104,76
4,9,ground,Ammo,1,0,0,0,0,96,80
4,9,ground,Fungal Bread,1,0,0,0,0,101,96
4,9,ground,Herb Bag,1,0,4,0,0,38,95
4,9,ground,Medkit,1,0,0,0,0,32,73
4,9,ground,Ammo,1,0,0,0,0,39,79
4,9,ground,River Fish,2,0,0,0,0,58,19
4,9,ground,River Fish,4,0,0,0,0,56,35
4,9,ground,River Fish,5,0,0,0,0,53,49
4,9,wall,Spring Trap,2,0,0,0,0,45,53
4,9,wall,Fried Egg,2,0,0,0,0,90,78
4,10,stored,Hatchet,1,35,0,0,0,77,99
4,10,ground,Stick,1,18,0,0,0,34,80
4,10,ground,Sleep Meds,3,0,0,0,0,79,63
4,10,ground,Throwing Rock,3,0,0,0,0,74,69
4,10,ground,River Fish,6,0,0,0,0,83,31
4,10,ground,River Fish,5,0,0,0,0,74,13
4,10,ground,Fishing Line,1,0,20,0,0,73,16
4,10,ground,Flint Knife,1,60,0,0,0,105,54
4,10,carried,Buckler,1,30,0,0,0,56,28
4,10,carried,Buckler,1,30,0,0,0,34,37
4,10,carried,Buckler,1,30,0,0,0,100,11
4,10,ground,Bow,1,0,0,20,0,79,13
4,10,ground,Thorn Caltrops,1,0,0,0,0,64,39
4,10,ground,Rake,1,400,0,0,0,41,35
4,10,ground,Fungal Bread,1,0,0,0,0,27,37
4,10,ground,Fungal Bread,1,0,0,0,0,100,32
4,10,ground,Medkit,1,0,0,0,0,94,15
4,10,ground,Ammo,1,0,0,0,0,34,16
4,10,ground,Ammo,1,0,0,0,0,31,98
4,10,ground,Ammo,1,0,0,0,0,95,22
4,10,stored,Bird Seed,3,0,0,0,0,83,37
4,10,stored,Bird Seed,3,0,0,0,0,79,8
4,11,stored,Hunting Spear,1,45,0,0,0,11,79
4,11,ground,Stick,1,18,0,0,0,56,59
4,11,ground,Stick,1,18,0,0,0,32,85
4,11,ground,Rake,1,400,0,0,0,41,100
4,11,ground,Hatchet,1,35,0,0,0,9,100
4,11,ground,Rope Hook,1,0,24,0,0,10,100
4,11,ground,Torch,1,90,0,0,0,13,123
4,11,ground,Hatchet,1,35,0,0,0,61,117
4,11,ground,Torch,1,90,0,0,0,62,117
4,11,ground,Crossbow,1,0,0,1,16,31,117
4,11,ground,Root Drill,1,0,3,0,0,30,117
4,11,carried,Buckler,1,30,0,0,0,48,119
4,11,carried,Buckler,1,30,0,0,0,50,122
4,11,ground,Firecracker,2,0,0,0,0,35,121
4,11,ground,River Fish,4,0,0,0,0,53,33
4,11,ground,Fishing Line,1,0,20,0,0,50,32
4,11,ground,River Fish,6,0,0,0,0,57,98
4,11,ground,Fishing Line,1,0,20,0,0,57,97
4,11,ground,Bomb,2,0,0,0,0,11,75
4,11,ground,Hatchet,1,35,0,0,0,53,84
4,11,ground,Ammo,1,0,0,0,0,56,75
4,11,ground,Water flask,2,0,0,0,0,57,32
4,11,ground,Herb Bag,1,0,4,0,0,27,55
4,11,ground,Ammo,1,0,0,0,0,82,108
4,11,ground,Medkit,1,0,0,0,0,4,36
4,11,ground,Ammo,1,0,0,0,0,11,80
4,11,ground,Bandage,2,0,0,0,0,20,34
4,11,ground,Ammo,1,0,0,0,0,13,27
4,11,ground,Bomb,2,0,0,0,0,74,116
4,11,ground,Crossbow,1,0,0,1,16,82,99
4,11,wall,Wooden Maul,1,24,0,0,0,36,45
4,12,stored,Pickaxe,1,32,0,0,0,100,56
4,12,ground,Stick,1,18,0,0,0,34,81
4,12,ground,Stick,1,18,0,0,0,33,62
4,12,ground,Rope Hook,1,0,24,0,0,66,33
4,12,ground,Rake,1,400,0,0,0,33,59
4,12,ground,Herb Bag,1,0,4,0,0,39,58
4,12,ground,Rake,1,400,0,0,0,56,59
4,12,ground,Bandage,2,0,0,0,0,62,56
4,12,ground,Ammo,1,0,0,0,0,99,56
4,12,ground,Medkit,1,0,0,0,0,60,77
4,12,ground,Ammo,1,0,0,0,0,50,100
4,12,ground,Scarecrow,1,0,0,0,0,101,73
4,12,ground,Ammo,1,0,0,0,0,95,72
4,12,ground,Ammo,1,0,0,0,0,51,6
4,12,ground,Ammo,1,0,0,0,0,81,32
4,12,stored,Raw Meat,2,0,0,0,0,73,52
4,12,stored,Pickaxe,1,32,0,0,0,77,48
4,12,stored,Blunderbuss,1,0,0,2,14,62,39
4,12,stored,Fungal Bread,1,0,0,0,0,59,28
4,12,ground,Rake,1,400,0,0,0,40,30
4,12,wall,Stick,1,18,0,0,0,108,49
4,13,stored,Stick,1,18,0,0,0,34,101
4,13,ground,Stick,1,18,0,0,0,56,35
4,13,ground,Blunderbuss,1,0,0,2,14,101,38
4,13,ground,Rope Hook,1,0,24,0,0,102,38
4,13,ground,Torch,1,90,0,0,0,123,34
4,13,carried,Buckler,1,30,0,0,0,33,98
4,13,carried,Buckler,1,30,0,0,0,105,75
4,13,ground,Buckler,1,30,0,0,0,63,82
4,13,ground,Pickaxe,1,32,0,0,0,39,38
4,13,ground,Ammo,1,0,0,0,0,37,34
4,13,ground,Rake,1,400,0,0,0,101,47
4,13,ground,Fungal Bread,1,0,0,0,0,99,61
4,13,ground,Ammo,1,0,0,0,0,52,102
4,13,ground,Medkit,1,0,0,0,0,106,84
4,13,ground,Straw Decoy,1,0,0,0,0,84,99
4,13,ground,Ammo,1,0,0,0,0,84,98
4,13,ground,Herb Bag,1,0,4,0,0,25,99
4,13,ground,Ammo,1,0,0,0,0,32,56
4,13,ground,Ammo,1,0,0,0,0,102,74
4,13,ground,River Fish,3,0,0,0,0,124,65
4,13,ground,River Fish,2,0,0,0,0,129,79
4,13,stored,Bear Trap,2,0,0,0,0,100,59
4,13,stored,Lantern Seed,1,0,0,0,0,92,54
4,13,stored,Blunderbuss,1,0,0,2,14,99,53
4,13,ground,Pickaxe,1,32,0,0,0,36,15
4,13,wall,Bomb,2,0,0,0,0,37,27
4,14,stored,Bow,1,0,0,20,0,35,56
4,14,ground,Stick,1,18,0,0,0,78,13
4,14,carried,Buckler,1,30,0,0,0,68,61
4,14,carried,Buckler,1,30,0,0,0,67,59
4,14,carried,Buckler,1,30,0,0,0,66,60
4,14,carried,Buckler,1,30,0,0,0,58,64
4,14,carried,Buckler,1,30,0,0,0,57,63
4,14,carried,Buckler,1,30,0,0,0,57,67
4,14,ground,Digging Claws,1,200,0,0,0,70,72
4,14,ground,Crossbow,1,0,0,1,16,59,59
4,14,ground,Sap jar,2,0,0,0,0,114,50
4,14,ground,Pickaxe,1,32,0,0,0,100,29
4,14,ground,Throwing Net,2,0,0,0,0,101,29
4,14,ground,Torch,1,90,0,0,0,77,33
4,14,carried,Buckler,1,30,0,0,0,131,81
4,14,ground,Flint Knife,1,60,0,0,0,66,85
4,14,ground,Water flask,2,0,0,0,0,58,40
4,14,ground,Bitter Root,1,0,0,0,0,37,38
4,14,ground,Medkit,1,0,0,0,0,130,83
4,14,ground,Herb Bag,1,0,4,0,0,20,37
4,14,ground,Bandage,2,0,0,0,0,30,13
4,14,ground,Ammo,1,0,0,0,0,129,77
4,14,ground,River Fish,5,0,0,0,0,64,14
4,14,ground,Flint Knife,1,60,0,0,0,30,38
4,14,ground,Pickaxe,1,32,0,0,0,103,18
4,14,wall,Sticky Boots,1,0,4,0,0,61,4
4,14,wall,Buckler,1,30,0,0,0,134,31
4,15,stored,Bow,1,0,0,20,0,11,78
4,15,ground,Stick,1,18,0,0,0,56,81
4,15,ground,Crossbow,1,0,0,1,16,92,103
4,15,ground,Bandage,3,0,0,0,0,89,90
4,15,ground,Rake,1,400,0,0,0,95,83
4,15,ground,Bow,1,0,0,20,0,12,105
4,15,ground,Throwing Net,2,0,0,0,0,13,105
4,15,ground,Torch,1,90,0,0,0,33,101
4,15,ground,River Fish,5,0,0,0,0,75,119
4,15,ground,Fishing Line,1,0,20,0,0,73,120
4,15,ground,River Fish,5,0,0,0,0,81,142
4,15,ground,Bomb,2,0,0,0,0,78,129
4,15,ground,Bird Seed,1,0,0,0,0,37,53
4,15,ground,Herb Bag,1,0,4,0,0,32,62
4,15,ground,Ammo,1,0,0,0,0,39,34
4,15,ground,Mushroom spores,2,0,0,0,0,79,116
4,15,ground,Medkit,1,0,0,0,0,91,121
4,15,ground,Ammo,1,0,0,0,0,38,16
4,15,ground,Bandage,2,0,0,0,0,15,83
4,15,ground,Ammo,1,0,0,0,0,99,117
4,15,stored,Stink Bomb,2,0,0,0,0,74,120
4,15,stored,Pickaxe,1,32,0,0,0,8,77
4,15,stored,Bomb,2,0,0,0,0,13,76
4,15,ground,Herb Bag,1,0,4,0,0,31,73
4,15,ground,Herb Bag,1,0,4,0,0,32,8
4,15,wall,Throwing Rock,3,0,0,0,0,78,148
4,16,stored,Digging Claws,1,200,0,0,0,77,34
4,16,ground,Stick,1,18,0,0,0,79,14
4,16,ground,River Fish,3,0,0,0,0,104,50
4,16,ground,Rope Snare,2,0,0,0,0,95,36
4,16,ground,Oil flask,2,0,0,0,0,97,53
4,16,ground,Bandage,3,0,0,0,0,94,51
4,16,ground,Hunting Spear,1,45,0,0,0,120,79
4,16,ground,Rope Hook,1,0,24,0,0,118,74
4,16,ground,Hatchet,1,35,0,0,0,125,73
4,16,ground,Hatchet,1,35,0,0,0,39,30
4,16,ground,Torch,1,90,0,0,0,38,29
4,16,ground,Hatchet,1,35,0,0,0,39,59
4,16,ground,Root Drill,1,0,3,0,0,39,60
4,16,carried,Buckler,1,30,0,0,0,30,57
4,16,ground,Firecracker,2,0,0,0,0,33,35
4,16,ground,Firecracker,2,0,0,0,0,36,53
4,16,ground,Fungal Bread,2,0,0,0,0,29,61
4,16,ground,River Fish,3,0,0,0,0,54,54
4,16,carried,Buckler,1,30,0,0,0,101,10
4,16,ground,Throwing Net,2,0,0,0,0,10,26
4,16,ground,Seed Bag,1,0,6,0,0,80,36
4,16,ground,Bandage,2,0,0,0,0,83,37
4,16,ground,Seed Bag,1,0,6,0,0,55,33
4,16,ground,Bandage,2,0,0,0,0,52,38
4,16,ground,Ammo,1,0,0,0,0,68,78
4,16,ground,Herb Bag,1,0,4,0,0,14,39
4,16,ground,Ammo,1,0,0,0,0,51,81
4,16,ground,Ammo,1,0,0,0,0,116,30
4,16,ground,Ammo,1,0,0,0,0,101,5
4,16,wall,Stick,1,18,0,0,0,5,36
4,17,stored,Flint Knife,1,60,0,0,0,56,144
4,17,ground,Stick,1,18,0,0,0,77,80
4,17,carried,Buckler,1,30,0,0,0,72,54
4,17,carried,Buckler,1,30,0,0,0,75,52
4,17,ground,Blunderbuss,1,0,0,2,14,76,52
4,17,ground,Hatchet,1,35,0,0,0,82,117
4,17,ground,Torch,1,90,0,0,0,83,117
4,17,ground,Torch,1,90,0,0,0,51,117
4,17,ground,Root Drill,1,0,3,0,0,50,117
4,17,carried,Buckler,1,30,0,0,0,69,114
4,17,ground,Fungal Bread,2,0,0,0,0,69,117
4,17,ground,Fungal Bread,2,0,0,0,0,78,113
4,17,ground,Hatchet,1,35,0,0,0,6,127
4,17,ground,Water flask,2,0,0,0,0,51,8
4,17,ground,Ammo,1,0,0,0,0,50,6
4,17,ground,Fungal Bread,1,0,0,0,0,57,92
4,17,ground,Fungal Bread,1,0,0,0,0,52,95
4,17,ground,Medkit,1,0,0,0,0,81,11
4,17,ground,Fungal Bread,1,0,0,0,0,5,124
4,17,ground,Ammo,1,0,0,0,0,76,9
4,17,wall,Wooden Maul,1,24,0,0,0,64,149
4,18,stored,Bow,1,0,0,20,0,101,101
4,18,ground,Stick,1,18,0,0,0,78,80
4,18,ground,Hunting Spear,1,45,0,0,0,33,74
4,18,ground,Rope Hook,1,0,24,0,0,34,74
4,18,ground,Torch,1,90,0,0,0,57,79
4,18,ground,Hatchet,1,35,0,0,0,61,59
4,18,ground,Torch,1,90,0,0,0,62,59
4,18,ground,Bow,1,0,0,20,0,29,59
4,18,ground,Root Drill,1,0,3,0,0,28,59
4,18,carried,Buckler,1,30,0,0,0,52,47
4,18,ground,Fungal Bread,2,0,0,0,0,59,47
4,18,carried,Buckler,1,30,0,0,0,40,97
4,18,ground,Acorn Mine,2,0,0,0,0,91,78
4,18,ground,Ammo,1,0,0,0,0,17,29
4,18,ground,Seed Bag,1,0,6,0,0,9,55
4,18,ground,Medkit,1,0,0,0,0,61,27
4,18,ground,Ammo,1,0,0,0,0,15,11
4,18,ground,Thorn Caltrops,1,0,0,0,0,119,96
4,18,ground,Ammo,1,0,0,0,0,71,64
4,18,ground,Bandage,2,0,0,0,0,49,40
4,18,ground,Bandage,2,0,0,0,0,61,36
4,18,ground,Ammo,1,0,0,0,0,53,28
4,18,ground,River Fish,3,0,0,0,0,53,100
4,18,ground,River Fish,2,0,0,0,0,68,90
4,18,ground,River Fish,5,0,0,0,0,89,87
4,18,ground,River Fish,2,0,0,0,0,103,76
4,18,ground,River Fish,2,0,0,0,0,117,66
4,18,stored,Stick,1,18,0,0,0,4,35
4,18,stored,Chili,1,0,0,0,0,9,39
4,18,wall,Bow,1,0,0,20,0,18,62
4,18,wall,Bow,1,0,0,20,0,70,84
4,19,stored,Pickaxe,1,32,0,0,0,11,34
4,19,ground,Stick,1,18,0,0,0,57,79
4,19,ground,River Fish,3,0,0,0,0,52,60
4,19,ground,Hatchet,1,35,0,0,0,30,54
4,19,ground,River Fish,6,0,0,0,0,84,58
4,19,carried,Buckler,1,30,0,0,0,29,77
4,19,carried,Buckler,1,30,0,0,0,33,31
4,19,ground,Mushroom spores,2,0,0,0,0,12,39
4,19,ground,Water flask,2,0,0,0,0,54,103
4,19,ground,Mushroom spores,2,0,0,0,0,75,56
4,19,ground,Ammo,1,0,0,0,0,79,78
4,19,ground,Herb Bag,1,0,4,0,0,33,36
4,19,ground,Bandage,2,0,0,0,0,42,97
4,19,ground,Digging Claws,1,200,0,0,0,54,38
4,19,ground,Ammo,1,0,0,0,0,55,39
4,19,ground,Medkit,1,0,0,0,0,123,78
4,19,ground,Ammo,1,0,0,0,0,117,73
4,19,ground,River Fish,4,0,0,0,0,36,99
4,19,ground,Bandage,3,0,0,0,0,7,60
4,19,ground,Mushroom spores,2,0,0,0,0,75,84
4,19,ground,Bandage,3,0,0,0,0,108,84
4,19,ground,Flint Knife,1,60,0,0,0,35,14
4,19,wall,Cooked Meat,2,0,0,0,0,83,73
4,20,stored,Bow,1,0,0,20,0,12,78
4,20,ground,Stick,1,18,0,0,0,77,37
4,20,ground,Hunting Spear,1,45,0,0,0,101,96
4,20,ground,Rope Hook,1,0,24,0,0,102,96
4,20,ground,Torch,1,90,0,0,0,78,99
4,20,ground,Hatchet,1,35,0,0,0,95,83
4,20,ground,Torch,1,90,0,0,0,95,84
4,20,ground,Crossbow,1,0,0,1,16,95,53
4,20,ground,Root Drill,1,0,3,0,0,95,52
4,20,carried,Buckler,1,30,0,0,0,92,72
4,20,carried,Buckler,1,30,0,0,0,100,72
4,20,ground,Fungal Bread,2,0,0,0,0,99,53
4,20,ground,Fungal Bread,2,0,0,0,0,105,57
4,20,ground,Fungal Bread,2,0,0,0,0,102,87
4,20,ground,River Fish,5,0,0,0,0,61,51
4,20,ground,River Fish,5,0,0,0,0,30,59
4,20,carried,Buckler,1,30,0,0,0,58,99
4,20,ground,Shield Lantern,1,24,0,0,0,108,103
4,20,ground,Crossbow,1,0,0,1,16,74,11
4,20,ground,Ammo,1,0,0,0,0,79,18
4,20,ground,Bird Seed,1,0,0,0,0,82,55
4,20,ground,Fungal Bread,1,0,0,0,0,77,52
4,20,ground,Water flask,2,0,0,0,0,52,53
4,20,ground,Ammo,1,0,0,0,0,112,101
4,20,ground,Medkit,1,0,0,0,0,12,12
4,20,ground,Bandage,2,0,0,0,0,21,20
4,20,ground,Ammo,1,0,0,0,0,14,15
4,20,ground,Flint Knife,1,60,0,0,0,49,45
4,20,ground,Hatchet,1,35,0,0,0,88,84
4,20,ground,Water flask,2,0,0,0,0,57,60
4,20,wall,Sticky Boots,1,0,4,0,0,26,53
4,20,wall,Medkit,1,0,0,0,0,19,70
4,21,stored,Flint Knife,1,60,0,0,0,11,55
4,21,ground,Stick,1,18,0,0,0,78,79
4,21,ground,Torch,1,90,0,0,0,95,33
4,21,ground,Rope Hook,1,0,24,0,0,96,33
4,21,ground,Torch,1,90,0,0,0,99,56
4,21,carried,Buckler,1,30,0,0,0,12,58
4,21,ground,Blunderbuss,1,0,0,2,14,100,62
4,21,ground,Bird Seed,1,0,0,0,0,84,60
4,21,ground,Herb Bag,1,0,4,0,0,72,63
4,21,ground,Ammo,1,0,0,0,0,32,36
4,21,ground,Ammo,1,0,0,0,0,61,33
4,21,ground,Medkit,1,0,0,0,0,26,9
4,21,ground,Ammo,1,0,0,0,0,98,76
4,21,ground,Thorn Caltrops,1,0,0,0,0,13,47
4,21,ground,Bandage,2,0,0,0,0,124,25
4,21,ground,Ammo,1,0,0,0,0,40,10
4,21,ground,Hunting Spear,1,45,0,0,0,80,32
4,21,ground,Rake,1,400,0,0,0,97,98
4,21,ground,Resin Glue,1,0,0,0,0,83,41
4,21,ground,Bomb,2,0,0,0,0,69,51
4,21,wall,Buckler,1,30,0,0,0,127,57
4,22,stored,Stick,1,18,0,0,0,57,101
4,22,ground,Stick,1,18,0,0,0,78,80
4,22,carried,Buckler,1,30,0,0,0,29,59
4,22,carried,Buckler,1,30,0,0,0,27,57
4,22,carried,Buckler,1,30,0,0,0,22,58
4,22,carried,Buckler,1,30,0,0,0,26,77
4,22,carried,Buckler,1,30,0,0,0,26,79
4,22,carried,Buckler,1,30,0,0,0,25,78
4,22,ground,Pickaxe,1,32,0,0,0,16,68
4,22,ground,Sticky Boots,1,0,4,0,0,56,15
4,22,ground,Water flask,2,0,0,0,0,58,7
4,22,ground,Hatchet,1,35,0,0,0,29,95
4,22,ground,Torch,1,90,0,0,0,29,94
4,22,ground,Hatchet,1,35,0,0,0,29,127
4,22,ground,Root Drill,1,0,3,0,0,30,128
4,22,carried,Buckler,1,30,0,0,0,29,108
4,22,carried,Buckler,1,30,0,0,0,36,119
4,22,ground,Firecracker,2,0,0,0,0,37,122
4,22,ground,Fungal Bread,2,0,0,0,0,36,125
4,22,ground,River Fish,3,0,0,0,0,7,122
4,22,ground,Wooden Maul,1,24,0,0,0,79,97
4,22,ground,Honey pot,1,0,0,0,0,77,107
4,22,carried,Buckler,1,30,0,0,0,40,34
4,22,carried,Buckler,1,30,0,0,0,58,57
4,22,ground,Smoke pot,2,0,0,0,0,13,92
4,22,ground,Chili,1,0,0,0,0,79,102
4,22,ground,Sap jar,1,0,0,0,0,51,107
4,22,ground,Ammo,1,0,0,0,0,10,100
4,22,ground,Medkit,1,0,0,0,0,31,35
4,22,ground,Splint,1,0,2,0,0,6,142
4,22,ground,Ammo,1,0,0,0,0,6,147
4,22,ground,Bandage,2,0,0,0,0,39,35
4,22,ground,Bandage,2,0,0,0,0,35,33
4,22,ground,Ammo,1,0,0,0,0,34,36
4,22,ground,River Fish,2,0,0,0,0,21,113
4,22,ground,River Fish,2,0,0,0,0,39,75
4,22,ground,River Fish,5,0,0,0,0,39,58
4,22,ground,River Fish,5,0,0,0,0,43,42
4,22,ground,Stick,1,18,0,0,0,48,48
4,22,wall,Bandage,3,0,0,0,0,46,91
4,23,stored,Bow,1,0,0,20,0,101,35
4,23,ground,Stick,1,18,0,0,0,78,36
4,23,ground,Torch,1,90,0,0,0,51,83
4,23,ground,Rope Hook,1,0,24,0,0,73,88
4,23,ground,Pickaxe,1,32,0,0,0,58,54
4,23,ground,Raw Meat,1,0,0,0,0,57,51
4,23,carried,Buckler,1,30,0,0,0,125,58
4,23,carried,Buckler,1,30,0,0,0,15,99
4,23,ground,Flint Knife,1,60,0,0,0,80,90
4,23,ground,Seed Bag,1,0,6,0,0,100,38
4,23,ground,Cooked Meat,2,0,0,0,0,76,46
4,23,ground,Fungal Bread,1,0,0,0,0,79,58
4,23,ground,Ammo,1,0,0,0,0,127,34
4,23,ground,Ammo,1,0,0,0,0,32,99
4,23,ground,Bandage,2,0,0,0,0,120,61
4,23,ground,Fungal Bread,1,0,0,0,0,123,7
4,23,ground,Ammo,1,0,0,0,0,106,14
4,23,ground,Ammo,1,0,0,0,0,11,96
4,23,ground,Rope Snare,2,0,0,0,0,127,11
4,23,wall,Pickaxe,1,32,0,0,0,118,29
4,23,wall,Bear Trap,2,0,0,0,0,37,83
4,24,stored,Pickaxe,1,32,0,0,0,12,79
4,24,ground,Stick,1,18,0,0,0,79,81
4,24,ground,Hatchet,1,35,0,0,0,81,44
4,24,ground,Stick,1,18,0,0,0,55,99
4,24,ground,Bandage,3,0,0,0,0,64,77
4,24,ground,Hatchet,1,35,0,0,0,73,96
4,24,ground,Torch,1,90,0,0,0,72,96
4,24,ground,Bow,1,0,0,20,0,105,96
4,24,ground,Root Drill,1,0,3,0,0,106,96
4,24,ground,Firecracker,2,0,0,0,0,82,107
4,24,ground,Firecracker,2,0,0,0,0,105,100
4,24,ground,Fungal Bread,2,0,0,0,0,75,107
4,24,ground,Digging Claws,1,200,0,0,0,4,33
4,24,carried,Buckler,1,30,0,0,0,13,19
4,24,ground,Crossbow,1,0,0,1,16,89,102
4,24,ground,Rake,1,400,0,0,0,36,40
4,24,ground,Herb Bag,1,0,4,0,0,32,31
4,24,ground,Honey pot,1,0,0,0,0,7,64
4,24,ground,Ammo,1,0,0,0,0,19,53
4,24,ground,Lantern Seed,1,0,0,0,0,9,36
4,24,ground,Medkit,1,0,0,0,0,4,13
4,24,ground,Ammo,1,0,0,0,0,97,72
4,24,ground,Bandage,2,0,0,0,0,10,12
4,24,ground,Ammo,1,0,0,0,0,16,13
4,24,ground,River Fish,2,0,0,0,0,62,43
4,24,ground,River Fish,2,0,0,0,0,74,39
4,24,ground,River Fish,4,0,0,0,0,83,30
4,24,ground,River Fish,5,0,0,0,0,90,19
4,24,ground,River Fish,5,0,0,0,0,96,7
4,24,ground,Shield Lantern,1,24,0,0,0,89,40
4,24,ground,Stick,1,18,0,0,0,38,25
4,24,wall,Sap jar,2,0,0,0,0,15,38
4,24,wall,Smoke pot,2,0,0,0,0,32,67
4,25,stored,Stick,1,18,0,0,0,77,79
4,25,ground,Stick,1,18,0,0,0,78,57
4,25,ground,Hatchet,1,35,0,0,0,51,13
4,25,ground,Rope Hook,1,0,24,0,0,52,13
4,25,ground,Torch,1,90,0,0,0,57,33
4,25,ground,Hatchet,1,35,0,0,0,60,51
4,25,ground,Torch,1,90,0,0,0,60,50
4,25,ground,Bow,1,0,0,20,0,31,51
4,25,ground,Root Drill,1,0,3,0,0,30,52
4,25,carried,Buckler,1,30,0,0,0,49,48
4,25,carried,Buckler,1,30,0,0,0,35,53
4,25,carried,Buckler,1,30,0,0,0,42,48
4,25,ground,Firecracker,2,0,0,0,0,29,52
4,25,ground,Firecracker,2,0,0,0,0,41,51
4,25,ground,River Fish,3,0,0,0,0,8,56
4,25,ground,Fishing Line,1,0,20,0,0,10,59
4,25,ground,Sap jar,2,0,0,0,0,79,37
4,25,ground,Ammo,1,0,0,0,0,81,37
4,25,ground,Bitter Root,1,0,0,0,0,54,82
4,25,ground,Buckler,1,30,0,0,0,39,77
4,25,ground,Bandage,2,0,0,0,0,39,82
4,25,ground,Ammo,1,0,0,0,0,81,75
4,25,ground,Ammo,1,0,0,0,0,30,101
4,25,ground,Herb Bag,1,0,4,0,0,27,123
4,25,ground,Medkit,1,0,0,0,0,10,123
4,25,ground,Ammo,1,0,0,0,0,15,114
4,25,carried,Buckler,1,30,0,0,0,35,31
4,25,ground,Bow,1,0,0,20,0,35,13
4,25,ground,Digging Claws,1,200,0,0,0,34,93
4,25,ground,Bow,1,0,0,20,0,12,52
4,25,wall,Water flask,2,0,0,0,0,25,84
4,26,stored,Bow,1,0,0,20,0,34,123
4,26,ground,Stick,1,18,0,0,0,55,57
4,26,carried,Buckler,1,30,0,0,0,32,70
4,26,carried,Buckler,1,30,0,0,0,30,71
4,26,carried,Buckler,1,30,0,0,0,33,73
4,26,carried,Buckler,1,30,0,0,0,23,72
4,26,carried,Buckler,1,30,0,0,0,27,70
4,26,ground,Cooked Meat,2,0,0,0,0,21,63
4,26,ground,Ammo,2,0,0,0,0,16,78
4,26,ground,Blunderbuss,1,0,0,2,14,108,29
4,26,ground,Raw Meat,1,0,0,0,0,109,39
4,26,carried,Buckler,1,30,0,0,0,36,101
4,26,ground,Sleep Meds,3,0,0,0,0,41,123
4,26,ground,Bird Seed,1,0,0,0,0,75,58
4,26,ground,Bandage,2,0,0,0,0,78,61
4,26,ground,Ammo,1,0,0,0,0,98,49
4,26,ground,Bitter Root,1,0,0,0,0,109,43
4,26,ground,Ammo,1,0,0,0,0,93,81
4,26,ground,Ammo,1,0,0,0,0,119,37
4,26,ground,Medkit,1,0,0,0,0,121,73
4,26,ground,Bandage,2,0,0,0,0,38,107
4,26,ground,Ammo,1,0,0,0,0,79,31
4,26,ground,Crossbow,1,0,0,1,16,80,84
4,26,ground,Ammo,1,0,0,0,0,82,82
4,26,ground,Torch,1,90,0,0,0,32,108
4,26,wall,Flint Knife,1,60,0,0,0,25,90
4,27,stored,Wooden Maul,1,24,0,0,0,12,78
4,27,ground,Stick,1,18,0,0,0,55,80
4,27,ground,Wooden Maul,1,24,0,0,0,60,12
4,27,ground,Throwing Net,2,0,0,0,0,61,12
4,27,ground,Torch,1,90,0,0,0,55,56
4,27,ground,Pickaxe,1,32,0,0,0,28,83
4,27,carried,Buckler,1,30,0,0,0,40,55
4,27,carried,Buckler,1,30,0,0,0,11,104
4,27,carried,Buckler,1,30,0,0,0,34,98
4,27,ground,Bear Trap,2,0,0,0,0,61,83
4,27,ground,Oil flask,1,0,0,0,0,28,74
4,27,ground,Ammo,1,0,0,0,0,81,43
4,27,ground,Boomerang,1,0,0,0,0,82,60
4,27,ground,Herb Bag,1,0,4,0,0,79,59
4,27,ground,Herb Bag,1,0,4,0,0,74,13
4,27,ground,Fungal Bread,1,0,0,0,0,41,27
4,27,ground,Ammo,1,0,0,0,0,30,121
4,27,ground,Ammo,1,0,0,0,0,8,144
4,27,ground,Sap jar,2,0,0,0,0,29,43
4,27,ground,Water flask,2,0,0,0,0,5,96
4,27,ground,Pickaxe,1,32,0,0,0,40,109
4,28,stored,Stick,1,18,0,0,0,77,34
4,28,ground,Stick,1,18,0,0,0,79,59
4,28,ground,Stick,1,18,0,0,0,9,35
4,28,ground,Crossbow,1,0,0,1,16,6,40
4,28,ground,River Fish,6,0,0,0,0,41,51
4,28,ground,River Fish,4,0,0,0,0,29,77
4,28,carried,Buckler,1,30,0,0,0,12,107
4,28,ground,Sap jar,2,0,0,0,0,7,93
4,28,ground,Firecracker,3,0,0,0,0,79,27
4,28,ground,Fungal Bread,1,0,0,0,0,72,32
4,28,ground,Mushroom spores,2,0,0,0,0,33,56
4,28,ground,Fungal Bread,1,0,0,0,0,32,103
4,28,ground,Medkit,1,0,0,0,0,9,99
4,28,ground,Ammo,1,0,0,0,0,93,43
4,28,ground,Ammo,1,0,0,0,0,12,105
4,28,ground,River Fish,5,0,0,0,0,63,59
4,28,ground,River Fish,4,0,0,0,0,66,23
4,28,ground,River Fish,5,0,0,0,0,79,11
4,28,ground,Straw Decoy,1,0,0,0,0,49,41
4,28,ground,Bomb,2,0,0,0,0,77,16
4,28,wall,Rope Snare,2,0,0,0,0,82,44
4,29,stored,Torch,1,90,0,0,0,33,99
4,29,ground,Stick,1,18,0,0,0,78,81
4,29,carried,Buckler,1,30,0,0,0,74,43
4,29,carried,Buckler,1,30,0,0,0,75,39
4,29,carried,Buckler,1,30,0,0,0,71,43
4,29,ground,Flint Knife,1,60,0,0,0,71,37
4,29,ground,Mushroom spores,2,0,0,0,0,69,45
4,29,ground,Stick,1,18,0,0,0,31,77
4,29,ground,Rope Hook,1,0,24,0,0,32,77
4,29,ground,Torch,1,90,0,0,0,34,55
4,29,ground,Throwing Net,2,0,0,0,0,14,79
4,29,ground,Bear Trap,2,0,0,0,0,6,77
4,29,ground,Throwing Rock,3,0,0,0,0,12,54
4,29,ground,Crossbow,1,0,0,1,16,16,82
4,29,ground,River Fish,6,0,0,0,0,79,104
4,29,ground,Digging Claws,1,200,0,0,0,53,57
4,29,ground,Mushroom spores,2,0,0,0,0,79,95
4,29,ground,Herb Bag,1,0,4,0,0,31,102
4,29,ground,Herb Bag,1,0,4,0,0,27,99
4,29,ground,Herb Bag,1,0,4,0,0,99,40
4,29,ground,Medkit,1,0,0,0,0,48,93
4,29,ground,Digging Claws,1,200,0,0,0,100,8
4,29,ground,Ammo,1,0,0,0,0,96,17
4,29,ground,Ammo,1,0,0,0,0,53,92
4,29,ground,Bear Trap,2,0,0,0,0,85,106
4,29,ground,Pickaxe,1,32,0,0,0,83,99
4,29,wall,Buckler,1,30,0,0,0,79,22
4,29,wall,Pickaxe,1,32,0,0,0,42,101
4,30,stored,Stick,1,18,0,0,0,79,122
4,30,ground,Stick,1,18,0,0,0,57,80
4,30,ground,River Fish,5,0,0,0,0,82,77
4,30,ground,Fishing Line,1,0,20,0,0,85,76
4,30,ground,River Fish,6,0,0,0,0,16,103
4,30,ground,Smoke pot,2,0,0,0,0,73,50
4,30,ground,Bird Seed,1,0,0,0,0,58,101
4,30,ground,Fungal Bread,1,0,0,0,0,60,97
4,30,ground,Water flask,2,0,0,0,0,76,85
4,30,ground,Ammo,1,0,0,0,0,101,53
4,30,ground,Bandage,2,0,0,0,0,81,57
4,30,ground,Bandage,2,0,0,0,0,118,79
4,30,ground,Ammo,1,0,0,0,0,78,30
4,30,ground,Wolf Whistle,1,0,8,0,0,50,151
4,30,ground,Ammo,1,0,0,0,0,54,149
4,30,ground,Ammo,1,0,0,0,0,129,53
4,30,ground,Lighter,1,0,20,0,0,25,103
4,30,ground,Stick,1,18,0,0,0,53,119
4,30,ground,Bow,1,0,0,20,0,96,59
4,30,ground,Bomb,2,0,0,0,0,106,75
4,30,wall,Water flask,2,0,0,0,0,117,73
4,31,stored,Wooden Maul,1,24,0,0,0,100,56
4,31,ground,Stick,1,18,0,0,0,57,81
4,31,carried,Buckler,1,30,0,0,0,21,44
4,31,carried,Buckler,1,30,0,0,0,25,41
4,31,carried,Buckler,1,30,0,0,0,27,43
4,31,carried,Buckler,1,30,0,0,0,15,49
4,31,carried,Buckler,1,30,0,0,0,13,48
4,31,carried,Buckler,1,30,0,0,0,12,52
4,31,carried,Buckler,1,30,0,0,0,23,58
4,31,carried,Buckler,1,30,0,0,0,18,56
4,31,carried,Buckler,1,30,0,0,0,20,56
4,31,carried,Buckler,1,30,0,0,0,24,55
4,31,ground,Torch,1,90,0,0,0,19,39
4,31,ground,Stick,1,18,0,0,0,21,36
4,31,ground,River Fish,5,0,0,0,0,103,10
4,31,ground,Fishing Line,1,0,20,0,0,101,6
4,31,carried,Buckler,1,30,0,0,0,81,17
4,31,ground,Mushroom spores,2,0,0,0,0,80,102
4,31,ground,Bird Seed,1,0,0,0,0,108,75
4,31,ground,Bandage,2,0,0,0,0,104,74
4,31,ground,Sap jar,1,0,0,0,0,61,99
4,31,ground,Ammo,1,0,0,0,0,106,57
4,31,ground,Ammo,1,0,0,0,0,35,98
4,31,ground,Ammo,1,0,0,0,0,96,36
4,31,ground,Ammo,1,0,0,0,0,121,59
4,31,ground,Medkit,1,0,0,0,0,76,19
4,31,ground,Ammo,1,0,0,0,0,124,104
4,31,ground,Bandage,2,0,0,0,0,82,14
4,31,ground,Water flask,2,0,0,0,0,74,73
4,31,ground,Lighter,1,0,20,0,0,28,79
4,31,wall,Mushroom spores,2,0,0,0,0,91,27
4,32,stored,Stick,1,18,0,0,0,55,13
4,32,ground,Stick,1,18,0,0,0,78,37
4,32,ground,Stick,1,18,0,0,0,32,52
4,32,ground,Stick,1,18,0,0,0,34,105
4,32,ground,Rope Hook,1,0,24,0,0,35,105
4,32,ground,Torch,1,90,0,0,0,56,101
4,32,ground,Hatchet,1,35,0,0,0,75,60
4,32,ground,Torch,1,90,0,0,0,74,60
4,32,ground,Bow,1,0,0,20,0,105,60
4,32,ground,Root Drill,1,0,3,0,0,106,60
4,32,carried,Buckler,1,30,0,0,0,99,57
4,32,ground,Firecracker,2,0,0,0,0,83,55
4,32,ground,Firecracker,2,0,0,0,0,88,57
4,32,ground,Firecracker,2,0,0,0,0,89,63
4,32,ground,River Fish,3,0,0,0,0,9,55
4,32,ground,Honey pot,1,0,0,0,0,102,85
4,32,ground,Thorn Caltrops,2,0,0,0,0,121,39
4,32,ground,Bird Seed,1,0,0,0,0,51,12
4,32,ground,Fungal Bread,1,0,0,0,0,55,17
4,32,ground,Lighter,1,0,20,0,0,126,43
4,32,ground,Ammo,1,0,0,0,0,98,83
4,32,ground,Medkit,1,0,0,0,0,78,94
4,32,ground,Bandage,2,0,0,0,0,76,105
4,32,ground,Ammo,1,0,0,0,0,76,93
4,32,ground,Sap jar,2,0,0,0,0,124,62
4,32,ground,Blunderbuss,1,0,0,2,14,62,78
4,32,wall,Hatchet,1,35,0,0,0,60,85
4,33,stored,Torch,1,90,0,0,0,101,99
4,33,ground,Stick,1,18,0,0,0,77,79
4,33,ground,Hatchet,1,35,0,0,0,9,99
4,33,ground,Throwing Net,2,0,0,0,0,10,99
4,33,ground,Torch,1,90,0,0,0,13,77
4,33,ground,Stick,1,18,0,0,0,124,34
4,33,ground,Lighter,1,0,20,0,0,116,56
4,33,ground,Torch,1,90,0,0,0,115,34
4,33,ground,River Fish,6,0,0,0,0,36,101
4,33,ground,Straw Decoy,1,0,0,0,0,8,79
4,33,ground,Honey pot,1,0,0,0,0,128,74
4,33,ground,Herb Bag,1,0,4,0,0,130,73
4,33,ground,Root Drill,1,0,3,0,0,138,81
4,33,ground,Ammo,1,0,0,0,0,140,76
4,33,ground,Ammo,2,0,0,0,0,95,37
4,33,ground,Bandage,2,0,0,0,0,102,32
4,33,ground,Fungal Bread,1,0,0,0,0,32,72
4,33,ground,Ammo,1,0,0,0,0,142,35
4,33,ground,Ammo,1,0,0,0,0,101,51
4,33,carried,Buckler,1,30,0,0,0,61,59
4,33,ground,Cooked Meat,2,0,0,0,0,52,55
4,33,ground,Crossbow,1,0,0,1,16,139,50
4,33,ground,Seed Bag,1,0,6,0,0,149,59
4,33,wall,Sap jar,2,0,0,0,0,137,28
4,33,wall,Rope Snare,2,0,0,0,0,140,40
4,33,wall,Pickaxe,1,32,0,0,0,31,87
4,34,stored,Hatchet,1,35,0,0,0,11,79
4,34,ground,Stick,1,18,0,0,0,78,57
4,34,ground,River Fish,6,0,0,0,0,60,75
4,34,ground,Hatchet,1,35,0,0,0,33,80
4,34,ground,Root Drill,1,0,3,0,0,32,76
4,34,ground,Sleep Meds,3,0,0,0,0,54,29
4,34,ground,Ammo,1,0,0,0,0,58,39
4,34,ground,Sap jar,1,0,0,0,0,104,28
4,34,ground,Water flask,2,0,0,0,0,58,60
4,34,ground,Ammo,1,0,0,0,0,58,59
4,34,ground,Bandage,2,0,0,0,0,60,5
4,34,ground,Fungal Bread,1,0,0,0,0,101,52
4,34,ground,Ammo,1,0,0,0,0,6,83
4,34,ground,Medkit,1,0,0,0,0,105,106
4,34,ground,Ammo,1,0,0,0,0,91,105
4,34,ground,Digging Claws,1,200,0,0,0,98,47
4,34,ground,Rake,1,400,0,0,0,57,49
4,34,wall,Crossbow,1,0,0,1,16,64,10
4,34,wall,Pickaxe,1,32,0,0,0,79,44
4,35,stored,Digging Claws,1,200,0,0,0,78,55
4,35,ground,Stick,1,18,0,0,0,78,81
4,35,ground,River Fish,3,0,0,0,0,53,41
4,35,ground,Stick,1,18,0,0,0,60,6
4,35,ground,Digging Claws,1,200,0,0,0,11,39
4,35,ground,Rope Hook,1,0,24,0,0,12,39
4,35,ground,Torch,1,90,0,0,0,33,33
4,35,ground,Smoke pot,2,0,0,0,0,36,56
4,35,ground,Bird Seed,1,0,0,0,0,99,84
4,35,ground,Bandage,2,0,0,0,0,98,82
4,35,ground,Mushroom spores,2,0,0,0,0,99,49
4,35,ground,Ammo,1,0,0,0,0,77,52
4,35,ground,Bandage,2,0,0,0,0,63,51
4,35,ground,Ammo,1,0,0,0,0,37,86
4,35,ground,Medkit,1,0,0,0,0,62,77
4,35,ground,Ammo,1,0,0,0,0,63,79
4,35,ground,River Fish,4,0,0,0,0,47,77
4,35,ground,River Fish,3,0,0,0,0,13,89
4,35,ground,Mushroom spores,2,0,0,0,0,20,92
4,35,ground,Pickaxe,1,32,0,0,0,47,50
4,35,ground,Mushroom spores,2,0,0,0,0,41,95
4,35,ground,Digging Claws,1,200,0,0,0,57,48
4,35,wall,Hatchet,1,35,0,0,0,18,85
4,36,stored,Torch,1,90,0,0,0,12,56
4,36,ground,Stick,1,18,0,0,0,57,80
4,36,ground,Mushroom spores,2,0,0,0,0,39,46
4,36,ground,Seed Bag,1,0,6,0,0,32,40
4,36,ground,Hatchet,1,35,0,0,0,72,73
4,36,ground,Torch,1,90,0,0,0,72,72
4,36,ground,Digging Claws,1,200,0,0,0,72,105
4,36,ground,Root Drill,1,0,3,0,0,71,105
4,36,ground,Firecracker,2,0,0,0,0,77,97
4,36,ground,Firecracker,2,0,0,0,0,78,106
4,36,ground,Firecracker,2,0,0,0,0,79,72
4,36,carried,Buckler,1,30,0,0,0,82,12
4,36,ground,Hatchet,1,35,0,0,0,58,46
4,36,ground,Bird Seed,1,0,0,0,0,64,14
4,36,ground,Herb Bag,1,0,4,0,0,50,13
4,36,ground,Mushroom spores,2,0,0,0,0,102,94
4,36,ground,Herb Bag,1,0,4,0,0,82,124
4,36,ground,Medkit,1,0,0,0,0,74,13
4,36,ground,Ammo,1,0,0,0,0,36,12
4,36,ground,Shield Lantern,1,24,0,0,0,73,143
4,36,ground,Ammo,1,0,0,0,0,80,149
4,36,ground,Ammo,1,0,0,0,0,100,81
4,36,ground,Ammo,1,0,0,0,0,73,11
4,36,ground,Flint Knife,1,60,0,0,0,61,9
4,36,ground,Pickaxe,1,32,0,0,0,7,62
4,36,ground,Crossbow,1,0,0,1,16,86,118
4,36,ground,Hatchet,1,35,0,0,0,101,107
4,36,wall,Crossbow,1,0,0,1,16,30,16
4,36,wall,Bandage,3,0,0,0,0,92,73
4,37,stored,Flint Knife,1,60,0,0,0,57,99
4,37,ground,Stick,1,18,0,0,0,79,81
4,37,ground,Sleep Meds,3,0,0,0,0,23,119
4,37,ground,Fried Egg,2,0,0,0,0,34,111
4,37,ground,Pickaxe,1,32,0,0,0,100,52
4,37,ground,Throwing Net,2,0,0,0,0,101,52
4,37,ground,Torch,1,90,0,0,0,78,55
4,37,ground,River Fish,5,0,0,0,0,75,100
4,37,ground,Fishing Line,1,0,20,0,0,73,99
4,37,ground,River Fish,4,0,0,0,0,53,36
4,37,ground,Fishing Line,1,0,20,0,0,53,39
4,37,ground,Blunderbuss,1,0,0,2,14,99,28
4,37,carried,Buckler,1,30,0,0,0,12,60
4,37,ground,Sleep Meds,3,0,0,0,0,83,83
4,37,ground,Water flask,2,0,0,0,0,78,97
4,37,ground,Lantern Seed,1,0,0,0,0,62,97
4,37,ground,Fungal Bread,1,0,0,0,0,53,71
4,37,ground,Fungal Bread,1,0,0,0,0,60,60
4,37,ground,Bandage,2,0,0,0,0,39,69
4,37,ground,Ammo,1,0,0,0,0,109,34
4,37,ground,Ammo,1,0,0,0,0,6,53
4,37,stored,Acorn Mine,2,0,0,0,0,46,79
4,38,stored,Bow,1,0,0,20,0,121,12
4,38,ground,Stick,1,18,0,0,0,77,15
4,38,ground,Bomb,2,0,0,0,0,29,42
4,38,ground,Stick,1,18,0,0,0,77,85
4,38,carried,Buckler,1,30,0,0,0,122,32
4,38,ground,Flint Knife,1,60,0,0,0,61,78
4,38,ground,Ammo,1,0,0,0,0,86,29
4,38,ground,Lighter,1,0,20,0,0,100,15
4,38,ground,Ammo,1,0,0,0,0,98,10
4,38,ground,Hunting Spear,1,45,0,0,0,80,56
4,38,ground,Bandage,2,0,0,0,0,74,62
4,38,ground,Thorn Caltrops,2,0,0,0,0,95,59
4,38,ground,Ammo,1,0,0,0,0,101,56
4,38,ground,Herb Bag,1,0,4,0,0,101,34
4,38,ground,Bandage,2,0,0,0,0,54,83
4,38,ground,Ammo,1,0,0,0,0,103,81
4,38,wall,Stick,1,18,0,0,0,71,68
4,39,stored,Pickaxe,1,32,0,0,0,55,121
4,39,ground,Stick,1,18,0,0,0,55,80
4,39,ground,Pickaxe,1,32,0,0,0,83,102
4,39,ground,Spring Trap,2,0,0,0,0,12,35
4,39,ground,Rake,1,400,0,0,0,56,117
4,39,ground,Bandage,2,0,0,0,0,60,117
4,39,ground,Chili,1,0,0,0,0,30,80
4,39,ground,Ammo,1,0,0,0,0,79,123
4,39,ground,Fungal Bread,1,0,0,0,0,34,50
4,39,ground,Bandage,2,0,0,0,0,39,101
4,39,ground,Ammo,1,0,0,0,0,33,36
4,39,ground,Ammo,1,0,0,0,0,12,17
4,39,ground,Wooden Maul,1,24,0,0,0,61,96
4,39,wall,Sap jar,2,0,0,0,0,30,25
4,39,wall,Hatchet,1,35,0,0,0,33,66
4,40,stored,Crossbow,1,0,0,1,16,77,79
4,40,ground,Stick,1,18,0,0,0,78,58
4,40,ground,Hatchet,1,35,0,0,0,20,62
4,40,ground,Bow,1,0,0,20,0,59,30
4,40,ground,Digging Claws,1,200,0,0,0,59,79
4,40,ground,Blunderbuss,1,0,0,2,14,36,93
4,40,carried,Buckler,1,30,0,0,0,53,99
4,40,ground,Torch,1,90,0,0,0,62,12
4,40,ground,Lighter,1,0,20,0,0,30,93
4,40,ground,Splint,1,0,2,0,0,77,75
4,40,ground,Ammo,1,0,0,0,0,73,80
4,40,ground,Medkit,1,0,0,0,0,53,93
4,40,ground,Bandage,2,0,0,0,0,63,100
4,40,ground,Bandage,2,0,0,0,0,51,99
4,40,ground,Ammo,1,0,0,0,0,51,95
4,40,ground,River Fish,2,0,0,0,0,70,48
4,40,ground,River Fish,5,0,0,0,0,61,62
4,40,ground,River Fish,3,0,0,0,0,56,78
4,40,ground,Resin Glue,1,0,0,0,0,84,39
4,40,ground,Throwing Rock,3,0,0,0,0,71,8
4,40,wall,Bandage,3,0,0,0,0,76,89
4,41,stored,Torch,1,90,0,0,0,101,99
4,41,ground,Stick,1,18,0,0,0,77,57
4,41,ground,River Fish,3,0,0,0,0,74,36
4,41,ground,River Fish,4,0,0,0,0,82,84
4,41,ground,Pickaxe,1,32,0,0,0,15,54
4,41,carried,Buckler,1,30,0,0,0,99,61
4,41,carried,Buckler,1,30,0,0,0,38,95
4,41,ground,Seed Bag,1,0,6,0,0,40,52
4,41,ground,Water flask,2,0,0,0,0,84,36
4,41,ground,Water flask,2,0,0,0,0,80,71
4,41,ground,Ammo,1,0,0,0,0,62,81
4,41,ground,Fungal Bread,1,0,0,0,0,55,30
4,41,ground,Digging Claws,1,200,0,0,0,120,41
4,41,ground,Ammo,1,0,0,0,0,123,38
4,41,ground,Fungal Bread,1,0,0,0,0,126,85
4,41,ground,Herb Bag,1,0,4,0,0,34,104
4,41,ground,Ammo,1,0,0,0,0,54,15
4,41,ground,River Fish,5,0,0,0,0,61,99
4,41,ground,River Fish,3,0,0,0,0,76,102
4,41,stored,Bow,1,0,0,20,0,78,29
4,41,stored,Bomb,2,0,0,0,0,54,80
4,41,ground,Fried Egg,2,0,0,0,0,96,54
4,41,wall,Bandage,3,0,0,0,0,80,24
4,41,wall,Pickaxe,1,32,0,0,0,46,81
4,42,stored,Digging Claws,1,200,0,0,0,33,79
4,42,ground,Stick,1,18,0,0,0,56,59
4,42,ground,Fungal Bread,1,0,0,0,0,12,36
4,42,ground,Rake,1,400,0,0,0,18,41
4,42,ground,Hunting Spear,1,45,0,0,0,9,29
4,42,ground,River Fish,6,0,0,0,0,35,80
4,42,ground,Crossbow,1,0,0,1,16,38,96
4,42,carried,Buckler,1,30,0,0,0,29,120
4,42,ground,Seed Bag,1,0,6,0,0,77,125
4,42,ground,Bird Seed,3,0,0,0,0,53,84
4,42,ground,Herb Bag,1,0,4,0,0,51,83
4,42,ground,Bird Seed,1,0,0,0,0,59,99
4,42,ground,Herb Bag,1,0,4,0,0,62,103
4,42,ground,Fungal Bread,1,0,0,0,0,27,56
4,42,ground,Ammo,1,0,0,0,0,73,103
4,42,ground,Ammo,1,0,0,0,0,28,125
4,42,ground,Torch,1,90,0,0,0,37,106
4,42,ground,Hatchet,1,35,0,0,0,57,71
4,42,ground,Splint,1,0,2,0,0,53,97
4,42,wall,Hatchet,1,35,0,0,0,29,7
4,42,wall,Blunderbuss,1,0,0,2,14,58,118
4,43,stored,Stick,1,18,0,0,0,56,34
4,43,ground,Stick,1,18,0,0,0,35,81
4,43,ground,Torch,1,90,0,0,0,35,104
4,43,ground,Rope Hook,1,0,24,0,0,36,104
4,43,ground,Torch,1,90,0,0,0,13,101
4,43,ground,Hatchet,1,35,0,0,0,83,59
4,43,ground,Torch,1,90,0,0,0,83,60
4,43,ground,Digging Claws,1,200,0,0,0,83,29
4,43,ground,Root Drill,1,0,3,0,0,83,28
4,43,ground,Fungal Bread,2,0,0,0,0,78,63
4,43,ground,Firecracker,2,0,0,0,0,83,36
4,43,ground,Fungal Bread,2,0,0,0,0,81,27
4,43,ground,Buckler,1,30,0,0,0,32,30
4,43,ground,Rake,1,400,0,0,0,34,58
4,43,ground,Herb Bag,1,0,4,0,0,32,59
4,43,ground,Flint Knife,1,60,0,0,0,55,31
4,43,ground,Bandage,2,0,0,0,0,52,36
4,43,ground,Bandage,2,0,0,0,0,29,36
4,43,ground,Pocket Door,1,0,2,0,0,35,8
4,43,ground,Ammo,1,0,0,0,0,38,10
4,43,ground,Ammo,1,0,0,0,0,12,123
4,43,ground,Ammo,1,0,0,0,0,101,8
4,43,carried,Buckler,1,30,0,0,0,25,33
4,43,ground,Sap jar,2,0,0,0,0,5,77
4,43,ground,Water flask,2,0,0,0,0,58,57
4,43,ground,Sap jar,2,0,0,0,0,39,40
4,43,wall,Stick,1,18,0,0,0,42,59
4,43,wall,Pickaxe,1,32,0,0,0,26,127
4,44,stored,Crossbow,1,0,0,1,16,34,101
4,44,ground,Stick,1,18,0,0,0,35,80
4,44,ground,Rope Snare,2,0,0,0,0,81,47
4,44,ground,Hatchet,1,35,0,0,0,29,119
4,44,ground,Torch,1,90,0,0,0,29,118
4,44,ground,Pickaxe,1,32,0,0,0,29,147
4,44,ground,Root Drill,1,0,3,0,0,28,147
4,44,carried,Buckler,1,30,0,0,0,26,132
4,44,carried,Buckler,1,30,0,0,0,33,139
4,44,ground,Fungal Bread,2,0,0,0,0,31,122
4,44,ground,River Fish,5,0,0,0,0,78,104
4,44,ground,River Fish,6,0,0,0,0,82,121
4,44,carried,Buckler,1,30,0,0,0,16,125
4,44,ground,Throwing Rock,3,0,0,0,0,56,63
4,44,ground,Resin Glue,1,0,0,0,0,55,83
4,44,ground,Herb Bag,1,0,4,0,0,55,81
4,44,ground,Seed Bag,1,0,6,0,0,84,82
4,44,ground,Ammo,1,0,0,0,0,99,57
4,44,ground,Ammo,1,0,0,0,0,33,102
4,44,ground,Medkit,1,0,0,0,0,99,29
4,44,ground,Seed Bag,1,0,6,0,0,95,80
4,44,ground,Ammo,1,0,0,0,0,99,80
4,44,ground,Bandage,2,0,0,0,0,93,30
4,44,ground,Ammo,1,0,0,0,0,105,34
4,44,ground,River Fish,4,0,0,0,0,79,81
4,44,ground,River Fish,5,0,0,0,0,73,61
4,44,ground,River Fish,4,0,0,0,0,57,51
4,44,ground,River Fish,2,0,0,0,0,51,33
4,44,ground,River Fish,2,0,0,0,0,52,16
4,44,ground,Cooked Meat,2,0,0,0,0,79,72
4,44,ground,Cooked Meat,2,0,0,0,0,85,91
4,44,wall,Water flask,2,0,0,0,0,8,119
4,45,stored,Hatchet,1,35,0,0,0,121,13
4,45,ground,Stick,1,18,0,0,0,57,37
4,45,ground,Digging Claws,1,200,0,0,0,13,66
4,45,ground,Wolf Whistle,1,0,8,0,0,25,63
4,45,ground,Water flask,2,0,0,0,0,33,61
4,45,ground,Rake,1,400,0,0,0,10,67
4,45,ground,River Fish,5,0,0,0,0,34,39
4,45,ground,Bow,1,0,0,20,0,5,28
4,45,ground,Flint Knife,1,60,0,0,0,56,53
4,45,ground,Hatchet,1,35,0,0,0,82,37
4,45,ground,Torch,1,90,0,0,0,81,37
4,45,ground,Bow,1,0,0,20,0,82,8
4,45,ground,Root Drill,1,0,3,0,0,82,7
4,45,carried,Buckler,1,30,0,0,0,85,36
4,45,carried,Buckler,1,30,0,0,0,84,33
4,45,ground,Fungal Bread,2,0,0,0,0,76,15
4,45,ground,Fungal Bread,2,0,0,0,0,80,26
4,45,ground,River Fish,5,0,0,0,0,125,59
4,45,ground,River Fish,6,0,0,0,0,98,10
4,45,ground,Bow,1,0,0,20,0,99,55
4,45,ground,Bird Seed,1,0,0,0,0,99,53
4,45,ground,Bandage,2,0,0,0,0,92,58
4,45,ground,Mushroom spores,2,0,0,0,0,121,52
4,45,ground,Bandage,2,0,0,0,0,61,74
4,45,ground,Medkit,1,0,0,0,0,60,104
4,45,ground,Blink Seed,2,0,0,0,0,130,82
4,45,ground,Ammo,1,0,0,0,0,115,78
4,45,ground,Ammo,1,0,0,0,0,62,98
4,45,stored,Spring Trap,2,0,0,0,0,117,57
4,45,stored,Raw Meat,2,0,0,0,0,125,51
4,45,stored,Digging Claws,1,200,0,0,0,120,60
4,45,stored,Fried Egg,2,0,0,0,0,77,6
4,45,stored,Bow,1,0,0,20,0,85,5
4,45,stored,Rake,1,400,0,0,0,100,5
4,45,wall,Cooked Meat,2,0,0,0,0,106,59
4,45,wall,Throwing Rock,3,0,0,0,0,62,84
4,46,stored,Hunting Spear,1,45,0,0,0,34,35
4,46,ground,Stick,1,18,0,0,0,78,81
4,46,ground,River Fish,6,0,0,0,0,80,54
4,46,ground,Fishing Line,1,0,20,0,0,80,53
4,46,ground,River Fish,6,0,0,0,0,80,32
4,46,ground,Hatchet,1,35,0,0,0,36,38
4,46,ground,Raw Meat,1,0,0,0,0,37,27
4,46,carried,Buckler,1,30,0,0,0,96,55
4,46,ground,Thorn Caltrops,2,0,0,0,0,36,55
4,46,ground,Rope Hook,1,0,24,0,0,77,103
4,46,ground,Ammo,1,0,0,0,0,81,95
4,46,ground,Water flask,2,0,0,0,0,32,76
4,46,ground,Ammo,1,0,0,0,0,34,63
4,46,ground,Herb Bag,1,0,4,0,0,54,62
4,46,ground,Ammo,1,0,0,0,0,62,97
4,46,ground,Medkit,1,0,0,0,0,99,49
4,46,ground,Herb Bag,1,0,4,0,0,34,29
4,46,ground,Ammo,1,0,0,0,0,102,34
4,46,ground,Ammo,1,0,0,0,0,103,52
4,46,ground,River Fish,4,0,0,0,0,61,72
4,46,ground,River Fish,4,0,0,0,0,74,62
4,46,ground,River Fish,4,0,0,0,0,86,52
4,46,ground,Rake,1,400,0,0,0,104,40
4,46,ground,Pickaxe,1,32,0,0,0,99,7
4,46,ground,Hunting Spear,1,45,0,0,0,94,34
4,46,ground,Pitch Bomb,2,0,0,0,0,39,47
4,46,wall,Sleep Meds,3,0,0,0,0,64,55
4,47,stored,Blunderbuss,1,0,0,2,14,35,57
4,47,ground,Stick,1,18,0,0,0,77,37
4,47,ground,River Fish,5,0,0,0,0,82,57
4,47,ground,Throwing Net,2,0,0,0,0,74,71
4,47,ground,Pickaxe,1,32,0,0,0,121,73
4,47,ground,Rope Hook,1,0,24,0,0,122,73
4,47,ground,Torch,1,90,0,0,0,99,79
4,47,ground,Stick,1,18,0,0,0,55,75
4,47,ground,Digging Claws,1,200,0,0,0,64,54
4,47,ground,Fungal Bread,1,0,0,0,0,53,56
4,47,ground,Hatchet,1,35,0,0,0,16,30
4,47,ground,Torch,1,90,0,0,0,16,29
4,47,ground,Hunting Spear,1,45,0,0,0,16,59
4,47,ground,Root Drill,1,0,3,0,0,16,60
4,47,carried,Buckler,1,30,0,0,0,13,53
4,47,ground,Firecracker,2,0,0,0,0,8,35
4,47,ground,Firecracker,2,0,0,0,0,15,62
4,47,ground,Smoke pot,2,0,0,0,0,63,30
4,47,ground,Bird Seed,1,0,0,0,0,61,35
4,47,ground,Herb Bag,1,0,4,0,0,54,33
4,47,ground,Spring Trap,2,0,0,0,0,35,28
4,47,ground,Fungal Bread,1,0,0,0,0,38,28
4,47,ground,Medkit,1,0,0,0,0,39,97
4,47,ground,Ammo,1,0,0,0,0,39,17
4,47,ground,Ammo,1,0,0,0,0,33,95
4,48,stored,Bow,1,0,0,20,0,11,12
4,48,ground,Stick,1,18,0,0,0,78,79
4,48,ground,River Fish,5,0,0,0,0,32,81
4,48,ground,Cooked Meat,2,0,0,0,0,60,74
4,48,ground,Torch,1,90,0,0,0,47,78
4,48,ground,Flint Knife,1,60,0,0,0,35,38
4,48,ground,Hatchet,1,35,0,0,0,45,31
4,48,ground,Torch,1,90,0,0,0,29,40
4,48,ground,Bear Trap,2,0,0,0,0,81,9
4,48,ground,Thorn Caltrops,1,0,0,0,0,84,30
4,48,ground,Lighter,1,0,20,0,0,70,12
4,48,ground,Ammo,1,0,0,0,0,69,15
4,48,ground,Bandage,2,0,0,0,0,35,16
4,48,ground,Rabbit Charm,1,0,0,0,0,59,7
4,48,ground,Ammo,1,0,0,0,0,64,9
4,48,ground,Bandage,2,0,0,0,0,32,50
4,48,ground,Ammo,1,0,0,0,0,3,13
4,48,ground,Medkit,1,0,0,0,0,11,76
4,48,ground,Ammo,1,0,0,0,0,14,73
4,48,ground,River Fish,2,0,0,0,0,90,89
4,48,ground,River Fish,2,0,0,0,0,90,103
4,48,wall,Pickaxe,1,32,0,0,0,81,45
4,48,wall,Mushroom spores,2,0,0,0,0,23,79
4,49,stored,Stick,1,18,0,0,0,101,56
4,49,ground,Stick,1,18,0,0,0,33,80
4,49,ground,Flint Knife,1,60,0,0,0,81,12
4,49,ground,Rope Hook,1,0,24,0,0,82,12
4,49,ground,Torch,1,90,0,0,0,78,35
4,49,carried,Buckler,1,30,0,0,0,53,72
4,49,ground,Pickaxe,1,32,0,0,0,12,75
4,49,ground,Rake,1,400,0,0,0,56,72
4,49,ground,Herb Bag,1,0,4,0,0,53,77
4,49,ground,Torch,1,90,0,0,0,52,54
4,49,ground,Bandage,2,0,0,0,0,75,106
4,49,ground,Ammo,1,0,0,0,0,14,73
4,49,ground,Ammo,1,0,0,0,0,104,28
4,49,ground,Medkit,1,0,0,0,0,96,8
4,49,ground,Ammo,1,0,0,0,0,94,13
4,49,ground,River Fish,5,0,0,0,0,81,27
4,49,ground,River Fish,3,0,0,0,0,74,44
4,49,ground,Herb Bag,1,0,4,0,0,12,84
4,50,stored,Wooden Maul,1,24,0,0,0,33,35
4,50,ground,Stick,1,18,0,0,0,78,81
4,50,ground,Flint Knife,1,60,0,0,0,59,99
4,50,ground,Rope Hook,1,0,24,0,0,60,99
4,50,ground,Torch,1,90,0,0,0,56,79
4,50,ground,River Fish,3,0,0,0,0,78,102
4,50,ground,Sleep Meds,3,0,0,0,0,83,116
4,50,ground,Rope Hook,1,0,24,0,0,79,30
4,50,ground,Ammo,1,0,0,0,0,70,36
4,50,ground,Water flask,2,0,0,0,0,71,100
4,50,ground,Fungal Bread,1,0,0,0,0,64,35
4,50,ground,Ammo,1,0,0,0,0,27,32
4,50,ground,Bandage,2,0,0,0,0,58,52
4,50,ground,Ammo,1,0,0,0,0,36,58
4,50,ground,Fungal Bread,1,0,0,0,0,101,101
4,50,ground,Ammo,1,0,0,0,0,98,36
4,50,ground,Ammo,1,0,0,0,0,36,3
4,50,stored,Rake,1,400,0,0,0,76,30
4,50,stored,Lighter,1,0,20,0,0,76,96
4,50,ground,Resin Glue,1,0,0,0,0,85,97
4,50,ground,Blink Seed,2,0,0,0,0,104,105
4,50,ground,Throwing Net,2,0,0,0,0,79,62
4,50,ground,Thunder Acorn,2,0,0,0,0,83,36
4,50,ground,Fried Egg,2,0,0,0,0,30,62
4,51,stored,Hatchet,1,35,0,0,0,55,57
4,51,ground,Stick,1,18,0,0,0,77,81
4,51,ground,River Fish,5,0,0,0,0,80,48
4,51,ground,Hatchet,1,35,0,0,0,71,28
4,51,ground,Bow,1,0,0,20,0,83,144
4,51,ground,Throwing Net,2,0,0,0,0,84,144
4,51,ground,Torch,1,90,0,0,0,79,122
4,51,ground,Bow,1,0,0,20,0,99,120
4,51,ground,Bandage,3,0,0,0,0,104,79
4,51,ground,Hatchet,1,35,0,0,0,38,39
4,51,ground,Torch,1,90,0,0,0,38,40
4,51,ground,Wooden Maul,1,24,0,0,0,38,9
4,51,ground,Root Drill,1,0,3,0,0,38,8
4,51,carried,Buckler,1,30,0,0,0,31,6
4,51,ground,Firecracker,2,0,0,0,0,33,7
4,51,ground,Firecracker,2,0,0,0,0,27,36
4,51,ground,Firecracker,2,0,0,0,0,33,35
4,51,ground,River Fish,6,0,0,0,0,56,28
4,51,ground,Hatchet,1,35,0,0,0,49,70
4,51,ground,Bird Seed,1,0,0,0,0,55,55
4,51,ground,Herb Bag,1,0,4,0,0,59,51
4,51,ground,Mushroom spores,2,0,0,0,0,34,63
4,51,ground,Medkit,1,0,0,0,0,10,31
4,51,ground,Bow,1,0,0,20,0,16,71
4,51,ground,Ammo,1,0,0,0,0,18,75
4,51,ground,Bandage,2,0,0,0,0,20,34
4,51,ground,Ammo,1,0,0,0,0,18,34
4,51,ground,River Fish,2,0,0,0,0,48,67
4,51,ground,River Fish,2,0,0,0,0,68,92
4,51,ground,River Fish,3,0,0,0,0,77,106
4,51,ground,River Fish,4,0,0,0,0,86,119
4,51,ground,Mushroom spores,2,0,0,0,0,21,54
4,51,ground,Seed Bag,1,0,6,0,0,16,62
4,51,wall,Pitch Bomb,2,0,0,0,0,90,101
4,52,stored,Bow,1,0,0,20,0,33,56
4,52,ground,Stick,1,18,0,0,0,79,58
4,52,carried,Buckler,1,30,0,0,0,73,79
4,52,carried,Buckler,1,30,0,0,0,73,81
4,52,ground,Hunting Spear,1,45,0,0,0,65,93
4,52,ground,Torch,1,90,0,0,0,115,31
4,52,ground,Pitch Bomb,2,0,0,0,0,122,30
4,52,ground,River Fish,5,0,0,0,0,36,75
4,52,ground,Fishing Line,1,0,20,0,0,33,75
4,52,carried,Buckler,1,30,0,0,0,107,14
4,52,carried,Buckler,1,30,0,0,0,75,120
4,52,ground,Seed Bag,1,0,6,0,0,74,90
4,52,ground,Water flask,2,0,0,0,0,54,54
4,52,ground,Ammo,1,0,0,0,0,53,57
4,52,ground,Ammo,1,0,0,0,0,82,33
4,52,ground,Bird Seed,1,0,0,0,0,39,57
4,52,ground,Fungal Bread,1,0,0,0,0,37,57
4,52,ground,Bandage,2,0,0,0,0,39,106
4,52,ground,Herb Bag,1,0,4,0,0,7,84
4,52,ground,Ammo,1,0,0,0,0,29,118
4,52,ground,River Fish,2,0,0,0,0,52,99
4,52,ground,Lighter,1,0,20,0,0,96,73
4,52,ground,Rake,1,400,0,0,0,37,96
4,52,wall,Rope Hook,1,0,24,0,0,102,21
4,52,wall,Fried Egg,2,0,0,0,0,95,107
4,53,stored,Hatchet,1,35,0,0,0,33,121
4,53,ground,Stick,1,18,0,0,0,77,59
4,53,ground,Rope Hook,1,0,24,0,0,74,7
4,53,ground,Ammo,1,0,0,0,0,82,78
4,53,ground,Lighter,1,0,20,0,0,71,37
4,53,ground,Herb Bag,1,0,4,0,0,70,37
4,53,ground,Ammo,1,0,0,0,0,57,92
4,53,ground,Stick,1,18,0,0,0,78,118
4,53,ground,Fungal Bread,1,0,0,0,0,81,120
4,53,ground,Ammo,1,0,0,0,0,33,98
4,53,ground,Medkit,1,0,0,0,0,19,122
4,53,ground,Ammo,1,0,0,0,0,73,15
4,53,ground,Ammo,1,0,0,0,0,9,103
4,53,ground,River Fish,2,0,0,0,0,82,111
4,53,ground,River Fish,3,0,0,0,0,46,97
4,53,ground,River Fish,2,0,0,0,0,17,70
4,53,ground,Mushroom spores,2,0,0,0,0,35,104
4,53,wall,Spring Trap,2,0,0,0,0,52,88
4,54,stored,Stick,1,18,0,0,0,57,33
4,54,ground,Stick,1,18,0,0,0,77,59
4,54,ground,Torch,1,90,0,0,0,126,57
4,54,ground,Throwing Net,2,0,0,0,0,127,57
4,54,ground,Torch,1,90,0,0,0,121,78
4,54,carried,Buckler,1,30,0,0,0,15,55
4,54,ground,Pickaxe,1,32,0,0,0,80,51
4,54,ground,Wolf Whistle,1,0,8,0,0,75,73
4,54,ground,Bandage,2,0,0,0,0,73,83
4,54,ground,Rake,1,400,0,0,0,53,77
4,54,ground,Bandage,2,0,0,0,0,53,73
4,54,ground,Bandage,2,0,0,0,0,83,31
4,54,ground,Ammo,1,0,0,0,0,31,77
4,54,ground,Ammo,1,0,0,0,0,76,16
4,54,ground,Ammo,1,0,0,0,0,6,75
4,54,ground,Ammo,1,0,0,0,0,59,41
4,54,ground,Ammo,1,0,0,0,0,37,36
4,54,ground,River Fish,5,0,0,0,0,7,73
4,54,ground,Hunting Horn,1,0,8,0,0,70,71
4,54,wall,Fried Egg,2,0,0,0,0,44,76
4,55,stored,Hunting Spear,1,45,0,0,0,57,35
4,55,ground,Stick,1,18,0,0,0,77,81
4,55,ground,Hatchet,1,35,0,0,0,37,33
4,55,ground,Rope Hook,1,0,24,0,0,38,33
4,55,ground,Torch,1,90,0,0,0,33,57
4,55,ground,Flint Knife,1,60,0,0,0,99,57
4,55,ground,Lighter,1,0,20,0,0,87,54
4,55,carried,Buckler,1,30,0,0,0,14,102
4,55,ground,Wooden Maul,1,24,0,0,0,30,47
4,55,ground,Rake,1,400,0,0,0,54,82
4,55,ground,Fungal Bread,1,0,0,0,0,54,77
4,55,ground,Splint,1,0,2,0,0,51,53
4,55,ground,Ammo,1,0,0,0,0,52,51
4,55,ground,Sleep Meds,3,0,0,0,0,38,86
4,55,ground,Ammo,1,0,0,0,0,38,81
4,55,ground,Ammo,1,0,0,0,0,51,38
4,55,ground,Ammo,1,0,0,0,0,75,35
4,55,ground,Herb Bag,1,0,4,0,0,75,10
4,55,ground,Medkit,1,0,0,0,0,17,101
4,55,ground,Ammo,1,0,0,0,0,12,99
4,55,ground,River Fish,4,0,0,0,0,61,28
4,55,ground,River Fish,2,0,0,0,0,79,30
4,55,ground,River Fish,4,0,0,0,0,84,44
4,55,ground,Pickaxe,1,32,0,0,0,69,6
4,55,ground,Water flask,2,0,0,0,0,69,18
4,55,wall,Boomerang,1,0,0,0,0,59,44
4,56,stored,Bow,1,0,0,20,0,12,78
4,56,ground,Stick,1,18,0,0,0,78,79
4,56,ground,Torch,1,90,0,0,0,74,28
4,56,ground,Rope Snare,2,0,0,0,0,48,83
4,56,ground,Buckler,1,30,0,0,0,53,80
4,56,ground,River Fish,5,0,0,0,0,87,107
4,56,ground,Crossbow,1,0,0,1,16,56,103
4,56,ground,Hand Bell,1,0,80,0,0,72,96
4,56,ground,Lighter,1,0,20,0,0,48,101
4,56,carried,Buckler,1,30,0,0,0,87,53
4,56,ground,Acorn Mine,2,0,0,0,0,17,78
4,56,ground,Sap jar,1,0,0,0,0,74,53
4,56,ground,Splint,1,0,2,0,0,32,25
4,56,ground,Ammo,1,0,0,0,0,31,38
4,56,ground,Boomerang,1,0,0,0,0,39,98
4,56,ground,Ammo,1,0,0,0,0,37,96
4,56,ground,Ammo,1,0,0,0,0,14,81
4,56,ground,Medkit,1,0,0,0,0,7,100
4,56,ground,Bandage,2,0,0,0,0,12,96
4,56,ground,Bandage,2,0,0,0,0,13,96
4,56,ground,Ammo,1,0,0,0,0,13,105
4,56,ground,River Fish,4,0,0,0,0,63,60
4,56,ground,River Fish,2,0,0,0,0,70,72
4,56,ground,River Fish,3,0,0,0,0,77,84
4,56,ground,River Fish,4,0,0,0,0,88,92
4,56,ground,Mushroom spores,2,0,0,0,0,72,87
4,57,stored,Torch,1,90,0,0,0,78,79
4,57,ground,Stick,1,18,0,0,0,56,57
4,57,ground,River Fish,5,0,0,0,0,84,37
4,57,ground,Hunting Spear,1,45,0,0,0,94,32
4,57,ground,Hatchet,1,35,0,0,0,84,40
4,57,ground,Chili,1,0,0,0,0,102,37
4,57,ground,Hatchet,1,35,0,0,0,57,30
4,57,ground,Rope Hook,1,0,24,0,0,58,30
4,57,ground,Torch,1,90,0,0,0,35,35
4,57,carried,Buckler,1,30,0,0,0,36,60
4,57,carried,Buckler,1,30,0,0,0,19,56
4,57,ground,Bomb,2,0,0,0,0,112,33
4,57,ground,Rake,1,400,0,0,0,86,57
4,57,ground,Fungal Bread,1,0,0,0,0,77,55
4,57,ground,Lighter,1,0,20,0,0,77,74
4,57,ground,Ammo,1,0,0,0,0,101,76
4,57,ground,Ammo,1,0,0,0,0,125,77
4,57,ground,Cooked Meat,2,0,0,0,0,76,104
4,57,ground,Ammo,1,0,0,0,0,80,93
4,57,ground,Bandage,2,0,0,0,0,37,50
4,57,ground,Fungal Bread,1,0,0,0,0,85,14
4,57,ground,Ammo,1,0,0,0,0,118,102
4,57,ground,Ammo,1,0,0,0,0,107,59
4,57,ground,River Fish,3,0,0,0,0,72,19
4,57,ground,River Fish,4,0,0,0,0,71,7
4,57,ground,River Fish,5,0,0,0,0,81,3
4,57,stored,Spring Trap,2,0,0,0,0,119,81
4,57,stored,Water flask,2,0,0,0,0,123,79
4,57,stored,Straw Decoy,1,0,0,0,0,76,12
4,57,stored,Resin Glue,1,0,0,0,0,89,14
4,57,ground,Shield Lantern,1,24,0,0,0,15,58
4,57,ground,Lighter,1,0,20,0,0,121,35
4,57,ground,Hunting Horn,1,0,8,0,0,32,59
4,57,wall,Flint Knife,1,60,0,0,0,131,26
4,58,stored,Hunting Spear,1,45,0,0,0,78,56
4,58,ground,Stick,1,18,0,0,0,55,79
4,58,carried,Buckler,1,30,0,0,0,47,41
4,58,carried,Buckler,1,30,0,0,0,49,41
4,58,carried,Buckler,1,30,0,0,0,50,40
4,58,carried,Buckler,1,30,0,0,0,51,39
4,58,ground,Water flask,2,0,0,0,0,36,52
4,58,ground,Pickaxe,1,32,0,0,0,53,43
4,58,ground,Bow,1,0,0,20,0,104,20
4,58,ground,Chili,1,0,0,0,0,96,5
4,58,ground,Bow,1,0,0,20,0,121,75
4,58,ground,Rope Hook,1,0,24,0,0,122,75
4,58,ground,Torch,1,90,0,0,0,99,78
4,58,ground,Seed Bag,1,0,6,0,0,105,49
4,58,ground,Torch,1,90,0,0,0,63,98
4,58,ground,Thorn Caltrops,1,0,0,0,0,78,60
4,58,ground,Ammo,1,0,0,0,0,79,80
4,58,ground,Bandage,2,0,0,0,0,17,59
4,58,ground,Bandage,2,0,0,0,0,37,76
4,58,ground,Medkit,1,0,0,0,0,125,60
4,58,ground,Ammo,1,0,0,0,0,54,12
4,58,ground,Ammo,1,0,0,0,0,131,53
4,58,ground,River Fish,4,0,0,0,0,103,74
4,58,ground,River Fish,3,0,0,0,0,100,84
4,58,ground,Straw Decoy,1,0,0,0,0,97,49
4,58,ground,Medkit,1,0,0,0,0,33,73
4,58,wall,Bear Trap,2,0,0,0,0,67,58
4,59,stored,Pickaxe,1,32,0,0,0,56,99
4,59,ground,Stick,1,18,0,0,0,35,80
4,59,carried,Buckler,1,30,0,0,0,16,119
4,59,carried,Buckler,1,30,0,0,0,22,119
4,59,carried,Buckler,1,30,0,0,0,17,121
4,59,ground,Spring Trap,2,0,0,0,0,14,112
4,59,ground,Splint,1,0,2,0,0,17,104
4,59,ground,Pitch Bomb,2,0,0,0,0,39,22
4,59,ground,Cooked Meat,2,0,0,0,0,38,33
4,59,ground,Pocket Door,1,0,2,0,0,10,22
4,59,ground,Hatchet,1,35,0,0,0,78,127
4,59,ground,Rope Hook,1,0,24,0,0,79,127
4,59,ground,Torch,1,90,0,0,0,56,121
4,59,ground,Seed Bag,1,0,6,0,0,76,32
4,59,ground,Lighter,1,0,20,0,0,49,31
4,59,ground,Hatchet,1,35,0,0,0,16,53
4,59,ground,Torch,1,90,0,0,0,16,52
4,59,ground,Stick,1,18,0,0,0,16,82
4,59,ground,Root Drill,1,0,3,0,0,15,82
4,59,carried,Buckler,1,30,0,0,0,8,83
4,59,carried,Buckler,1,30,0,0,0,18,65
4,59,ground,Fungal Bread,2,0,0,0,0,14,70
4,59,ground,Fungal Bread,2,0,0,0,0,9,78
4,59,ground,Firecracker,2,0,0,0,0,13,57
4,59,carried,Buckler,1,30,0,0,0,72,57
4,59,ground,Flint Knife,1,60,0,0,0,76,39
4,59,ground,Ammo,1,0,0,0,0,39,60
4,59,ground,Medkit,1,0,0,0,0,76,53
4,59,ground,Bandage,2,0,0,0,0,75,52
4,59,ground,Bandage,2,0,0,0,0,76,58
4,59,ground,Hunting Spear,1,45,0,0,0,71,60
4,59,ground,Ammo,1,0,0,0,0,86,58
4,59,ground,Rake,1,400,0,0,0,31,51
4,59,ground,Water flask,2,0,0,0,0,42,54
4,60,stored,Stick,1,18,0,0,0,100,122
4,60,ground,Stick,1,18,0,0,0,79,57
4,60,ground,Flint Knife,1,60,0,0,0,144,95
4,60,ground,Rope Hook,1,0,24,0,0,145,95
4,60,ground,Torch,1,90,0,0,0,122,99
4,60,ground,Hatchet,1,35,0,0,0,73,95
4,60,ground,Torch,1,90,0,0,0,72,95
4,60,ground,Hatchet,1,35,0,0,0,103,95
4,60,ground,Root Drill,1,0,3,0,0,104,95
4,60,ground,Firecracker,2,0,0,0,0,70,101
4,60,ground,Firecracker,2,0,0,0,0,72,104
4,60,ground,River Fish,3,0,0,0,0,79,75
4,60,ground,River Fish,6,0,0,0,0,102,121
4,60,ground,Reflecting Pan,1,24,0,0,0,146,103
4,60,ground,Bird Seed,1,0,0,0,0,61,56
4,60,ground,Fungal Bread,1,0,0,0,0,58,50
4,60,ground,Mushroom spores,2,0,0,0,0,77,83
4,60,ground,Ammo,1,0,0,0,0,141,121
4,60,ground,Herb Bag,1,0,4,0,0,46,35
4,60,ground,Fungal Bread,1,0,0,0,0,73,125
4,60,ground,Ammo,1,0,0,0,0,29,40
4,60,ground,Ammo,1,0,0,0,0,10,17
4,60,ground,Ammo,1,0,0,0,0,124,71
4,60,ground,Buckler,1,30,0,0,0,63,32
4,60,ground,Pickaxe,1,32,0,0,0,85,118
4,60,wall,Torch,1,90,0,0,0,87,127
4,61,stored,Stick,1,18,0,0,0,33,121
4,61,ground,Stick,1,18,0,0,0,78,59
4,61,ground,River Fish,6,0,0,0,0,105,34
4,61,ground,Blunderbuss,1,0,0,2,14,58,30
4,61,ground,Flint Knife,1,60,0,0,0,34,11
4,61,ground,Rake,1,400,0,0,0,56,50
4,61,ground,Bandage,2,0,0,0,0,52,55
4,61,ground,Rake,1,400,0,0,0,33,61
4,61,ground,Bandage,2,0,0,0,0,36,52
4,61,ground,Ammo,1,0,0,0,0,7,58
4,61,ground,Herb Bag,1,0,4,0,0,79,32
4,61,ground,Ammo,1,0,0,0,0,5,100
4,61,ground,Ammo,1,0,0,0,0,31,125
4,61,ground,Ammo,1,0,0,0,0,26,12
4,61,ground,Resin Glue,1,0,0,0,0,37,78
4,61,wall,Thorn Caltrops,2,0,0,0,0,30,75
4,61,wall,Rope Snare,2,0,0,0,0,8,82
4,62,stored,Flint Knife,1,60,0,0,0,33,121
4,62,ground,Stick,1,18,0,0,0,78,80
4,62,ground,Hatchet,1,35,0,0,0,104,37
4,62,ground,Torch,1,90,0,0,0,104,38
4,62,ground,Torch,1,90,0,0,0,104,9
4,62,ground,Root Drill,1,0,3,0,0,104,8
4,62,carried,Buckler,1,30,0,0,0,98,31
4,62,ground,Firecracker,2,0,0,0,0,106,36
4,62,ground,Firecracker,2,0,0,0,0,96,18
4,62,ground,River Fish,4,0,0,0,0,59,98
4,62,ground,River Fish,4,0,0,0,0,32,98
4,62,ground,Flint Knife,1,60,0,0,0,27,124
4,62,ground,Pitch Bomb,2,0,0,0,0,71,74
4,62,ground,Lighter,1,0,20,0,0,58,74
4,62,ground,Ammo,1,0,0,0,0,56,71
4,62,ground,Torch,1,90,0,0,0,77,61
4,62,ground,Ammo,1,0,0,0,0,115,53
4,62,ground,Root Drill,1,0,3,0,0,56,56
4,62,ground,Ammo,1,0,0,0,0,56,57
4,62,ground,Bandage,2,0,0,0,0,72,5
4,62,ground,Medkit,1,0,0,0,0,126,29
4,62,ground,Ammo,1,0,0,0,0,59,127
4,62,ground,Bandage,2,0,0,0,0,127,31
4,62,ground,Ammo,1,0,0,0,0,120,39
4,62,ground,River Fish,2,0,0,0,0,49,110
4,62,ground,River Fish,3,0,0,0,0,36,115
4,62,ground,River Fish,2,0,0,0,0,25,121
4,62,ground,Sap jar,2,0,0,0,0,40,125
4,62,wall,Medkit,1,0,0,0,0,7,93
4,62,wall,Pickaxe,1,32,0,0,0,49,124
4,63,stored,Hatchet,1,35,0,0,0,57,33
4,63,ground,Stick,1,18,0,0,0,79,37
4,63,ground,Rope Snare,2,0,0,0,0,99,14
4,63,ground,Sticky Boots,1,0,4,0,0,104,17
4,63,ground,Hatchet,1,35,0,0,0,59,53
4,63,ground,Torch,1,90,0,0,0,59,52
4,63,ground,Hunting Spear,1,45,0,0,0,59,81
4,63,ground,Root Drill,1,0,3,0,0,58,81
4,63,carried,Buckler,1,30,0,0,0,55,71
4,63,ground,Firecracker,2,0,0,0,0,49,75
4,63,ground,Firecracker,2,0,0,0,0,53,62
4,63,ground,Firecracker,2,0,0,0,0,59,70
4,63,ground,Blunderbuss,1,0,0,2,14,98,37
4,63,ground,Throwing Rock,3,0,0,0,0,128,56
4,63,ground,Lantern Seed,1,0,0,0,0,52,25
4,63,ground,Bird Seed,1,0,0,0,0,60,16
4,63,ground,Herb Bag,1,0,4,0,0,47,12
4,63,ground,Bandage,2,0,0,0,0,57,98
4,63,ground,Ammo,1,0,0,0,0,97,60
4,63,ground,Medkit,1,0,0,0,0,128,52
4,63,ground,Throwing Net,2,0,0,0,0,16,83
4,63,ground,Ammo,1,0,0,0,0,6,79
4,63,ground,Ammo,1,0,0,0,0,118,55
4,63,ground,River Fish,3,0,0,0,0,72,61
4,63,ground,River Fish,5,0,0,0,0,84,61
4,63,ground,Stick,1,18,0,0,0,39,76
4,63,ground,Mushroom spores,2,0,0,0,0,94,53
4,63,ground,Crossbow,1,0,0,1,16,104,60
4,63,wall,Rope Hook,1,0,24,0,0,62,9
4,64,stored,Blunderbuss,1,0,0,2,14,56,143
4,64,ground,Stick,1,18,0,0,0,33,80
4,64,ground,Torch,1,90,0,0,0,29,49
4,64,ground,Lighter,1,0,20,0,0,34,46
4,64,ground,Herb Bag,1,0,4,0,0,41,55
4,64,ground,River Fish,4,0,0,0,0,79,79
4,64,ground,Fishing Line,1,0,20,0,0,79,80
4,64,ground,River Fish,6,0,0,0,0,73,27
4,64,carried,Buckler,1,30,0,0,0,94,34
4,64,ground,Blunderbuss,1,0,0,2,14,81,35
4,64,ground,Rake,1,400,0,0,0,53,78
4,64,ground,Bandage,2,0,0,0,0,58,76
4,64,ground,Rake,1,400,0,0,0,34,103
4,64,ground,Bandage,2,0,0,0,0,39,105
4,64,ground,Ammo,1,0,0,0,0,77,96
4,64,ground,Ammo,1,0,0,0,0,75,120
4,64,ground,Medkit,1,0,0,0,0,96,39
4,64,ground,Ammo,1,0,0,0,0,103,38
4,64,ground,River Fish,3,0,0,0,0,27,10
4,64,ground,Straw Decoy,1,0,0,0,0,85,62
4,64,wall,Digging Claws,1,200,0,0,0,82,46
4,65,stored,Flint Knife,1,60,0,0,0,35,35
4,65,ground,Stick,1,18,0,0,0,12,81
4,65,ground,Pitch Bomb,2,0,0,0,0,69,81
4,65,ground,Hatchet,1,35,0,0,0,16,60
4,65,ground,Torch,1,90,0,0,0,15,61
4,65,ground,Hatchet,1,35,0,0,0,16,29
4,65,ground,Root Drill,1,0,3,0,0,16,28
4,65,carried,Buckler,1,30,0,0,0,13,62
4,65,ground,Firecracker,2,0,0,0,0,14,61
4,65,ground,River Fish,4,0,0,0,0,56,36
4,65,ground,Fishing Line,1,0,20,0,0,54,39
4,65,ground,River Fish,4,0,0,0,0,41,40
4,65,ground,Fishing Line,1,0,20,0,0,40,42
4,65,ground,Mushroom spores,2,0,0,0,0,14,102
4,65,ground,Water flask,2,0,0,0,0,58,37
4,65,ground,Water flask,2,0,0,0,0,28,35
4,65,ground,Straw Decoy,1,0,0,0,0,84,41
4,65,ground,Ammo,1,0,0,0,0,74,29
4,65,ground,Medkit,1,0,0,0,0,56,11
4,65,ground,Fungal Bread,1,0,0,0,0,8,106
4,65,ground,Fungal Bread,1,0,0,0,0,53,99
4,65,ground,Ammo,1,0,0,0,0,63,12
4,65,ground,River Fish,4,0,0,0,0,36,43
4,65,ground,River Fish,4,0,0,0,0,28,52
4,65,ground,Crossbow,1,0,0,1,16,30,75
4,65,ground,Bow,1,0,0,20,0,60,100
4,65,wall,Pickaxe,1,32,0,0,0,47,34
4,65,wall,Medkit,1,0,0,0,0,39,49
4,65,wall,Bear Trap,2,0,0,0,0,35,62
4,66,stored,Flint Knife,1,60,0,0,0,144,57
4,66,ground,Stick,1,18,0,0,0,78,15
4,66,ground,Sap jar,2,0,0,0,0,89,81
4,66,ground,Bandaid,5,0,0,0,0,101,54
4,66,ground,Medkit,1,0,0,0,0,90,71
4,66,ground,Digging Claws,1,200,0,0,0,84,51
4,66,ground,River Fish,5,0,0,0,0,61,63
4,66,ground,Flint Knife,1,60,0,0,0,51,70
4,66,ground,Seed Bag,1,0,6,0,0,119,34
4,66,ground,Pitch Bomb,2,0,0,0,0,130,55
4,66,ground,Bandage,3,0,0,0,0,128,45
4,66,ground,Rope Snare,2,0,0,0,0,127,30
4,66,ground,Hatchet,1,35,0,0,0,83,38
4,66,ground,Torch,1,90,0,0,0,84,38
4,66,ground,Wooden Maul,1,24,0,0,0,51,38
4,66,ground,Root Drill,1,0,3,0,0,51,37
4,66,carried,Buckler,1,30,0,0,0,75,40
4,66,ground,Firecracker,2,0,0,0,0,74,40
4,66,ground,Hunting Spear,1,45,0,0,0,36,38
4,66,ground,Bear Trap,2,0,0,0,0,99,31
4,66,ground,Ammo,2,0,0,0,0,50,15
4,66,ground,Ammo,1,0,0,0,0,49,7
4,66,ground,Medkit,1,0,0,0,0,99,28
4,66,ground,Rake,1,400,0,0,0,141,59
4,66,ground,Ammo,1,0,0,0,0,146,51
4,66,ground,Ammo,1,0,0,0,0,28,35
4,66,ground,Bandage,2,0,0,0,0,100,29
4,66,ground,Bandage,2,0,0,0,0,102,37
4,66,ground,Pickaxe,1,32,0,0,0,105,28
4,66,ground,Ammo,1,0,0,0,0,92,31
4,66,ground,Torch,1,90,0,0,0,30,30
4,66,ground,Sap jar,2,0,0,0,0,140,65
4,67,stored,Stick,1,18,0,0,0,33,34
4,67,ground,Stick,1,18,0,0,0,78,58
4,67,ground,River Fish,6,0,0,0,0,53,49
4,67,ground,Flint Knife,1,60,0,0,0,58,74
4,67,ground,Bow,1,0,0,20,0,50,78
4,67,ground,Throwing Net,2,0,0,0,0,54,13
4,67,ground,Hatchet,1,35,0,0,0,51,6
4,67,carried,Buckler,1,30,0,0,0,101,32
4,67,ground,Throwing Rock,3,0,0,0,0,60,19
4,67,ground,Ammo,2,0,0,0,0,85,39
4,67,ground,Fungal Bread,1,0,0,0,0,72,28
4,67,ground,Thorn Caltrops,1,0,0,0,0,106,28
4,67,ground,Fungal Bread,1,0,0,0,0,103,8
4,67,ground,Medkit,1,0,0,0,0,12,34
4,67,ground,Ammo,1,0,0,0,0,96,57
4,67,ground,Ammo,1,0,0,0,0,17,37
4,67,ground,Boomerang,1,0,0,0,0,96,37
4,67,wall,Water flask,2,0,0,0,0,18,81
4,68,stored,Torch,1,90,0,0,0,56,101
4,68,ground,Stick,1,18,0,0,0,79,59
4,68,ground,Medkit,1,0,0,0,0,11,33
4,68,ground,Mushroom spores,2,0,0,0,0,41,61
4,68,ground,River Fish,6,0,0,0,0,58,75
4,68,ground,River Fish,6,0,0,0,0,33,130
4,68,ground,Flint Knife,1,60,0,0,0,62,116
4,68,carried,Buckler,1,30,0,0,0,12,61
4,68,ground,Seed Bag,1,0,6,0,0,58,105
4,68,ground,Rake,1,400,0,0,0,58,54
4,68,ground,Ammo,1,0,0,0,0,57,54
4,68,ground,Lighter,1,0,20,0,0,75,78
4,68,ground,Ammo,1,0,0,0,0,80,77
4,68,ground,Ammo,1,0,0,0,0,32,12
4,68,ground,Pocket Door,1,0,2,0,0,34,82
4,68,ground,Ammo,1,0,0,0,0,29,78
4,68,ground,Ammo,1,0,0,0,0,52,100
4,68,ground,Medkit,1,0,0,0,0,9,57
4,68,ground,Bandage,2,0,0,0,0,20,58
4,68,ground,Bandage,2,0,0,0,0,16,53
4,68,stored,Throwing Rock,3,0,0,0,0,58,99
4,68,ground,Mushroom spores,2,0,0,0,0,73,103
4,68,ground,Straw Decoy,1,0,0,0,0,82,86
4,68,ground,Splint,1,0,2,0,0,74,68
4,68,ground,Mushroom spores,2,0,0,0,0,69,98
4,68,wall,Sticky Boots,1,0,4,0,0,66,58
4,69,stored,Flint Knife,1,60,0,0,0,13,99
4,69,ground,Stick,1,18,0,0,0,78,37
4,69,ground,Torch,1,90,0,0,0,73,69
4,69,ground,Hunting Spear,1,45,0,0,0,104,34
4,69,carried,Buckler,1,30,0,0,0,34,99
4,69,ground,Torch,1,90,0,0,0,35,103
4,69,ground,Lighter,1,0,20,0,0,49,33
4,69,ground,Oil flask,1,0,0,0,0,32,38
4,69,ground,Herb Bag,1,0,4,0,0,33,59
4,69,ground,Flint Knife,1,60,0,0,0,19,33
4,69,ground,Ammo,1,0,0,0,0,15,39
4,69,ground,Herb Bag,1,0,4,0,0,46,53
4,69,ground,Herb Bag,1,0,4,0,0,13,57
4,69,ground,Ammo,1,0,0,0,0,59,96
4,69,ground,Rake,1,400,0,0,0,63,50
4,69,ground,Stick,1,18,0,0,0,59,58
4,69,ground,Stick,1,18,0,0,0,30,94
4,69,wall,Cooked Meat,2,0,0,0,0,43,57
4,70,stored,Stick,1,18,0,0,0,12,99
4,70,ground,Stick,1,18,0,0,0,35,81
4,70,ground,Bow,1,0,0,20,0,94,95
4,70,ground,Rake,1,400,0,0,0,81,99
4,70,ground,River Fish,3,0,0,0,0,34,52
4,70,ground,Fishing Line,1,0,20,0,0,35,49
4,70,ground,River Fish,6,0,0,0,0,15,54
4,70,ground,Fishing Line,1,0,20,0,0,19,54
4,70,ground,Hatchet,1,35,0,0,0,16,105
4,70,ground,Honey pot,1,0,0,0,0,20,103
4,70,carried,Buckler,1,30,0,0,0,54,39
4,70,carried,Buckler,1,30,0,0,0,86,37
4,70,ground,Flint Knife,1,60,0,0,0,80,98
4,70,ground,Water flask,2,0,0,0,0,38,60
4,70,ground,Rake,1,400,0,0,0,32,94
4,70,ground,Herb Bag,1,0,4,0,0,30,106
4,70,ground,Fungal Bread,1,0,0,0,0,60,59
4,70,ground,Ammo,1,0,0,0,0,98,53
4,70,ground,Herb Bag,1,0,4,0,0,51,100
4,70,ground,Ammo,1,0,0,0,0,102,33
4,70,ground,Ammo,1,0,0,0,0,82,34
4,70,ground,Hatchet,1,35,0,0,0,108,34
4,70,ground,Flint Knife,1,60,0,0,0,77,55
4,70,ground,Fried Egg,2,0,0,0,0,74,61
4,70,ground,Mushroom spores,2,0,0,0,0,62,38
4,70,wall,Cooked Meat,2,0,0,0,0,53,50
4,70,wall,Boomerang,1,0,0,0,0,14,74
4,70,wall,Boomerang,1,0,0,0,0,19,95
4,71,stored,Hatchet,1,35,0,0,0,11,33
4,71,ground,Stick,1,18,0,0,0,79,81
4,71,carried,Buckler,1,30,0,0,0,81,121
4,71,carried,Buckler,1,30,0,0,0,86,122
4,71,carried,Buckler,1,30,0,0,0,85,125
4,71,carried,Buckler,1,30,0,0,0,82,120
4,71,ground,Bow,1,0,0,20,0,83,103
4,71,ground,Pitch Bomb,2,0,0,0,0,39,37
4,71,ground,Splint,1,0,2,0,0,60,24
4,71,ground,Rake,1,400,0,0,0,49,18
4,71,ground,Rake,1,400,0,0,0,31,21
4,71,ground,Flint Knife,1,60,0,0,0,98,53
4,71,ground,Pickaxe,1,32,0,0,0,103,58
4,71,ground,Hatchet,1,35,0,0,0,76,57
4,71,carried,Buckler,1,30,0,0,0,35,53
4,71,ground,Sap jar,2,0,0,0,0,89,122
4,71,ground,Torch,1,90,0,0,0,95,81
4,71,ground,Lighter,1,0,20,0,0,18,35
4,71,ground,Ammo,1,0,0,0,0,12,36
4,71,ground,Medkit,1,0,0,0,0,33,61
4,71,ground,Blink Seed,2,0,0,0,0,63,76
4,71,ground,Ammo,1,0,0,0,0,53,71
4,71,ground,Bandage,2,0,0,0,0,31,54
4,71,ground,Bandage,2,0,0,0,0,30,53
4,71,ground,Ammo,1,0,0,0,0,33,59
4,71,ground,Lighter,1,0,20,0,0,60,62
4,71,ground,Stick,1,18,0,0,0,104,76
4,71,ground,Rake,1,400,0,0,0,107,82
4,71,wall,Thorn Caltrops,2,0,0,0,0,54,46
4,72,stored,Pickaxe,1,32,0,0,0,34,11
4,72,ground,Stick,1,18,0,0,0,34,81
4,72,carried,Buckler,1,30,0,0,0,32,42
4,72,carried,Buckler,1,30,0,0,0,34,48
4,72,carried,Buckler,1,30,0,0,0,34,42
4,72,carried,Buckler,1,30,0,0,0,30,45
4,72,ground,Flint Knife,1,60,0,0,0,13,46
4,72,ground,Stick,1,18,0,0,0,24,42
4,72,ground,Boomerang,1,0,0,0,0,64,55
4,72,ground,Bird Seed,3,0,0,0,0,80,63
4,72,ground,Hatchet,1,35,0,0,0,94,81
4,72,ground,Torch,1,90,0,0,0,94,82
4,72,ground,Stick,1,18,0,0,0,94,51
4,72,ground,Root Drill,1,0,3,0,0,94,50
4,72,carried,Buckler,1,30,0,0,0,91,80
4,72,ground,Firecracker,2,0,0,0,0,106,48
4,72,ground,Shield Lantern,1,24,0,0,0,58,60
4,72,ground,Hatchet,1,35,0,0,0,100,104
4,72,ground,Ammo,1,0,0,0,0,104,108
4,72,ground,Medkit,1,0,0,0,0,79,96
4,72,ground,Ammo,1,0,0,0,0,42,9
4,72,ground,Digging Claws,1,200,0,0,0,6,9
4,72,ground,Ammo,1,0,0,0,0,13,13
4,72,ground,Ammo,1,0,0,0,0,104,123
4,72,ground,Bandage,2,0,0,0,0,74,103
4,72,ground,Bandage,2,0,0,0,0,81,101
4,72,ground,Ammo,1,0,0,0,0,80,109
4,72,ground,River Fish,2,0,0,0,0,83,78
4,72,ground,River Fish,3,0,0,0,0,95,85
4,72,ground,Fungal Bread,1,0,0,0,0,102,129
4,72,ground,Bandage,3,0,0,0,0,32,2
4,72,ground,Torch,1,90,0,0,0,92,115
4,72,ground,Throwing Rock,3,0,0,0,0,102,88
4,73,stored,Crossbow,1,0,0,1,16,100,35
4,73,ground,Stick,1,18,0,0,0,33,81
4,73,ground,Pickaxe,1,32,0,0,0,100,64
4,73,ground,Lighter,1,0,20,0,0,95,66
4,73,ground,Torch,1,90,0,0,0,7,31
4,73,ground,Hunting Spear,1,45,0,0,0,59,55
4,73,ground,Throwing Net,2,0,0,0,0,60,55
4,73,ground,Torch,1,90,0,0,0,57,79
4,73,ground,River Fish,4,0,0,0,0,69,35
4,73,ground,Hatchet,1,35,0,0,0,98,88
4,73,ground,Bird Seed,1,0,0,0,0,33,50
4,73,ground,Herb Bag,1,0,4,0,0,31,50
4,73,ground,Bird Seed,1,0,0,0,0,84,103
4,73,ground,Fungal Bread,1,0,0,0,0,82,97
4,73,ground,Bitter Root,1,0,0,0,0,96,102
4,73,ground,Ammo,1,0,0,0,0,99,96
4,73,ground,Ammo,1,0,0,0,0,94,38
4,73,ground,Medkit,1,0,0,0,0,59,32
4,73,ground,Ammo,1,0,0,0,0,58,40
4,73,ground,River Fish,5,0,0,0,0,53,50
4,73,ground,Splint,1,0,2,0,0,75,100
4,73,ground,Digging Claws,1,200,0,0,0,38,100
4,73,wall,Bomb,2,0,0,0,0,43,104
4,74,stored,Torch,1,90,0,0,0,101,79
4,74,ground,Stick,1,18,0,0,0,57,79
4,74,ground,Hatchet,1,35,0,0,0,77,38
4,74,ground,River Fish,4,0,0,0,0,31,75
4,74,ground,Fishing Line,1,0,20,0,0,27,75
4,74,ground,River Fish,3,0,0,0,0,105,122
4,74,carried,Buckler,1,30,0,0,0,101,143
4,74,carried,Buckler,1,30,0,0,0,62,93
4,74,carried,Buckler,1,30,0,0,0,100,79
4,74,carried,Buckler,1,30,0,0,0,104,96
4,74,ground,Mushroom spores,2,0,0,0,0,79,149
4,74,ground,Mushroom spores,2,0,0,0,0,29,77
4,74,ground,Chili,1,0,0,0,0,58,108
4,74,ground,Fungal Bread,1,0,0,0,0,14,81
4,74,ground,Ammo,1,0,0,0,0,81,118
4,74,ground,Herb Bag,1,0,4,0,0,101,139
4,74,ground,Medkit,1,0,0,0,0,81,150
4,74,ground,Ammo,1,0,0,0,0,71,150
4,74,ground,River Fish,5,0,0,0,0,106,102
4,74,stored,Sap jar,2,0,0,0,0,103,125
4,74,stored,Seed Bag,1,0,6,0,0,94,120
4,74,wall,Boomerang,1,0,0,0,0,100,92
4,75,stored,Flint Knife,1,60,0,0,0,34,35
4,75,ground,Stick,1,18,0,0,0,56,80
4,75,ground,Boomerang,1,0,0,0,0,74,69
4,75,ground,Pickaxe,1,32,0,0,0,9,10
4,75,ground,Resin Glue,1,0,0,0,0,17,8
4,75,ground,Bow,1,0,0,20,0,59,13
4,75,ground,Throwing Net,2,0,0,0,0,60,13
4,75,ground,Torch,1,90,0,0,0,56,35
4,75,ground,Bow,1,0,0,20,0,33,80
4,75,ground,Stick,1,18,0,0,0,28,40
4,75,ground,Honey pot,1,0,0,0,0,29,39
4,75,carried,Buckler,1,30,0,0,0,11,37
4,75,ground,Bow,1,0,0,20,0,13,20
4,75,ground,Pickaxe,1,32,0,0,0,52,62
4,75,ground,Ammo,1,0,0,0,0,58,64
4,75,ground,Root Drill,1,0,3,0,0,51,101
4,75,ground,Ammo,1,0,0,0,0,52,99
4,75,ground,Bird Seed,1,0,0,0,0,35,40
4,75,ground,Fungal Bread,1,0,0,0,0,28,42
4,75,ground,Herb Bag,1,0,4,0,0,74,14
4,75,ground,Medkit,1,0,0,0,0,15,33
4,75,ground,Ammo,1,0,0,0,0,10,33
4,75,stored,Torch,1,90,0,0,0,59,55
4,75,ground,Torch,1,90,0,0,0,84,13
4,75,ground,Seed Bag,1,0,6,0,0,79,17
4,76,stored,Hatchet,1,35,0,0,0,11,57
4,76,ground,Stick,1,18,0,0,0,79,80
4,76,ground,Bow,1,0,0,20,0,53,100
4,76,ground,Rope Hook,1,0,24,0,0,54,100
4,76,ground,Torch,1,90,0,0,0,57,123
4,76,ground,Hatchet,1,35,0,0,0,50,81
4,76,ground,Torch,1,90,0,0,0,51,82
4,76,ground,Hatchet,1,35,0,0,0,50,52
4,76,ground,Root Drill,1,0,3,0,0,52,51
4,76,carried,Buckler,1,30,0,0,0,52,57
4,76,carried,Buckler,1,30,0,0,0,55,80
4,76,ground,Fungal Bread,2,0,0,0,0,61,80
4,76,ground,Fungal Bread,2,0,0,0,0,47,53
4,76,ground,River Fish,5,0,0,0,0,39,95
4,76,ground,Fishing Line,1,0,20,0,0,42,92
4,76,ground,River Fish,3,0,0,0,0,29,53
4,76,ground,Buckler,1,30,0,0,0,37,138
4,76,ground,Ammo,1,0,0,0,0,77,96
4,76,ground,Lighter,1,0,20,0,0,43,76
4,76,ground,Mushroom spores,2,0,0,0,0,42,98
4,76,ground,Ammo,1,0,0,0,0,79,125
4,76,ground,Straw Decoy,1,0,0,0,0,11,96
4,76,ground,Ammo,1,0,0,0,0,8,95
4,76,ground,Herb Bag,1,0,4,0,0,106,130
4,76,ground,Medkit,1,0,0,0,0,16,76
4,76,ground,Bandage,2,0,0,0,0,10,71
4,76,ground,Ammo,1,0,0,0,0,15,74
4,76,ground,River Fish,2,0,0,0,0,85,100
4,76,ground,Stick,1,18,0,0,0,26,127
4,77,stored,Flint Knife,1,60,0,0,0,79,34
4,77,ground,Stick,1,18,0,0,0,34,80
4,77,ground,River Fish,6,0,0,0,0,51,106
4,77,ground,Thorn Caltrops,2,0,0,0,0,59,127
4,77,ground,Rope Snare,2,0,0,0,0,56,121
4,77,ground,Torch,1,90,0,0,0,62,125
4,77,ground,Stick,1,18,0,0,0,29,34
4,77,ground,Throwing Net,2,0,0,0,0,30,34
4,77,ground,Torch,1,90,0,0,0,33,57
4,77,ground,Pickaxe,1,32,0,0,0,12,126
4,77,ground,Throwing Net,2,0,0,0,0,38,120
4,77,ground,Wolf Whistle,1,0,8,0,0,36,125
4,77,ground,Sap jar,2,0,0,0,0,15,125
4,77,ground,Resin Glue,1,0,0,0,0,52,74
4,77,ground,Ammo,1,0,0,0,0,51,84
4,77,ground,Lighter,1,0,20,0,0,55,34
4,77,ground,Ammo,1,0,0,0,0,73,35
4,77,ground,Splint,1,0,2,0,0,80,11
4,77,ground,Ammo,1,0,0,0,0,84,12
4,77,ground,Medkit,1,0,0,0,0,63,63
4,77,ground,Ammo,1,0,0,0,0,79,124
4,77,ground,Bandage,2,0,0,0,0,46,59
4,77,ground,Bandage,2,0,0,0,0,46,54
4,77,ground,Ammo,1,0,0,0,0,58,64
4,77,ground,River Fish,2,0,0,0,0,67,48
4,77,ground,River Fish,4,0,0,0,0,66,67
4,77,ground,River Fish,2,0,0,0,0,45,67
4,77,ground,River Fish,3,0,0,0,0,32,94
4,77,ground,Mushroom spores,2,0,0,0,0,78,61
4,77,ground,Acorn Mine,2,0,0,0,0,61,84
4,77,ground,Fried Egg,2,0,0,0,0,86,38
4,77,wall,Sap jar,2,0,0,0,0,79,51
4,78,stored,Bow,1,0,0,20,0,11,79
4,78,ground,Stick,1,18,0,0,0,77,80
4,78,ground,River Fish,6,0,0,0,0,58,102
4,78,ground,Wooden Maul,1,24,0,0,0,32,99
4,78,ground,Mushroom spores,2,0,0,0,0,57,90
4,78,ground,Water flask,2,0,0,0,0,54,103
4,78,ground,Bandage,3,0,0,0,0,61,94
4,78,ground,River Fish,5,0,0,0,0,58,12
4,78,ground,Fishing Line,1,0,20,0,0,58,11
4,78,ground,Pickaxe,1,32,0,0,0,62,78
4,78,ground,Rake,1,400,0,0,0,78,62
4,78,ground,Fungal Bread,1,0,0,0,0,75,58
4,78,ground,Ammo,1,0,0,0,0,63,49
4,78,ground,Egg,3,0,0,0,0,63,78
4,78,ground,Herb Bag,1,0,4,0,0,52,80
4,78,ground,Fungal Bread,1,0,0,0,0,57,32
4,78,ground,Ammo,1,0,0,0,0,33,39
4,78,ground,Pocket Door,1,0,2,0,0,16,98
4,78,ground,Ammo,1,0,0,0,0,8,98
4,78,ground,Ammo,1,0,0,0,0,9,55
4,79,stored,Crossbow,1,0,0,1,16,101,56
4,79,ground,Stick,1,18,0,0,0,77,36
4,79,ground,Digging Claws,1,200,0,0,0,31,69
4,79,ground,Lighter,1,0,20,0,0,28,58
4,79,ground,Hatchet,1,35,0,0,0,40,62
4,79,ground,Rope Hook,1,0,24,0,0,38,53
4,79,ground,Hunting Spear,1,45,0,0,0,18,29
4,79,ground,Resin Glue,1,0,0,0,0,33,41
4,79,ground,Bow,1,0,0,20,0,79,99
4,79,ground,Lighter,1,0,20,0,0,53,106
4,79,ground,River Fish,6,0,0,0,0,55,13
4,79,ground,Pickaxe,1,32,0,0,0,69,97
4,79,ground,Blink Seed,2,0,0,0,0,50,35
4,79,ground,Fungal Bread,1,0,0,0,0,59,37
4,79,ground,Scarecrow,1,0,0,0,0,76,55
4,79,ground,Bandage,2,0,0,0,0,78,57
4,79,ground,Ammo,1,0,0,0,0,80,83
4,79,ground,Ammo,1,0,0,0,0,44,96
4,79,ground,Rabbit Charm,1,0,0,0,0,39,11
4,79,ground,Ammo,1,0,0,0,0,35,14
4,79,ground,Medkit,1,0,0,0,0,10,99
4,79,ground,Ammo,1,0,0,0,0,101,53
4,79,ground,Ammo,1,0,0,0,0,11,101
4,79,stored,Seed Bag,1,0,6,0,0,61,32
4,79,ground,Resin Glue,1,0,0,0,0,81,73
4,80,stored,Flint Knife,1,60,0,0,0,143,77
4,80,ground,Stick,1,18,0,0,0,79,57
4,80,ground,Hatchet,1,35,0,0,0,59,52
4,80,ground,River Fish,5,0,0,0,0,103,82
4,80,ground,Bow,1,0,0,20,0,128,79
4,80,ground,Torch,1,90,0,0,0,12,76
4,80,ground,Rope Snare,2,0,0,0,0,21,66
4,80,ground,Rake,1,400,0,0,0,17,75
4,80,ground,Reflecting Pan,1,24,0,0,0,6,84
4,80,ground,Flint Knife,1,60,0,0,0,104,56
4,80,carried,Buckler,1,30,0,0,0,37,15
4,80,ground,Rope Hook,1,0,24,0,0,21,65
4,80,ground,Lighter,1,0,20,0,0,106,54
4,80,ground,Water flask,2,0,0,0,0,138,78
4,80,ground,Ammo,1,0,0,0,0,151,77
4,80,ground,Medkit,1,0,0,0,0,149,56
4,80,ground,Ammo,1,0,0,0,0,33,73
4,80,ground,Ammo,1,0,0,0,0,120,51
4,80,ground,Fungal Bread,1,0,0,0,0,9,37
4,80,ground,Fungal Bread,1,0,0,0,0,34,15
4,80,ground,Ammo,1,0,0,0,0,145,54
4,80,stored,Hunting Horn,1,0,8,0,0,34,19
4,80,stored,Mushroom spores,2,0,0,0,0,30,6
4,80,stored,Sleep Meds,3,0,0,0,0,142,81
4,80,stored,Smoke pot,2,0,0,0,0,140,73
4,80,stored,Ammo,2,0,0,0,0,137,82
4,80,ground,Smoke pot,2,0,0,0,0,27,12
4,80,wall,Boomerang,1,0,0,0,0,8,30
4,81,stored,Stick,1,18,0,0,0,35,13
4,81,ground,Stick,1,18,0,0,0,12,81
4,81,ground,Stick,1,18,0,0,0,57,34
4,81,ground,Stick,1,18,0,0,0,55,65
4,81,ground,Bomb,2,0,0,0,0,53,43
4,81,ground,Hatchet,1,35,0,0,0,52,30
4,81,ground,Hatchet,1,35,0,0,0,38,37
4,81,ground,Sap jar,2,0,0,0,0,52,77
4,81,ground,Resin Glue,1,0,0,0,0,7,58
4,81,ground,Ammo,1,0,0,0,0,18,54
4,81,ground,Water flask,2,0,0,0,0,38,57
4,81,ground,Ammo,1,0,0,0,0,31,50
4,81,ground,Fungal Bread,1,0,0,0,0,58,97
4,81,ground,Ammo,1,0,0,0,0,18,30
4,81,ground,Ammo,1,0,0,0,0,39,102
4,81,ground,Bandage,2,0,0,0,0,33,18
4,81,ground,Medkit,1,0,0,0,0,12,17
4,81,ground,Ammo,1,0,0,0,0,12,5
4,81,ground,Medkit,1,0,0,0,0,17,41
4,81,wall,Torch,1,90,0,0,0,44,83
4,82,stored,Torch,1,90,0,0,0,33,101
4,82,ground,Stick,1,18,0,0,0,55,80
4,82,ground,River Fish,6,0,0,0,0,60,107
4,82,ground,Pickaxe,1,32,0,0,0,57,121
4,82,ground,Blunderbuss,1,0,0,2,14,79,61
4,82,ground,Rope Hook,1,0,24,0,0,80,61
4,82,ground,Torch,1,90,0,0,0,57,56
4,82,ground,Root Drill,1,0,3,0,0,56,35
4,82,ground,Seed Bag,1,0,6,0,0,39,29
4,82,ground,Pickaxe,1,32,0,0,0,59,30
4,82,ground,River Fish,4,0,0,0,0,33,83
4,82,ground,Fishing Line,1,0,20,0,0,31,80
4,82,carried,Buckler,1,30,0,0,0,14,11
4,82,ground,Pickaxe,1,32,0,0,0,43,68
4,82,ground,Water flask,2,0,0,0,0,31,83
4,82,ground,Bird Seed,1,0,0,0,0,39,54
4,82,ground,Fungal Bread,1,0,0,0,0,34,52
4,82,ground,Medkit,1,0,0,0,0,8,7
4,82,ground,Ammo,1,0,0,0,0,82,80
4,82,ground,Fungal Bread,1,0,0,0,0,51,11
4,82,ground,Ammo,1,0,0,0,0,11,8
4,82,ground,Rope Snare,2,0,0,0,0,53,16
4,82,ground,Bandage,3,0,0,0,0,76,77
4,82,ground,Pickaxe,1,32,0,0,0,37,66
4,82,wall,Rope Hook,1,0,24,0,0,46,72
4,82,wall,Stick,1,18,0,0,0,40,84
4,82,wall,Cooked Meat,2,0,0,0,0,44,98
4,83,stored,Flint Knife,1,60,0,0,0,35,12
4,83,ground,Stick,1,18,0,0,0,78,79
4,83,ground,Stick,1,18,0,0,0,81,14
4,83,ground,Bitter Root,1,0,0,0,0,77,9
4,83,ground,Cooked Meat,2,0,0,0,0,75,14
4,83,ground,Torch,1,90,0,0,0,83,9
4,83,ground,Bow,1,0,0,20,0,12,74
4,83,ground,Honey pot,1,0,0,0,0,14,73
4,83,carried,Buckler,1,30,0,0,0,101,11
4,83,ground,Thorn Caltrops,2,0,0,0,0,84,37
4,83,ground,Mushroom spores,2,0,0,0,0,75,57
4,83,ground,Pickaxe,1,32,0,0,0,61,58
4,83,ground,Herb Bag,1,0,4,0,0,60,50
4,83,ground,Herb Bag,1,0,4,0,0,99,8
4,83,ground,Herb Bag,1,0,4,0,0,57,6
4,83,ground,Ammo,1,0,0,0,0,14,74
4,83,ground,Ammo,1,0,0,0,0,117,9
4,83,ground,River Fish,2,0,0,0,0,45,66
4,83,ground,River Fish,5,0,0,0,0,54,58
4,83,ground,River Fish,4,0,0,0,0,63,50
4,83,stored,Ammo,2,0,0,0,0,54,13
4,83,ground,Water flask,2,0,0,0,0,55,81
4,83,ground,Resin Glue,1,0,0,0,0,53,30
4,83,wall,Mushroom spores,2,0,0,0,0,43,47
4,83,wall,Buckler,1,30,0,0,0,48,72
4,84,stored,Pickaxe,1,32,0,0,0,100,78
4,84,ground,Stick,1,18,0,0,0,57,37
4,84,ground,Stick,1,18,0,0,0,31,79
4,84,ground,Rope Hook,1,0,24,0,0,32,79
4,84,ground,Torch,1,90,0,0,0,33,55
4,84,ground,River Fish,5,0,0,0,0,79,13
4,84,ground,Reflecting Pan,1,24,0,0,0,76,34
4,84,ground,Ammo,1,0,0,0,0,60,55
4,84,ground,Ammo,1,0,0,0,0,56,5
4,84,ground,Water flask,2,0,0,0,0,79,7
4,84,ground,Throwing Rock,3,0,0,0,0,79,36
4,84,ground,Fungal Bread,1,0,0,0,0,77,30
4,84,ground,Rabbit Charm,1,0,0,0,0,96,13
4,84,ground,Ammo,1,0,0,0,0,101,7
4,84,ground,Herb Bag,1,0,4,0,0,107,55
4,84,ground,Fungal Bread,1,0,0,0,0,38,40
4,84,ground,Ammo,1,0,0,0,0,14,106
4,84,ground,River Fish,5,0,0,0,0,90,28
4,84,ground,River Fish,4,0,0,0,0,72,25
4,84,ground,River Fish,2,0,0,0,0,54,22
4,84,ground,River Fish,2,0,0,0,0,36,19
4,84,ground,River Fish,3,0,0,0,0,18,16
4,84,stored,Oil flask,2,0,0,0,0,13,75
4,84,stored,Lighter,1,0,20,0,0,7,77
4,84,ground,Rope Hook,1,0,24,0,0,55,13
4,84,ground,Resin Glue,1,0,0,0,0,41,33
4,84,ground,Fried Egg,2,0,0,0,0,32,27
4,84,wall,Acorn Mine,2,0,0,0,0,49,70
4,85,stored,Flint Knife,1,60,0,0,0,34,35
4,85,ground,Stick,1,18,0,0,0,78,35
4,85,ground,Pickaxe,1,32,0,0,0,115,104
4,85,ground,Scarecrow,1,0,0,0,0,106,76
4,85,ground,River Fish,4,0,0,0,0,97,52
4,85,ground,River Fish,4,0,0,0,0,29,39
4,85,ground,Hatchet,1,35,0,0,0,100,57
4,85,ground,Bird Seed,1,0,0,0,0,74,63
4,85,ground,Herb Bag,1,0,4,0,0,71,56
4,85,ground,Ammo,1,0,0,0,0,56,61
4,85,ground,Water flask,2,0,0,0,0,94,54
4,85,ground,Ammo,1,0,0,0,0,124,28
4,85,ground,Ammo,1,0,0,0,0,75,87
4,85,ground,Ammo,1,0,0,0,0,61,10
4,85,ground,Fungal Bread,1,0,0,0,0,95,13
4,85,ground,Medkit,1,0,0,0,0,126,15
4,85,ground,Ammo,1,0,0,0,0,132,12
4,85,ground,River Fish,2,0,0,0,0,69,71
4,85,ground,River Fish,2,0,0,0,0,37,91
4,85,ground,River Fish,2,0,0,0,0,20,100
4,85,ground,Resin Glue,1,0,0,0,0,11,103
4,85,wall,Wooden Maul,1,24,0,0,0,111,15
4,85,wall,Smoke pot,2,0,0,0,0,94,36
4,86,stored,Stick,1,18,0,0,0,33,77
4,86,ground,Stick,1,18,0,0,0,33,37
4,86,ground,Blunderbuss,1,0,0,2,14,101,39
4,86,ground,Rope Hook,1,0,24,0,0,102,39
4,86,ground,Torch,1,90,0,0,0,79,33
4,86,carried,Buckler,1,30,0,0,0,80,96
4,86,carried,Buckler,1,30,0,0,0,106,85
4,86,ground,Spring Trap,2,0,0,0,0,8,99
4,86,ground,Bird Seed,1,0,0,0,0,34,60
4,86,ground,Bandage,2,0,0,0,0,32,60
4,86,ground,Egg,3,0,0,0,0,33,79
4,86,ground,Bandage,2,0,0,0,0,35,79
4,86,ground,Ammo,1,0,0,0,0,62,52
4,86,ground,Ammo,1,0,0,0,0,38,106
4,86,ground,Ammo,1,0,0,0,0,61,32
4,86,ground,Fungal Bread,1,0,0,0,0,76,59
4,86,ground,Ammo,1,0,0,0,0,16,74
4,86,ground,Ammo,1,0,0,0,0,105,75
4,86,ground,Hunting Spear,1,45,0,0,0,81,100
4,86,ground,Digging Claws,1,200,0,0,0,55,104
4,86,ground,Mushroom spores,2,0,0,0,0,74,76
4,86,ground,Medkit,1,0,0,0,0,15,87
4,86,ground,Rake,1,400,0,0,0,14,101
4,86,wall,Sleep Meds,3,0,0,0,0,44,55
4,86,wall,Reflecting Pan,1,24,0,0,0,51,75
4,87,stored,Torch,1,90,0,0,0,57,77
4,87,ground,Stick,1,18,0,0,0,35,57
4,87,ground,River Fish,5,0,0,0,0,79,29
4,87,ground,Mushroom spores,2,0,0,0,0,105,33
4,87,ground,Lantern Seed,1,0,0,0,0,72,24
4,87,ground,Flint Knife,1,60,0,0,0,79,118
4,87,ground,Rope Hook,1,0,24,0,0,80,118
4,87,ground,Torch,1,90,0,0,0,56,123
4,87,ground,Stick,1,18,0,0,0,55,71
4,87,ground,Pitch Bomb,2,0,0,0,0,103,34
4,87,ground,Lighter,1,0,20,0,0,55,50
4,87,ground,Herb Bag,1,0,4,0,0,54,48
4,87,ground,Bird Seed,1,0,0,0,0,62,83
4,87,ground,Bandage,2,0,0,0,0,59,77
4,87,ground,Ammo,1,0,0,0,0,27,81
4,87,ground,Ammo,1,0,0,0,0,59,35
4,87,ground,Ammo,1,0,0,0,0,57,94
4,87,ground,Medkit,1,0,0,0,0,13,54
4,87,ground,Ammo,1,0,0,0,0,35,106
4,87,ground,Ammo,1,0,0,0,0,80,13
4,87,ground,River Fish,2,0,0,0,0,58,40
4,87,ground,Lighter,1,0,20,0,0,23,68
4,87,ground,Bear Trap,2,0,0,0,0,17,80
4,87,wall,Seed Bag,1,0,6,0,0,55,111
4,88,stored,Pickaxe,1,32,0,0,0,77,122
4,88,ground,Stick,1,18,0,0,0,78,58
4,88,ground,Hunting Spear,1,45,0,0,0,35,95
4,88,ground,Throwing Net,2,0,0,0,0,36,95
4,88,ground,Torch,1,90,0,0,0,55,99
4,88,ground,Rope Snare,2,0,0,0,0,30,10
4,88,ground,River Fish,3,0,0,0,0,54,33
4,88,ground,Thorn Caltrops,2,0,0,0,0,68,123
4,88,ground,Water flask,2,0,0,0,0,46,50
4,88,ground,Rake,1,400,0,0,0,83,79
4,88,ground,Ammo,1,0,0,0,0,80,80
4,88,ground,Rabbit Charm,1,0,0,0,0,60,10
4,88,ground,Ammo,1,0,0,0,0,56,4
4,88,ground,Fungal Bread,1,0,0,0,0,13,52
4,88,ground,Ammo,1,0,0,0,0,12,32
4,88,ground,Medkit,1,0,0,0,0,10,15
4,88,ground,Herb Bag,1,0,4,0,0,20,75
4,88,ground,Ammo,1,0,0,0,0,16,11
4,88,ground,Resin Glue,1,0,0,0,0,39,54
4,88,wall,Hatchet,1,35,0,0,0,72,78
4,89,stored,Stick,1,18,0,0,0,55,79
4,89,ground,Stick,1,18,0,0,0,78,59
4,89,ground,River Fish,4,0,0,0,0,54,118
4,89,ground,Fishing Line,1,0,20,0,0,53,115
4,89,carried,Buckler,1,30,0,0,0,54,98
4,89,carried,Buckler,1,30,0,0,0,30,10
4,89,carried,Buckler,1,30,0,0,0,40,98
4,89,ground,Throwing Net,2,0,0,0,0,81,51
4,89,ground,Rake,1,400,0,0,0,55,60
4,89,ground,Bandage,2,0,0,0,0,60,59
4,89,ground,Chili,1,0,0,0,0,36,55
4,89,ground,Fungal Bread,1,0,0,0,0,14,62
4,89,ground,Bandage,2,0,0,0,0,57,98
4,89,ground,Ammo,1,0,0,0,0,28,16
4,89,ground,Sap jar,2,0,0,0,0,4,81
4,89,wall,Fried Egg,2,0,0,0,0,17,10
4,89,wall,Fried Egg,2,0,0,0,0,6,66
4,90,stored,Stick,1,18,0,0,0,11,78
4,90,ground,Stick,1,18,0,0,0,77,58
4,90,ground,River Fish,3,0,0,0,0,49,48
4,90,ground,Bow,1,0,0,20,0,56,27
4,90,ground,Digging Claws,1,200,0,0,0,37,101
4,90,ground,Rope Hook,1,0,24,0,0,38,101
4,90,ground,Torch,1,90,0,0,0,33,79
4,90,ground,Hunting Spear,1,45,0,0,0,98,76
4,90,ground,Lighter,1,0,20,0,0,78,74
4,90,ground,Throwing Net,2,0,0,0,0,103,84
4,90,ground,Root Drill,1,0,3,0,0,106,72
4,90,ground,River Fish,5,0,0,0,0,8,56
4,90,ground,Honey pot,1,0,0,0,0,9,92
4,90,carried,Buckler,1,30,0,0,0,36,14
4,90,ground,Blunderbuss,1,0,0,2,14,38,10
4,90,ground,Bird Seed,1,0,0,0,0,34,57
4,90,ground,Bandage,2,0,0,0,0,31,55
4,90,ground,Mushroom spores,2,0,0,0,0,15,62
4,90,ground,Ammo,1,0,0,0,0,15,79
4,90,ground,Ammo,1,0,0,0,0,8,100
4,90,ground,Rope Snare,2,0,0,0,0,59,82
4,90,ground,Ammo,1,0,0,0,0,66,78
4,90,ground,Herb Bag,1,0,4,0,0,60,12
4,90,ground,Fungal Bread,1,0,0,0,0,32,3
4,90,ground,Ammo,1,0,0,0,0,52,108
4,90,ground,River Fish,4,0,0,0,0,64,55
4,90,ground,River Fish,4,0,0,0,0,76,64
4,90,ground,River Fish,4,0,0,0,0,90,57
4,90,ground,Water flask,2,0,0,0,0,19,104
4,90,ground,Torch,1,90,0,0,0,25,67
4,90,ground,Splint,1,0,2,0,0,38,67
4,90,wall,Hunting Horn,1,0,8,0,0,8,38
4,91,stored,Hatchet,1,35,0,0,0,34,34
4,91,ground,Stick,1,18,0,0,0,33,81
4,91,ground,Flint Knife,1,60,0,0,0,52,33
4,91,ground,Throwing Net,2,0,0,0,0,53,33
4,91,ground,Torch,1,90,0,0,0,57,78
4,91,ground,Hatchet,1,35,0,0,0,75,74
4,91,ground,Torch,1,90,0,0,0,74,74
4,91,ground,Bow,1,0,0,20,0,104,74
4,91,ground,Root Drill,1,0,3,0,0,105,74
4,91,carried,Buckler,1,30,0,0,0,105,79
4,91,ground,Fungal Bread,2,0,0,0,0,86,71
4,91,ground,Fungal Bread,2,0,0,0,0,90,75
4,91,ground,River Fish,5,0,0,0,0,75,38
4,91,ground,Fishing Line,1,0,20,0,0,75,41
4,91,ground,River Fish,3,0,0,0,0,30,30
4,91,ground,Fishing Line,1,0,20,0,0,32,30
4,91,ground,Bow,1,0,0,20,0,108,54
4,91,ground,Buckler,1,30,0,0,0,77,65
4,91,ground,Lantern Seed,1,0,0,0,0,60,10
4,91,ground,Pickaxe,1,32,0,0,0,97,94
4,91,ground,Ammo,1,0,0,0,0,108,95
4,91,ground,Bandage,2,0,0,0,0,105,129
4,91,ground,Fungal Bread,1,0,0,0,0,31,12
4,91,ground,Medkit,1,0,0,0,0,100,142
4,91,ground,Ammo,1,0,0,0,0,30,51
4,91,ground,Ammo,1,0,0,0,0,102,151
4,91,ground,River Fish,3,0,0,0,0,87,32
4,91,stored,Throwing Rock,3,0,0,0,0,33,37
4,91,stored,Bitter Root,1,0,0,0,0,98,99
4,91,ground,Pickaxe,1,32,0,0,0,96,116
4,91,ground,Mushroom spores,2,0,0,0,0,93,99
4,92,stored,Pickaxe,1,32,0,0,0,77,34
4,92,ground,Stick,1,18,0,0,0,79,13
4,92,carried,Buckler,1,30,0,0,0,55,18
4,92,carried,Buckler,1,30,0,0,0,54,19
4,92,carried,Buckler,1,30,0,0,0,56,19
4,92,carried,Buckler,1,30,0,0,0,57,22
4,92,ground,Stick,1,18,0,0,0,44,28
4,92,ground,Hatchet,1,35,0,0,0,37,15
4,92,ground,Digging Claws,1,200,0,0,0,52,22
4,92,carried,Buckler,1,30,0,0,0,14,35
4,92,ground,Thorn Caltrops,2,0,0,0,0,121,18
4,92,ground,Bird Seed,1,0,0,0,0,80,35
4,92,ground,Fungal Bread,1,0,0,0,0,71,33
4,92,ground,Lighter,1,0,20,0,0,102,40
4,92,ground,Ammo,1,0,0,0,0,101,28
4,92,ground,Ammo,1,0,0,0,0,107,12
4,92,ground,Ammo,1,0,0,0,0,138,14
4,92,ground,Ammo,1,0,0,0,0,144,32
4,92,ground,Ammo,1,0,0,0,0,123,33
4,92,ground,Herb Bag,1,0,4,0,0,13,53
4,92,ground,Medkit,1,0,0,0,0,18,35
4,92,carried,Buckler,1,30,0,0,0,136,3
4,92,stored,Oil flask,2,0,0,0,0,142,34
4,92,ground,Pickaxe,1,32,0,0,0,127,6
4,92,ground,Fried Egg,2,0,0,0,0,46,62
4,92,wall,Medkit,1,0,0,0,0,147,48
4,92,wall,Flint Knife,1,60,0,0,0,56,63
4,93,stored,Flint Knife,1,60,0,0,0,100,34
4,93,ground,Stick,1,18,0,0,0,77,13
4,93,ground,Torch,1,90,0,0,0,38,46
4,93,ground,Lighter,1,0,20,0,0,40,37
4,93,ground,Stick,1,18,0,0,0,43,56
4,93,ground,Stick,1,18,0,0,0,77,74
4,93,ground,Throwing Net,2,0,0,0,0,78,74
4,93,ground,Torch,1,90,0,0,0,55,77
4,93,ground,Straw Decoy,1,0,0,0,0,104,56
4,93,ground,Rake,1,400,0,0,0,103,53
4,93,ground,Torch,1,90,0,0,0,95,60
4,93,ground,Lighter,1,0,20,0,0,103,61
4,93,ground,Pickaxe,1,32,0,0,0,88,56
4,93,ground,Blink Seed,2,0,0,0,0,108,10
4,93,ground,Bird Seed,1,0,0,0,0,75,40
4,93,ground,Bandage,2,0,0,0,0,81,34
4,93,ground,Water flask,2,0,0,0,0,51,11
4,93,ground,Medkit,1,0,0,0,0,99,85
4,93,ground,Firecracker,3,0,0,0,0,10,28
4,93,ground,Ammo,1,0,0,0,0,10,36
4,93,ground,Herb Bag,1,0,4,0,0,101,12
4,93,ground,Ammo,1,0,0,0,0,98,80
4,93,ground,River Fish,5,0,0,0,0,79,46
4,93,ground,Digging Claws,1,200,0,0,0,77,30
4,93,ground,Seed Bag,1,0,6,0,0,32,13
4,93,ground,Cooked Meat,2,0,0,0,0,59,8
4,93,wall,Cooked Meat,2,0,0,0,0,108,37
4,94,stored,Flint Knife,1,60,0,0,0,143,11
4,94,ground,Stick,1,18,0,0,0,78,37
4,94,ground,Torch,1,90,0,0,0,39,8
4,94,ground,Hatchet,1,35,0,0,0,40,36
4,94,ground,Wooden Maul,1,24,0,0,0,45,17
4,94,ground,River Fish,3,0,0,0,0,96,9
4,94,ground,Bandage,3,0,0,0,0,118,13
4,94,ground,River Fish,4,0,0,0,0,30,73
4,94,carried,Buckler,1,30,0,0,0,51,52
4,94,ground,Reflecting Pan,1,24,0,0,0,100,63
4,94,ground,Chili,1,0,0,0,0,60,55
4,94,ground,Rake,1,400,0,0,0,124,35
4,94,ground,Herb Bag,1,0,4,0,0,126,41
4,94,ground,Fungal Bread,1,0,0,0,0,147,32
4,94,ground,Herb Bag,1,0,4,0,0,100,54
4,94,ground,Ammo,1,0,0,0,0,33,48
4,94,ground,Ammo,1,0,0,0,0,8,61
4,94,ground,Ammo,1,0,0,0,0,119,79
4,94,ground,Digging Claws,1,200,0,0,0,96,51
4,94,wall,Mushroom spores,2,0,0,0,0,17,65
4,95,stored,Hatchet,1,35,0,0,0,35,78
4,95,ground,Stick,1,18,0,0,0,79,79
4,95,ground,Digging Claws,1,200,0,0,0,31,13
4,95,ground,Water flask,2,0,0,0,0,38,13
4,95,ground,Pickaxe,1,32,0,0,0,7,101
4,95,ground,Rope Hook,1,0,24,0,0,8,101
4,95,ground,Torch,1,90,0,0,0,13,79
4,95,ground,River Fish,5,0,0,0,0,31,76
4,95,ground,River Fish,3,0,0,0,0,32,104
4,95,carried,Buckler,1,30,0,0,0,59,55
4,95,ground,Throwing Net,2,0,0,0,0,10,93
4,95,ground,Rake,1,400,0,0,0,53,79
4,95,ground,Herb Bag,1,0,4,0,0,56,78
4,95,ground,Mushroom spores,2,0,0,0,0,33,79
4,95,ground,Bandage,2,0,0,0,0,11,61
4,95,ground,Bandage,2,0,0,0,0,34,63
4,95,ground,Ammo,1,0,0,0,0,59,54
4,95,wall,Mushroom spores,2,0,0,0,0,62,71
4,95,wall,Torch,1,90,0,0,0,58,102
4,96,stored,Wooden Maul,1,24,0,0,0,35,56
4,96,ground,Stick,1,18,0,0,0,55,37
4,96,ground,River Fish,5,0,0,0,0,28,103
4,96,ground,Pickaxe,1,32,0,0,0,6,95
4,96,ground,Wooden Maul,1,24,0,0,0,81,35
4,96,ground,Rope Hook,1,0,24,0,0,82,35
4,96,ground,Torch,1,90,0,0,0,77,57
4,96,ground,Hatchet,1,35,0,0,0,123,31
4,96,ground,Hatchet,1,35,0,0,0,122,28
4,96,ground,Hatchet,1,35,0,0,0,39,83
4,96,ground,Torch,1,90,0,0,0,40,83
4,96,ground,Bow,1,0,0,20,0,9,83
4,96,ground,Root Drill,1,0,3,0,0,8,82
4,96,ground,Firecracker,2,0,0,0,0,29,82
4,96,ground,River Fish,3,0,0,0,0,73,96
4,96,carried,Buckler,1,30,0,0,0,101,16
4,96,carried,Buckler,1,30,0,0,0,60,82
4,96,ground,Mushroom spores,2,0,0,0,0,104,55
4,96,ground,Rope Snare,2,0,0,0,0,40,54
4,96,ground,Bandage,2,0,0,0,0,31,54
4,96,ground,Bird Seed,1,0,0,0,0,8,57
4,96,ground,Herb Bag,1,0,4,0,0,8,49
4,96,ground,Ammo,1,0,0,0,0,100,54
4,96,ground,Medkit,1,0,0,0,0,50,81
4,96,ground,Ammo,1,0,0,0,0,57,81
4,96,ground,River Fish,2,0,0,0,0,90,106
4,96,ground,Water flask,2,0,0,0,0,105,10
4,96,ground,Mushroom spores,2,0,0,0,0,60,52
4,97,stored,Flint Knife,1,60,0,0,0,35,77
4,97,ground,Stick,1,18,0,0,0,56,36
4,97,carried,Buckler,1,30,0,0,0,28,75
4,97,carried,Buckler,1,30,0,0,0,117,36
4,97,carried,Buckler,1,30,0,0,0,125,59
4,97,ground,Pitch Bomb,2,0,0,0,0,8,56
4,97,ground,Hatchet,1,35,0,0,0,82,31
4,97,ground,Ammo,1,0,0,0,0,79,29
4,97,ground,Lighter,1,0,20,0,0,57,54
4,97,ground,Fungal Bread,1,0,0,0,0,79,62
4,97,ground,Ammo,1,0,0,0,0,30,53
4,97,ground,Ammo,1,0,0,0,0,56,72
4,97,ground,Herb Bag,1,0,4,0,0,63,101
4,97,ground,Ammo,1,0,0,0,0,83,107
4,97,ground,Bandage,2,0,0,0,0,104,30
4,97,ground,Ammo,1,0,0,0,0,81,72
4,97,stored,Flint Knife,1,60,0,0,0,49,84
4,97,stored,Egg,3,0,0,0,0,102,10
4,97,stored,Smoke pot,2,0,0,0,0,57,60
4,97,ground,Pickaxe,1,32,0,0,0,130,29
4,97,ground,Straw Decoy,1,0,0,0,0,104,7
4,97,wall,Bandage,3,0,0,0,0,79,51
4,97,wall,Seed Bag,1,0,6,0,0,37,63
4,97,wall,Throwing Rock,3,0,0,0,0,47,85
4,97,wall,Sap jar,2,0,0,0,0,57,91
4,98,stored,Flint Knife,1,60,0,0,0,35,144
4,98,ground,Stick,1,18,0,0,0,34,80
4,98,ground,Wooden Maul,1,24,0,0,0,52,40
4,98,ground,Rotten Fruit,3,0,0,0,0,65,43
4,98,ground,River Fish,3,0,0,0,0,43,98
4,98,ground,Acorn Mine,2,0,0,0,0,53,105
4,98,ground,Bow,1,0,0,20,0,43,96
4,98,ground,Bandage,3,0,0,0,0,59,101
4,98,ground,River Fish,3,0,0,0,0,37,53
4,98,ground,Fishing Line,1,0,20,0,0,40,51
4,98,ground,Stick,1,18,0,0,0,42,126
4,98,carried,Buckler,1,30,0,0,0,80,76
4,98,ground,Pocket Door,1,0,2,0,0,31,139
4,98,ground,Mushroom spores,2,0,0,0,0,37,52
4,98,ground,Ammo,1,0,0,0,0,26,128
4,98,ground,Rake,1,400,0,0,0,51,77
4,98,ground,Bandage,2,0,0,0,0,50,80
4,98,ground,Thunder Acorn,2,0,0,0,0,62,127
4,98,ground,Ammo,1,0,0,0,0,62,128
4,98,ground,Medkit,1,0,0,0,0,84,85
4,98,ground,Ammo,1,0,0,0,0,11,36
4,98,ground,Bandage,2,0,0,0,0,85,98
4,98,ground,Ammo,1,0,0,0,0,72,74
4,98,ground,Resin Glue,1,0,0,0,0,35,119
4,98,ground,Seed Bag,1,0,6,0,0,40,58
4,99,stored,Flint Knife,1,60,0,0,0,56,99
4,99,ground,Stick,1,18,0,0,0,78,79
4,99,ground,River Fish,3,0,0,0,0,54,9
4,99,ground,Bear Trap,2,0,0,0,0,79,17
4,99,ground,Splint,1,0,2,0,0,63,13
4,99,ground,Flint Knife,1,60,0,0,0,83,143
4,99,ground,Rope Hook,1,0,24,0,0,84,143
4,99,ground,Torch,1,90,0,0,0,79,100
4,99,ground,Stick,1,18,0,0,0,34,32
4,99,ground,Pitch Bomb,2,0,0,0,0,44,39
4,99,ground,Oil flask,2,0,0,0,0,36,25
4,99,ground,Bow,1,0,0,20,0,31,30
4,99,carried,Buckler,1,30,0,0,0,40,10
4,99,ground,Pickaxe,1,32,0,0,0,78,95
4,99,ground,Pitch Bomb,2,0,0,0,0,79,59
4,99,ground,Bandage,2,0,0,0,0,81,51
4,99,ground,Rope Snare,2,0,0,0,0,57,49
4,99,ground,Ammo,1,0,0,0,0,57,47
4,99,ground,Thunder Acorn,2,0,0,0,0,61,69
4,99,ground,Ammo,1,0,0,0,0,51,77
4,99,ground,Ammo,1,0,0,0,0,28,51
4,99,ground,Bandage,2,0,0,0,0,49,121
4,99,ground,Medkit,1,0,0,0,0,30,14
4,99,ground,Ammo,1,0,0,0,0,101,125
4,99,ground,Ammo,1,0,0,0,0,31,11
4,99,ground,Medkit,1,0,0,0,0,31,63
4,99,ground,Pickaxe,1,32,0,0,0,38,49
4,99,wall,Flint Knife,1,60,0,0,0,108,122
4,100,stored,Hatchet,1,35,0,0,0,57,78
4,100,ground,Stick,1,18,0,0,0,79,14
4,100,ground,Flint Knife,1,60,0,0,0,39,57
4,100,ground,Splint,1,0,2,0,0,37,46
4,100,ground,River Fish,5,0,0,0,0,119,41
4,100,ground,Pickaxe,1,32,0,0,0,128,55
4,100,ground,Hatchet,1,35,0,0,0,116,29
4,100,ground,Sleep Meds,3,0,0,0,0,103,35
4,100,ground,Bow,1,0,0,20,0,95,39
4,100,ground,Hatchet,1,35,0,0,0,37,7
4,100,ground,Torch,1,90,0,0,0,38,7
4,100,ground,Blunderbuss,1,0,0,2,14,8,7
4,100,ground,Root Drill,1,0,3,0,0,7,8
4,100,carried,Buckler,1,30,0,0,0,33,13
4,100,ground,Firecracker,2,0,0,0,0,13,11
4,100,ground,Firecracker,2,0,0,0,0,34,4
4,100,ground,Firecracker,2,0,0,0,0,12,18
4,100,carried,Buckler,1,30,0,0,0,125,11
4,100,ground,Flint Knife,1,60,0,0,0,50,55
4,100,ground,Lighter,1,0,20,0,0,52,10
4,100,ground,Ammo,1,0,0,0,0,56,7
4,100,ground,Lantern Seed,1,0,0,0,0,117,15
4,100,ground,Medkit,1,0,0,0,0,81,55
4,100,ground,Fungal Bread,1,0,0,0,0,53,76
4,100,ground,Bandage,2,0,0,0,0,82,56
4,100,ground,Ammo,1,0,0,0,0,79,55
4,100,wall,Pickaxe,1,32,0,0,0,64,73
4,101,stored,Torch,1,90,0,0,0,99,99
4,101,ground,Stick,1,18,0,0,0,77,79
4,101,ground,River Fish,3,0,0,0,0,118,126
4,101,ground,Blunderbuss,1,0,0,2,14,147,114
4,101,ground,Pickaxe,1,32,0,0,0,143,119
4,101,ground,Flint Knife,1,60,0,0,0,80,104
4,101,ground,Raw Meat,1,0,0,0,0,74,105
4,101,ground,Torch,1,90,0,0,0,142,152
4,101,ground,Bird Seed,1,0,0,0,0,81,98
4,101,ground,Bandage,2,0,0,0,0,82,97
4,101,ground,Pitch Bomb,2,0,0,0,0,77,57
4,101,ground,Bandage,2,0,0,0,0,74,61
4,101,ground,Herb Bag,1,0,4,0,0,95,120
4,101,ground,Ammo,1,0,0,0,0,125,147
4,101,ground,Ammo,1,0,0,0,0,79,137
4,101,ground,Ammo,1,0,0,0,0,32,14
4,101,ground,Ammo,1,0,0,0,0,145,137
4,101,stored,Bandage,3,0,0,0,0,54,52
4,101,stored,Resin Glue,1,0,0,0,0,96,139
4,101,ground,Digging Claws,1,200,0,0,0,31,34
4,101,ground,Water flask,2,0,0,0,0,80,147
4,101,wall,Wooden Maul,1,24,0,0,0,103,123
4,102,stored,Crossbow,1,0,0,1,16,13,121
4,102,ground,Stick,1,18,0,0,0,33,80
4,102,ground,Digging Claws,1,200,0,0,0,42,126
4,102,ground,Hand Bell,1,0,80,0,0,43,95
4,102,ground,Blunderbuss,1,0,0,2,14,55,59
4,102,ground,Honey pot,1,0,0,0,0,7,50
4,102,ground,Spring Trap,2,0,0,0,0,10,64
4,102,ground,Flint Knife,1,60,0,0,0,61,62
4,102,ground,Bow,1,0,0,20,0,59,72
4,102,ground,Flint Knife,1,60,0,0,0,53,80
4,102,ground,Fungal Bread,1,0,0,0,0,62,75
4,102,ground,Throwing Rock,3,0,0,0,0,55,37
4,102,ground,Fungal Bread,1,0,0,0,0,53,36
4,102,ground,Medkit,1,0,0,0,0,43,143
4,102,ground,Digging Claws,1,200,0,0,0,96,126
4,102,ground,Ammo,1,0,0,0,0,100,127
4,102,ground,Ammo,1,0,0,0,0,35,139
4,102,ground,Resin Glue,1,0,0,0,0,75,119
4,102,ground,Hatchet,1,35,0,0,0,13,83
4,102,ground,Smoke pot,2,0,0,0,0,71,130
4,102,wall,Hatchet,1,35,0,0,0,81,115
4,103,stored,Wooden Maul,1,24,0,0,0,78,100
4,103,ground,Stick,1,18,0,0,0,55,80
4,103,ground,Pickaxe,1,32,0,0,0,82,34
4,103,ground,Throwing Net,2,0,0,0,0,83,34
4,103,ground,Torch,1,90,0,0,0,78,57
4,103,ground,Hatchet,1,35,0,0,0,61,62
4,103,ground,Torch,1,90,0,0,0,62,62
4,103,ground,Stick,1,18,0,0,0,31,62
4,103,ground,Root Drill,1,0,3,0,0,31,61
4,103,carried,Buckler,1,30,0,0,0,55,64
4,103,carried,Buckler,1,30,0,0,0,42,65
4,103,carried,Buckler,1,30,0,0,0,29,59
4,103,ground,Firecracker,2,0,0,0,0,57,55
4,103,ground,Firecracker,2,0,0,0,0,38,60
4,103,ground,Firecracker,2,0,0,0,0,59,52
4,103,ground,River Fish,6,0,0,0,0,94,77
4,103,ground,Torch,1,90,0,0,0,9,35
4,103,ground,Flint Knife,1,60,0,0,0,39,7
4,103,ground,Bird Seed,1,0,0,0,0,77,83
4,103,ground,Fungal Bread,1,0,0,0,0,77,82
4,103,ground,Water flask,2,0,0,0,0,50,36
4,103,ground,Ammo,1,0,0,0,0,49,7
4,103,ground,Ammo,1,0,0,0,0,78,11
4,103,ground,Ammo,1,0,0,0,0,102,54
4,103,ground,Ammo,1,0,0,0,0,85,101
4,103,ground,Ammo,1,0,0,0,0,32,17
4,103,ground,Medkit,1,0,0,0,0,17,61
4,103,ground,Bandage,2,0,0,0,0,16,60
4,103,ground,River Fish,2,0,0,0,0,90,71
4,103,ground,Flint Knife,1,60,0,0,0,81,79
4,103,ground,Hunting Horn,1,0,8,0,0,29,21
4,103,ground,Boomerang,1,0,0,0,0,73,92
4,103,ground,Lighter,1,0,20,0,0,99,59
4,103,wall,Water flask,2,0,0,0,0,4,28
4,104,stored,Stick,1,18,0,0,0,34,100
4,104,ground,Stick,1,18,0,0,0,33,37
4,104,ground,Bow,1,0,0,20,0,63,22
4,104,ground,Raw Meat,2,0,0,0,0,69,22
4,104,ground,Lighter,1,0,20,0,0,57,29
4,104,ground,Crossbow,1,0,0,1,16,49,54
4,104,ground,Lighter,1,0,20,0,0,36,57
4,104,ground,Rake,1,400,0,0,0,57,62
4,104,ground,Water flask,2,0,0,0,0,32,60
4,104,ground,River Fish,3,0,0,0,0,51,102
4,104,ground,Pickaxe,1,32,0,0,0,69,97
4,104,ground,Rake,1,400,0,0,0,54,97
4,104,ground,Flint Knife,1,60,0,0,0,9,13
4,104,ground,Rope Hook,1,0,24,0,0,10,13
4,104,ground,Torch,1,90,0,0,0,12,33
4,104,carried,Buckler,1,30,0,0,0,16,76
4,104,ground,Rope Snare,2,0,0,0,0,22,19
4,104,ground,Lighter,1,0,20,0,0,31,107
4,104,ground,Ammo,1,0,0,0,0,27,105
4,104,ground,Blunderbuss,1,0,0,2,14,17,107
4,104,ground,Herb Bag,1,0,4,0,0,19,107
4,104,ground,Medkit,1,0,0,0,0,10,74
4,104,ground,Bandage,2,0,0,0,0,10,80
4,104,ground,Ammo,1,0,0,0,0,15,78
4,104,ground,Sticky Boots,1,0,4,0,0,34,18
4,104,ground,Hunting Spear,1,45,0,0,0,25,11
4,104,wall,Reflecting Pan,1,24,0,0,0,15,90
4,104,wall,Seed Bag,1,0,6,0,0,1,103
4,105,stored,Pickaxe,1,32,0,0,0,99,77
4,105,ground,Stick,1,18,0,0,0,34,59
4,105,ground,Torch,1,90,0,0,0,101,105
4,105,ground,Throwing Net,2,0,0,0,0,102,105
4,105,ground,Torch,1,90,0,0,0,57,99
4,105,ground,River Fish,5,0,0,0,0,51,79
4,105,ground,Fishing Line,1,0,20,0,0,49,81
4,105,carried,Buckler,1,30,0,0,0,8,8
4,105,carried,Buckler,1,30,0,0,0,28,12
4,105,carried,Buckler,1,30,0,0,0,100,74
4,105,carried,Buckler,1,30,0,0,0,79,77
4,105,ground,Hunting Horn,1,0,8,0,0,29,9
4,105,ground,Thunder Acorn,2,0,0,0,0,61,55
4,105,ground,Herb Bag,1,0,4,0,0,48,57
4,105,ground,Rake,1,400,0,0,0,56,34
4,105,ground,Herb Bag,1,0,4,0,0,58,31
4,105,ground,Ammo,1,0,0,0,0,60,12
4,105,ground,Ammo,1,0,0,0,0,73,11
4,105,ground,Ammo,1,0,0,0,0,34,43
4,105,ground,Fungal Bread,1,0,0,0,0,103,74
4,105,ground,Ammo,1,0,0,0,0,15,10
4,105,ground,Bomb,2,0,0,0,0,69,29
4,105,ground,Sleep Meds,3,0,0,0,0,81,18
4,105,wall,Rope Hook,1,0,24,0,0,47,36
4,106,stored,Flint Knife,1,60,0,0,0,55,35
4,106,ground,Stick,1,18,0,0,0,56,79
4,106,ground,River Fish,3,0,0,0,0,76,51
4,106,ground,Flint Knife,1,60,0,0,0,65,60
4,106,ground,Lighter,1,0,20,0,0,80,63
4,106,ground,River Fish,3,0,0,0,0,74,28
4,106,ground,Raw Meat,1,0,0,0,0,8,104
4,106,ground,Mushroom spores,2,0,0,0,0,84,59
4,106,ground,Water flask,2,0,0,0,0,77,32
4,106,ground,Wolf Whistle,1,0,8,0,0,57,131
4,106,ground,Ammo,1,0,0,0,0,56,117
4,106,ground,Ammo,1,0,0,0,0,36,103
4,106,ground,Lighter,1,0,20,0,0,102,57
4,106,ground,Ammo,1,0,0,0,0,99,49
4,106,ground,Medkit,1,0,0,0,0,30,32
4,106,ground,Herb Bag,1,0,4,0,0,49,19
4,106,ground,Herb Bag,1,0,4,0,0,4,79
4,106,ground,Ammo,1,0,0,0,0,32,30
4,106,ground,Herb Bag,1,0,4,0,0,13,92
4,106,wall,Rope Snare,2,0,0,0,0,57,20
4,106,wall,Mushroom spores,2,0,0,0,0,50,107
4,107,stored,Bow,1,0,0,20,0,57,123
4,107,ground,Stick,1,18,0,0,0,78,80
4,107,ground,Pickaxe,1,32,0,0,0,35,92
4,107,ground,Buckler,1,30,0,0,0,15,78
4,107,ground,Seed Bag,1,0,6,0,0,99,54
4,107,ground,Pickaxe,1,32,0,0,0,103,60
4,107,ground,River Fish,3,0,0,0,0,62,98
4,107,ground,Pickaxe,1,32,0,0,0,96,31
4,107,carried,Buckler,1,30,0,0,0,99,17
4,107,carried,Buckler,1,30,0,0,0,74,121
4,107,ground,Digging Claws,1,200,0,0,0,15,100
4,107,ground,Chili,1,0,0,0,0,82,29
4,107,ground,Lantern Seed,1,0,0,0,0,73,14
4,107,ground,Medkit,1,0,0,0,0,100,10
4,107,ground,Bandage,2,0,0,0,0,98,27
4,107,ground,Ammo,1,0,0,0,0,57,12
4,107,ground,Bandage,2,0,0,0,0,121,36
4,107,ground,Ammo,1,0,0,0,0,104,7
4,107,ground,Cooked Meat,2,0,0,0,0,47,76
4,107,ground,Rake,1,400,0,0,0,75,127
4,107,ground,Sap jar,2,0,0,0,0,69,121
4,107,ground,Bear Trap,2,0,0,0,0,53,98
4,107,wall,Fried Egg,2,0,0,0,0,101,41
4,107,wall,Cooked Meat,2,0,0,0,0,54,73
4,108,stored,Wooden Maul,1,24,0,0,0,101,77
4,108,ground,Stick,1,18,0,0,0,55,79
4,108,carried,Buckler,1,30,0,0,0,89,17
4,108,carried,Buckler,1,30,0,0,0,91,24
4,108,carried,Buckler,1,30,0,0,0,88,18
4,108,carried,Buckler,1,30,0,0,0,90,19
4,108,ground,Blunderbuss,1,0,0,2,14,86,21
4,108,ground,Stick,1,18,0,0,0,94,28
4,108,ground,River Fish,3,0,0,0,0,61,125
4,108,ground,Fishing Line,1,0,20,0,0,60,125
4,108,ground,River Fish,6,0,0,0,0,12,119
4,108,carried,Buckler,1,30,0,0,0,9,142
4,108,ground,Shield Lantern,1,24,0,0,0,82,17
4,108,ground,Ammo,1,0,0,0,0,77,79
4,108,ground,Torch,1,90,0,0,0,57,94
4,108,ground,Bandage,2,0,0,0,0,58,101
4,108,ground,Rake,1,400,0,0,0,48,54
4,108,ground,Fungal Bread,1,0,0,0,0,49,50
4,108,ground,Throwing Rock,3,0,0,0,0,54,142
4,108,ground,Ammo,1,0,0,0,0,56,148
4,108,ground,Ammo,1,0,0,0,0,51,33
4,108,ground,Ammo,1,0,0,0,0,32,126
4,108,ground,Medkit,1,0,0,0,0,13,138
4,108,ground,Ammo,1,0,0,0,0,8,140
4,108,ground,River Fish,5,0,0,0,0,51,125
4,108,ground,River Fish,2,0,0,0,0,36,121
4,108,ground,River Fish,5,0,0,0,0,20,124
4,108,ground,Flint Knife,1,60,0,0,0,30,117
4,108,wall,Blink Seed,2,0,0,0,0,66,46
4,108,wall,Shield Lantern,1,24,0,0,0,71,75
4,109,stored,Torch,1,90,0,0,0,78,123
4,109,ground,Stick,1,18,0,0,0,34,79
4,109,ground,Pickaxe,1,32,0,0,0,17,143
4,109,ground,Throwing Net,2,0,0,0,0,18,143
4,109,ground,Torch,1,90,0,0,0,13,123
4,109,ground,River Fish,6,0,0,0,0,59,102
4,109,ground,River Fish,6,0,0,0,0,61,33
4,109,carried,Buckler,1,30,0,0,0,37,93
4,109,ground,Sap jar,2,0,0,0,0,59,98
4,109,ground,Rake,1,400,0,0,0,30,98
4,109,ground,Bandage,2,0,0,0,0,30,96
4,109,ground,Rake,1,400,0,0,0,36,126
4,109,ground,Ammo,1,0,0,0,0,31,126
4,109,ground,Ammo,1,0,0,0,0,70,146
4,109,ground,Ammo,1,0,0,0,0,82,125
4,109,ground,Ammo,1,0,0,0,0,34,28
4,109,ground,Medkit,1,0,0,0,0,96,136
4,109,ground,Bandage,2,0,0,0,0,106,138
4,109,ground,Ammo,1,0,0,0,0,105,145
4,109,stored,Bow,1,0,0,20,0,38,57
4,109,stored,Oil flask,2,0,0,0,0,75,118
4,109,stored,Resin Glue,1,0,0,0,0,81,129
4,109,wall,Medkit,1,0,0,0,0,55,25
4,110,stored,Hatchet,1,35,0,0,0,57,55
4,110,ground,Stick,1,18,0,0,0,55,80
4,110,ground,River Fish,3,0,0,0,0,50,102
4,110,ground,Pickaxe,1,32,0,0,0,60,127
4,110,ground,Chili,1,0,0,0,0,51,117
4,110,ground,Pickaxe,1,32,0,0,0,57,107
4,110,ground,Wooden Maul,1,24,0,0,0,29,34
4,110,ground,Rope Hook,1,0,24,0,0,30,34
4,110,ground,Torch,1,90,0,0,0,34,56
4,110,ground,Pickaxe,1,32,0,0,0,34,98
4,110,ground,Rope Snare,2,0,0,0,0,37,115
4,110,ground,River Fish,4,0,0,0,0,80,98
4,110,ground,Fishing Line,1,0,20,0,0,81,99
4,110,ground,Throwing Rock,3,0,0,0,0,34,45
4,110,ground,Bird Seed,1,0,0,0,0,75,73
4,110,ground,Fungal Bread,1,0,0,0,0,75,81
4,110,ground,Ammo,1,0,0,0,0,59,59
4,110,ground,Water flask,2,0,0,0,0,70,98
4,110,ground,Bandage,2,0,0,0,0,17,59
4,110,ground,Medkit,1,0,0,0,0,19,37
4,110,ground,Ammo,1,0,0,0,0,17,40
4,110,wall,Stick,1,18,0,0,0,79,86
4,110,wall,Reflecting Pan,1,24,0,0,0,53,88
4,111,stored,Blunderbuss,1,0,0,2,14,101,99
4,111,ground,Stick,1,18,0,0,0,34,81
4,111,ground,Hatchet,1,35,0,0,0,60,83
4,111,ground,Torch,1,90,0,0,0,60,84
4,111,ground,Torch,1,90,0,0,0,60,52
4,111,ground,Root Drill,1,0,3,0,0,58,51
4,111,carried,Buckler,1,30,0,0,0,55,76
4,111,ground,Fungal Bread,2,0,0,0,0,56,77
4,111,ground,Fungal Bread,2,0,0,0,0,56,86
4,111,ground,Fungal Bread,2,0,0,0,0,52,74
4,111,ground,River Fish,4,0,0,0,0,57,106
4,111,ground,Fishing Line,1,0,20,0,0,55,104
4,111,ground,River Fish,6,0,0,0,0,76,73
4,111,ground,Hatchet,1,35,0,0,0,57,127
4,111,carried,Buckler,1,30,0,0,0,14,80
4,111,ground,Pickaxe,1,32,0,0,0,92,103
4,111,ground,Water flask,2,0,0,0,0,59,102
4,111,ground,Mushroom spores,2,0,0,0,0,80,76
4,111,ground,Herb Bag,1,0,4,0,0,18,77
4,111,ground,Herb Bag,1,0,4,0,0,9,96
4,111,ground,Bandage,2,0,0,0,0,109,101
4,111,ground,Ammo,1,0,0,0,0,33,121
4,111,ground,Ammo,1,0,0,0,0,58,31
4,111,ground,Ammo,1,0,0,0,0,101,124
4,111,ground,Lighter,1,0,20,0,0,45,92
4,111,ground,Bandage,3,0,0,0,0,76,102
4,111,wall,Bandage,3,0,0,0,0,63,125
4,112,stored,Torch,1,90,0,0,0,56,11
4,112,ground,Stick,1,18,0,0,0,34,57
4,112,carried,Buckler,1,30,0,0,0,24,21
4,112,carried,Buckler,1,30,0,0,0,26,16
4,112,carried,Buckler,1,30,0,0,0,25,17
4,112,carried,Buckler,1,30,0,0,0,22,22
4,112,ground,Throwing Rock,3,0,0,0,0,15,15
4,112,ground,Pitch Bomb,2,0,0,0,0,21,10
4,112,ground,Bow,1,0,0,20,0,99,37
4,112,ground,Digging Claws,1,200,0,0,0,105,39
4,112,ground,River Fish,5,0,0,0,0,58,31
4,112,ground,River Fish,3,0,0,0,0,60,55
4,112,ground,Fishing Line,1,0,20,0,0,59,53
4,112,carried,Buckler,1,30,0,0,0,16,78
4,112,ground,Shield Lantern,1,24,0,0,0,55,43
4,112,ground,Mushroom spores,2,0,0,0,0,60,27
4,112,ground,Bitter Root,1,0,0,0,0,16,56
4,112,ground,Bandage,2,0,0,0,0,15,85
4,112,ground,Bandage,2,0,0,0,0,38,105
4,112,ground,Medkit,1,0,0,0,0,81,17
4,112,ground,Ammo,1,0,0,0,0,76,16
4,112,ground,Pickaxe,1,32,0,0,0,52,39
4,112,wall,Fried Egg,2,0,0,0,0,59,37
4,113,stored,Stick,1,18,0,0,0,56,55
4,113,ground,Stick,1,18,0,0,0,79,58
4,113,carried,Buckler,1,30,0,0,0,137,51
4,113,carried,Buckler,1,30,0,0,0,136,54
4,113,carried,Buckler,1,30,0,0,0,132,48
4,113,carried,Buckler,1,30,0,0,0,129,42
4,113,carried,Buckler,1,30,0,0,0,128,43
4,113,carried,Buckler,1,30,0,0,0,132,46
4,113,ground,Hatchet,1,35,0,0,0,128,35
4,113,ground,Splint,1,0,2,0,0,141,36
4,113,ground,River Fish,6,0,0,0,0,102,58
4,113,ground,River Fish,4,0,0,0,0,30,41
4,113,ground,Torch,1,90,0,0,0,73,49
4,113,ground,Rake,1,400,0,0,0,54,54
4,113,ground,Bandage,2,0,0,0,0,53,49
4,113,ground,Chili,1,0,0,0,0,60,30
4,113,ground,Ammo,1,0,0,0,0,35,49
4,113,ground,Rope Hook,1,0,24,0,0,19,43
4,113,ground,Ammo,1,0,0,0,0,14,34
4,113,ground,Medkit,1,0,0,0,0,13,59
4,113,ground,Bandage,2,0,0,0,0,122,76
4,113,ground,Ammo,1,0,0,0,0,97,80
4,113,ground,Ammo,1,0,0,0,0,7,59
4,113,ground,River Fish,3,0,0,0,0,105,55
4,113,ground,River Fish,4,0,0,0,0,121,57
4,113,ground,River Fish,3,0,0,0,0,144,58
4,114,stored,Pickaxe,1,32,0,0,0,79,101
4,114,ground,Stick,1,18,0,0,0,55,58
4,114,ground,Hunting Spear,1,45,0,0,0,83,34
4,114,ground,Rope Hook,1,0,24,0,0,84,34
4,114,ground,Torch,1,90,0,0,0,78,79
4,114,ground,Acorn Mine,2,0,0,0,0,13,52
4,114,ground,Buckler,1,30,0,0,0,20,76
4,114,ground,Sap jar,2,0,0,0,0,11,70
4,114,ground,River Fish,6,0,0,0,0,103,59
4,114,ground,Digging Claws,1,200,0,0,0,83,107
4,114,ground,Honey pot,1,0,0,0,0,74,106
4,114,carried,Buckler,1,30,0,0,0,10,104
4,114,carried,Buckler,1,30,0,0,0,125,56
4,114,carried,Buckler,1,30,0,0,0,36,80
4,114,ground,Flint Knife,1,60,0,0,0,94,87
4,114,ground,Bird Seed,1,0,0,0,0,54,78
4,114,ground,Herb Bag,1,0,4,0,0,50,73
4,114,ground,Lantern Seed,1,0,0,0,0,50,96
4,114,ground,Fungal Bread,1,0,0,0,0,32,107
4,114,ground,Bear Trap,2,0,0,0,0,34,121
4,114,ground,Ammo,1,0,0,0,0,33,117
4,114,ground,Ammo,1,0,0,0,0,76,100
4,114,ground,Medkit,1,0,0,0,0,121,59
4,114,ground,Ammo,1,0,0,0,0,33,64
4,114,ground,Ammo,1,0,0,0,0,78,119
4,114,ground,Ammo,1,0,0,0,0,119,52
4,114,ground,Flint Knife,1,60,0,0,0,14,110
4,114,ground,Crossbow,1,0,0,1,16,76,131
4,114,ground,Hunting Spear,1,45,0,0,0,74,124
4,114,ground,Water flask,2,0,0,0,0,103,80
4,114,wall,Herb Bag,1,0,4,0,0,5,96
4,115,stored,Hatchet,1,35,0,0,0,13,77
4,115,ground,Stick,1,18,0,0,0,33,35
4,115,carried,Buckler,1,30,0,0,0,82,74
4,115,carried,Buckler,1,30,0,0,0,83,75
4,115,carried,Buckler,1,30,0,0,0,79,74
4,115,ground,Flint Knife,1,60,0,0,0,87,65
4,115,ground,River Fish,5,0,0,0,0,38,75
4,115,ground,Spring Trap,2,0,0,0,0,49,81
4,115,ground,Throwing Net,2,0,0,0,0,61,72
4,115,ground,Hatchet,1,35,0,0,0,72,37
4,115,ground,Torch,1,90,0,0,0,71,37
4,115,ground,Hunting Spear,1,45,0,0,0,72,7
4,115,ground,Root Drill,1,0,3,0,0,73,6
4,115,carried,Buckler,1,30,0,0,0,84,31
4,115,ground,Fungal Bread,2,0,0,0,0,75,29
4,115,ground,Firecracker,2,0,0,0,0,84,32
4,115,ground,River Fish,3,0,0,0,0,54,31
4,115,ground,River Fish,4,0,0,0,0,10,78
4,115,ground,Fishing Line,1,0,20,0,0,8,81
4,115,carried,Buckler,1,30,0,0,0,59,56
4,115,carried,Buckler,1,30,0,0,0,105,34
4,115,ground,Thorn Caltrops,2,0,0,0,0,93,34
4,115,ground,Rake,1,400,0,0,0,38,53
4,115,ground,Ammo,1,0,0,0,0,29,58
4,115,ground,Lighter,1,0,20,0,0,61,59
4,115,ground,Ammo,1,0,0,0,0,30,14
4,115,ground,Medkit,1,0,0,0,0,106,33
4,115,ground,Bandage,2,0,0,0,0,98,35
4,115,ground,Bandage,2,0,0,0,0,103,36
4,115,ground,Ammo,1,0,0,0,0,100,33
4,115,ground,Bear Trap,2,0,0,0,0,47,57
4,115,wall,Rabbit Charm,1,0,0,0,0,100,41
4,116,stored,Hatchet,1,35,0,0,0,122,79
4,116,ground,Stick,1,18,0,0,0,79,36
4,116,ground,Stick,1,18,0,0,0,33,15
4,116,ground,Rope Hook,1,0,24,0,0,34,15
4,116,ground,Torch,1,90,0,0,0,56,12
4,116,ground,Water flask,2,0,0,0,0,75,77
4,116,ground,Bow,1,0,0,20,0,105,55
4,116,ground,Throwing Rock,3,0,0,0,0,95,65
4,116,ground,Hunting Horn,1,0,8,0,0,82,82
4,116,ground,River Fish,5,0,0,0,0,36,26
4,116,ground,River Fish,6,0,0,0,0,118,75
4,116,ground,Fishing Line,1,0,20,0,0,120,73
4,116,ground,Bear Trap,2,0,0,0,0,75,13
4,116,ground,Straw Decoy,1,0,0,0,0,54,35
4,116,ground,Fungal Bread,1,0,0,0,0,52,30
4,116,ground,Ammo,1,0,0,0,0,127,53
4,116,ground,Mushroom spores,2,0,0,0,0,39,43
4,116,ground,Hunting Spear,1,45,0,0,0,25,57
4,116,ground,Ammo,1,0,0,0,0,29,59
4,116,ground,Fungal Bread,1,0,0,0,0,78,20
4,116,ground,Fungal Bread,1,0,0,0,0,6,30
4,116,ground,Ammo,1,0,0,0,0,127,102
4,116,ground,River Fish,2,0,0,0,0,126,69
4,116,stored,Ammo,2,0,0,0,0,123,48
4,116,stored,Rake,1,400,0,0,0,125,55
4,116,ground,Stick,1,18,0,0,0,79,10
4,116,ground,Herb Bag,1,0,4,0,0,7,43
4,116,ground,Stick,1,18,0,0,0,132,73
4,116,wall,Bomb,2,0,0,0,0,100,24
4,117,stored,Torch,1,90,0,0,0,56,33
4,117,ground,Stick,1,18,0,0,0,79,58
4,117,ground,Hatchet,1,35,0,0,0,82,74
4,117,ground,Torch,1,90,0,0,0,83,73
4,117,ground,Pickaxe,1,32,0,0,0,51,74
4,117,ground,Root Drill,1,0,3,0,0,50,74
4,117,carried,Buckler,1,30,0,0,0,75,81
4,117,ground,Firecracker,2,0,0,0,0,83,82
4,117,ground,Firecracker,2,0,0,0,0,70,71
4,117,ground,Firecracker,2,0,0,0,0,64,72
4,117,ground,River Fish,6,0,0,0,0,33,77
4,117,carried,Buckler,1,30,0,0,0,118,80
4,117,carried,Buckler,1,30,0,0,0,37,17
4,117,carried,Buckler,1,30,0,0,0,62,35
4,117,carried,Buckler,1,30,0,0,0,95,57
4,117,ground,Sap jar,2,0,0,0,0,38,49
4,117,ground,Ammo,1,0,0,0,0,51,52
4,117,ground,Mushroom spores,2,0,0,0,0,33,79
4,117,ground,Rake,1,400,0,0,0,53,31
4,117,ground,Herb Bag,1,0,4,0,0,53,38
4,117,ground,Ammo,1,0,0,0,0,78,31
4,117,ground,Ammo,1,0,0,0,0,36,59
4,117,ground,Medkit,1,0,0,0,0,74,5
4,117,ground,Ammo,1,0,0,0,0,80,104
4,117,ground,Blunderbuss,1,0,0,2,14,104,99
4,117,ground,Ammo,1,0,0,0,0,104,104
4,117,ground,Bandage,2,0,0,0,0,70,8
4,117,ground,Splint,1,0,2,0,0,34,38
4,117,ground,Pickaxe,1,32,0,0,0,39,9
4,117,wall,Torch,1,90,0,0,0,126,71
4,117,wall,Seed Bag,1,0,6,0,0,72,96
4,118,stored,Stick,1,18,0,0,0,79,101
4,118,ground,Stick,1,18,0,0,0,11,59
4,118,ground,River Fish,5,0,0,0,0,43,49
4,118,ground,Stick,1,18,0,0,0,58,60
4,118,ground,Water flask,2,0,0,0,0,57,14
4,118,ground,Honey pot,1,0,0,0,0,32,85
4,118,ground,Sap jar,2,0,0,0,0,49,85
4,118,ground,Rake,1,400,0,0,0,34,32
4,118,ground,Fungal Bread,1,0,0,0,0,33,32
4,118,ground,Ammo,1,0,0,0,0,11,36
4,118,ground,Hatchet,1,35,0,0,0,57,73
4,118,ground,Ammo,1,0,0,0,0,64,83
4,118,ground,Ammo,1,0,0,0,0,81,76
4,118,ground,Bandage,2,0,0,0,0,77,101
4,118,ground,Ammo,1,0,0,0,0,27,11
4,118,ground,Ammo,1,0,0,0,0,76,18
4,118,ground,Medkit,1,0,0,0,0,64,102
4,118,stored,Straw Decoy,1,0,0,0,0,73,103
4,118,wall,Sticky Boots,1,0,4,0,0,85,50
4,119,stored,Digging Claws,1,200,0,0,0,121,56
4,119,ground,Stick,1,18,0,0,0,77,79
4,119,ground,Mushroom spores,2,0,0,0,0,54,21
4,119,ground,Rope Hook,1,0,24,0,0,73,22
4,119,ground,Rope Snare,2,0,0,0,0,61,13
4,119,ground,River Fish,6,0,0,0,0,33,29
4,119,ground,Torch,1,90,0,0,0,13,37
4,119,ground,Crossbow,1,0,0,1,16,39,100
4,119,ground,Rope Hook,1,0,24,0,0,40,100
4,119,ground,Torch,1,90,0,0,0,34,56
4,119,ground,River Fish,3,0,0,0,0,59,55
4,119,ground,Fishing Line,1,0,20,0,0,60,52
4,119,ground,River Fish,5,0,0,0,0,101,58
4,119,carried,Buckler,1,30,0,0,0,102,82
4,119,carried,Buckler,1,30,0,0,0,18,80
4,119,ground,Bear Trap,2,0,0,0,0,66,35
4,119,ground,Ammo,1,0,0,0,0,75,64
4,119,ground,Water flask,2,0,0,0,0,58,62
4,119,ground,Bird Seed,1,0,0,0,0,60,72
4,119,ground,Fungal Bread,1,0,0,0,0,53,78
4,119,ground,Medkit,1,0,0,0,0,20,78
4,119,ground,Ammo,1,0,0,0,0,16,60
4,119,ground,Ammo,1,0,0,0,0,121,62
4,119,ground,Ammo,1,0,0,0,0,145,60
4,119,ground,Bandage,2,0,0,0,0,17,85
4,119,ground,Ammo,1,0,0,0,0,8,76
4,119,stored,Shield Lantern,1,24,0,0,0,60,54
4,119,ground,Rope Snare,2,0,0,0,0,100,76
4,119,wall,Hatchet,1,35,0,0,0,138,59
4,119,wall,Fungal Bread,1,0,0,0,0,81,65
4,120,stored,Crossbow,1,0,0,1,16,100,101
4,120,ground,Stick,1,18,0,0,0,78,59
4,120,ground,Bow,1,0,0,20,0,145,30
4,120,ground,Rope Hook,1,0,24,0,0,146,30
4,120,ground,Torch,1,90,0,0,0,123,35
4,120,ground,Hatchet,1,35,0,0,0,145,56
4,120,ground,Torch,1,90,0,0,0,126,51
4,120,ground,Bow,1,0,0,20,0,150,52
4,120,ground,Pickaxe,1,32,0,0,0,135,36
4,120,ground,Ammo,1,0,0,0,0,64,60
4,120,ground,Rake,1,400,0,0,0,120,83
4,120,ground,Bandage,2,0,0,0,0,127,76
4,120,ground,Medkit,1,0,0,0,0,147,101
4,120,ground,Rabbit Charm,1,0,0,0,0,145,85
4,120,ground,Ammo,1,0,0,0,0,137,78
4,120,ground,Bird Seed,1,0,0,0,0,95,103
4,120,ground,Fungal Bread,1,0,0,0,0,98,103
4,120,ground,Ammo,1,0,0,0,0,147,108
4,120,ground,Stick,1,18,0,0,0,57,32
4,120,ground,Digging Claws,1,200,0,0,0,31,78
4,120,ground,Bandage,3,0,0,0,0,111,79
4,120,wall,Bow,1,0,0,20,0,39,71
4,120,wall,Sap jar,2,0,0,0,0,101,90
4,121,stored,Stick,1,18,0,0,0,56,101
4,121,ground,Stick,1,18,0,0,0,33,80
4,121,ground,Pickaxe,1,32,0,0,0,11,127
4,121,ground,Resin Glue,1,0,0,0,0,29,121
4,121,ground,Wooden Maul,1,24,0,0,0,105,34
4,121,ground,Throwing Net,2,0,0,0,0,106,34
4,121,ground,Torch,1,90,0,0,0,99,55
4,121,ground,Hatchet,1,35,0,0,0,52,82
4,121,ground,Torch,1,90,0,0,0,51,82
4,121,ground,Pickaxe,1,32,0,0,0,52,52
4,121,ground,Root Drill,1,0,3,0,0,52,51
4,121,carried,Buckler,1,30,0,0,0,59,58
4,121,carried,Buckler,1,30,0,0,0,56,79
4,121,ground,Firecracker,2,0,0,0,0,56,77
4,121,ground,Fungal Bread,2,0,0,0,0,52,73
4,121,ground,Mushroom spores,2,0,0,0,0,51,33
4,121,ground,Bird Seed,1,0,0,0,0,13,94
4,121,ground,Fungal Bread,1,0,0,0,0,5,96
4,121,ground,Lantern Seed,1,0,0,0,0,76,72
4,121,ground,Ammo,1,0,0,0,0,27,101
4,121,ground,Herb Bag,1,0,4,0,0,52,104
4,121,ground,Medkit,1,0,0,0,0,54,33
4,121,ground,Ammo,1,0,0,0,0,62,38
4,121,ground,Resin Glue,1,0,0,0,0,85,82
4,122,stored,Flint Knife,1,60,0,0,0,77,34
4,122,ground,Stick,1,18,0,0,0,79,13
4,122,ground,River Fish,3,0,0,0,0,126,51
4,122,ground,River Fish,3,0,0,0,0,128,79
4,122,carried,Buckler,1,30,0,0,0,80,33
4,122,ground,Throwing Rock,3,0,0,0,0,35,32
4,122,ground,Rake,1,400,0,0,0,78,31
4,122,ground,Herb Bag,1,0,4,0,0,71,33
4,122,ground,Torch,1,90,0,0,0,56,49
4,122,ground,Herb Bag,1,0,4,0,0,57,56
4,122,ground,Bandage,2,0,0,0,0,59,14
4,122,ground,Ammo,1,0,0,0,0,35,30
4,122,ground,Ammo,1,0,0,0,0,7,56
4,122,stored,Sleep Meds,3,0,0,0,0,71,36
4,122,stored,Bandage,3,0,0,0,0,80,38
4,122,stored,Hatchet,1,35,0,0,0,73,40
4,122,stored,Cooked Meat,2,0,0,0,0,108,57
4,122,stored,Thorn Caltrops,2,0,0,0,0,121,42
4,122,stored,Rotten Fruit,3,0,0,0,0,96,79
4,122,ground,Stick,1,18,0,0,0,54,8
4,122,ground,Reflecting Pan,1,24,0,0,0,107,75
4,122,wall,Rope Hook,1,0,24,0,0,10,43
4,123,stored,Digging Claws,1,200,0,0,0,101,56
4,123,ground,Stick,1,18,0,0,0,56,80
4,123,ground,River Fish,3,0,0,0,0,73,55
4,123,ground,River Fish,6,0,0,0,0,28,128
4,123,carried,Buckler,1,30,0,0,0,79,8
4,123,ground,Rope Snare,2,0,0,0,0,55,124
4,123,ground,Water flask,2,0,0,0,0,61,93
4,123,ground,Stick,1,18,0,0,0,78,77
4,123,ground,Fungal Bread,1,0,0,0,0,77,83
4,123,ground,Bandage,2,0,0,0,0,59,122
4,123,ground,Root Drill,1,0,3,0,0,77,94
4,123,ground,Ammo,1,0,0,0,0,82,95
4,123,ground,Medkit,1,0,0,0,0,6,105
4,123,ground,Ammo,1,0,0,0,0,102,52
4,123,ground,Ammo,1,0,0,0,0,99,33
4,123,ground,Ammo,1,0,0,0,0,8,100
4,123,ground,River Fish,5,0,0,0,0,110,68
4,123,ground,River Fish,4,0,0,0,0,110,91
4,123,ground,Hunting Spear,1,45,0,0,0,97,11
4,123,ground,Wooden Maul,1,24,0,0,0,92,36
4,124,stored,Pickaxe,1,32,0,0,0,13,78
4,124,ground,Stick,1,18,0,0,0,57,57
4,124,ground,Pickaxe,1,32,0,0,0,36,84
4,124,ground,Torch,1,90,0,0,0,49,78
4,124,ground,River Fish,3,0,0,0,0,81,105
4,124,ground,Hatchet,1,35,0,0,0,75,122
4,124,ground,Pickaxe,1,32,0,0,0,83,101
4,124,ground,Bear Trap,2,0,0,0,0,73,97
4,124,ground,Resin Glue,1,0,0,0,0,82,113
4,124,ground,Hunting Horn,1,0,8,0,0,59,120
4,124,ground,Bird Seed,1,0,0,0,0,54,28
4,124,ground,Fungal Bread,1,0,0,0,0,52,34
4,124,ground,Hatchet,1,35,0,0,0,54,122
4,124,ground,Herb Bag,1,0,4,0,0,52,126
4,124,ground,Medkit,1,0,0,0,0,126,119
4,124,ground,Ammo,1,0,0,0,0,16,84
4,124,ground,Ammo,1,0,0,0,0,123,124
4,124,ground,River Fish,5,0,0,0,0,71,100
4,124,ground,River Fish,5,0,0,0,0,56,102
4,124,ground,River Fish,3,0,0,0,0,44,108
4,124,ground,River Fish,4,0,0,0,0,16,102
4,124,stored,Oil flask,2,0,0,0,0,11,80
4,124,ground,Flint Knife,1,60,0,0,0,78,34
4,124,ground,Splint,1,0,2,0,0,2,101
4,124,wall,Blunderbuss,1,0,0,2,14,55,18
4,124,wall,Throwing Net,2,0,0,0,0,77,68
4,125,stored,Pickaxe,1,32,0,0,0,11,79
4,125,ground,Stick,1,18,0,0,0,77,35
4,125,ground,River Fish,5,0,0,0,0,54,75
4,125,ground,Flint Knife,1,60,0,0,0,72,78
4,125,ground,Fungal Bread,1,0,0,0,0,51,86
4,125,ground,Torch,1,90,0,0,0,35,31
4,125,ground,Throwing Net,2,0,0,0,0,36,31
4,125,ground,Torch,1,90,0,0,0,55,33
4,125,ground,Hatchet,1,35,0,0,0,38,51
4,125,ground,Torch,1,90,0,0,0,38,50
4,125,ground,Hatchet,1,35,0,0,0,38,83
4,125,ground,Root Drill,1,0,3,0,0,38,84
4,125,carried,Buckler,1,30,0,0,0,40,66
4,125,carried,Buckler,1,30,0,0,0,36,64
4,125,ground,Fungal Bread,2,0,0,0,0,35,56
4,125,ground,Fungal Bread,2,0,0,0,0,35,84
4,125,ground,Fungal Bread,2,0,0,0,0,30,53
4,125,ground,River Fish,4,0,0,0,0,9,54
4,125,ground,Fishing Line,1,0,20,0,0,7,57
4,125,ground,Mushroom spores,2,0,0,0,0,11,46
4,125,ground,Bitter Root,1,0,0,0,0,84,54
4,125,ground,Herb Bag,1,0,4,0,0,75,58
4,125,ground,Mushroom spores,2,0,0,0,0,10,60
4,125,ground,Bow,1,0,0,20,0,10,37
4,125,ground,Ammo,1,0,0,0,0,9,42
4,125,ground,Medkit,1,0,0,0,0,101,98
4,125,ground,Bandage,2,0,0,0,0,100,95
4,125,ground,Ammo,1,0,0,0,0,104,98
4,125,ground,Fungal Bread,1,0,0,0,0,24,10
4,125,ground,Water flask,2,0,0,0,0,53,11
4,125,ground,Torch,1,90,0,0,0,103,74
4,125,wall,Bow,1,0,0,20,0,109,79
4,126,stored,Wooden Maul,1,24,0,0,0,57,33
4,126,ground,Stick,1,18,0,0,0,55,79
4,126,carried,Buckler,1,30,0,0,0,81,71
4,126,carried,Buckler,1,30,0,0,0,81,75
4,126,ground,Flint Knife,1,60,0,0,0,86,63
4,126,ground,Rake,1,400,0,0,0,88,79
4,126,ground,Sap jar,2,0,0,0,0,26,54
4,126,ground,River Fish,4,0,0,0,0,37,14
4,126,carried,Buckler,1,30,0,0,0,59,7
4,126,ground,Pickaxe,1,32,0,0,0,34,33
4,126,ground,Bird Seed,1,0,0,0,0,64,60
4,126,ground,Herb Bag,1,0,4,0,0,52,50
4,126,ground,Bird Seed,1,0,0,0,0,75,31
4,126,ground,Herb Bag,1,0,4,0,0,72,35
4,126,ground,Herb Bag,1,0,4,0,0,39,33
4,126,ground,Ammo,1,0,0,0,0,8,39
4,126,ground,Flint Knife,1,60,0,0,0,83,25
4,126,ground,Resin Glue,1,0,0,0,0,49,39
4,126,ground,Sap jar,2,0,0,0,0,76,23
4,126,wall,Hunting Horn,1,0,8,0,0,37,42
4,127,stored,Bow,1,0,0,20,0,79,79
4,127,ground,Stick,1,18,0,0,0,78,35
4,127,carried,Buckler,1,30,0,0,0,122,34
4,127,ground,Pickaxe,1,32,0,0,0,122,61
4,127,ground,Bitter Root,1,0,0,0,0,97,26
4,127,ground,Rake,1,400,0,0,0,127,29
4,127,ground,Bandage,2,0,0,0,0,127,40
4,127,ground,Fungal Bread,1,0,0,0,0,48,31
4,127,ground,Fungal Bread,1,0,0,0,0,95,15
4,127,ground,Ammo,1,0,0,0,0,122,54
4,127,ground,Ammo,1,0,0,0,0,53,80
4,127,ground,Ammo,1,0,0,0,0,14,34
4,127,ground,Ammo,1,0,0,0,0,77,55
4,127,ground,Ammo,1,0,0,0,0,115,77
4,128,stored,Stick,1,18,0,0,0,123,34
4,128,ground,Stick,1,18,0,0,0,77,57
4,128,ground,Torch,1,90,0,0,0,100,31
4,128,ground,Rope Hook,1,0,24,0,0,101,31
4,128,ground,Torch,1,90,0,0,0,77,35
4,128,ground,Hatchet,1,35,0,0,0,99,74
4,128,ground,Bow,1,0,0,20,0,104,81
4,128,ground,Blunderbuss,1,0,0,2,14,50,61
4,128,ground,Raw Meat,1,0,0,0,0,61,61
4,128,carried,Buckler,1,30,0,0,0,121,26
4,128,carried,Buckler,1,30,0,0,0,124,17
4,128,ground,Throwing Net,2,0,0,0,0,98,33
4,128,ground,Bird Seed,1,0,0,0,0,121,32
4,128,ground,Bandage,2,0,0,0,0,128,32
4,128,ground,Bird Seed,1,0,0,0,0,41,37
4,128,ground,Fungal Bread,1,0,0,0,0,33,29
4,128,ground,Fungal Bread,1,0,0,0,0,114,81
4,128,ground,Hunting Spear,1,45,0,0,0,39,8
4,128,ground,Ammo,1,0,0,0,0,32,17
4,128,ground,Ammo,1,0,0,0,0,19,35
4,128,ground,Ammo,1,0,0,0,0,77,14
4,128,ground,Ammo,1,0,0,0,0,120,8
4,128,stored,Ammo,2,0,0,0,0,123,78
4,128,stored,Water flask,2,0,0,0,0,117,79
4,128,ground,Sap jar,2,0,0,0,0,126,53
4,128,wall,Pickaxe,1,32,0,0,0,125,82
4,129,stored,Torch,1,90,0,0,0,12,78
4,129,ground,Stick,1,18,0,0,0,77,81
4,129,ground,Stick,1,18,0,0,0,42,50
4,129,ground,Splint,1,0,2,0,0,54,51
4,129,ground,Torch,1,90,0,0,0,39,74
4,129,ground,Hatchet,1,35,0,0,0,56,86
4,129,ground,Throwing Rock,3,0,0,0,0,79,14
4,129,ground,Straw Decoy,1,0,0,0,0,82,29
4,129,ground,Seed Bag,1,0,6,0,0,71,34
4,129,ground,Blink Seed,2,0,0,0,0,84,6
4,129,ground,Torch,1,90,0,0,0,97,17
4,129,carried,Buckler,1,30,0,0,0,17,99
4,129,ground,Rope Snare,2,0,0,0,0,85,51
4,129,ground,Hatchet,1,35,0,0,0,74,57
4,129,ground,Ammo,1,0,0,0,0,79,46
4,129,ground,Medkit,1,0,0,0,0,14,104
4,129,ground,Bitter Root,1,0,0,0,0,59,3
4,129,ground,Bandage,2,0,0,0,0,13,103
4,129,ground,Bandage,2,0,0,0,0,16,105
4,129,ground,Ammo,1,0,0,0,0,16,98
4,129,ground,Cooked Meat,2,0,0,0,0,4,75
4,130,stored,Stick,1,18,0,0,0,121,100
4,130,ground,Stick,1,18,0,0,0,79,36
4,130,ground,Digging Claws,1,200,0,0,0,68,81
4,130,ground,Egg,3,0,0,0,0,67,75
4,130,ground,River Fish,3,0,0,0,0,38,49
4,130,ground,Bow,1,0,0,20,0,27,42
4,130,ground,Honey pot,1,0,0,0,0,38,41
4,130,ground,Flint Knife,1,60,0,0,0,100,95
4,130,ground,Rope Hook,1,0,24,0,0,101,95
4,130,ground,Torch,1,90,0,0,0,78,99
4,130,ground,Crossbow,1,0,0,1,16,35,104
4,130,ground,Rake,1,400,0,0,0,54,101
4,130,ground,River Fish,6,0,0,0,0,34,80
4,130,ground,Rabbit Charm,1,0,0,0,0,34,94
4,130,ground,Rabbit Charm,1,0,0,0,0,56,33
4,130,ground,Ammo,1,0,0,0,0,61,36
4,130,ground,Medkit,1,0,0,0,0,14,33
4,130,ground,Bird Seed,1,0,0,0,0,124,102
4,130,ground,Bandage,2,0,0,0,0,129,100
4,130,ground,Mushroom spores,2,0,0,0,0,33,77
4,130,ground,Bandage,2,0,0,0,0,8,37
4,130,ground,Ammo,1,0,0,0,0,6,31
4,130,ground,River Fish,4,0,0,0,0,31,87
4,130,ground,River Fish,5,0,0,0,0,37,96
4,130,ground,Pickaxe,1,32,0,0,0,26,72
4,130,ground,Pickaxe,1,32,0,0,0,28,79
4,130,wall,Sap jar,2,0,0,0,0,111,101
4,131,stored,Wooden Maul,1,24,0,0,0,100,35
4,131,ground,Stick,1,18,0,0,0,56,15
4,131,ground,River Fish,3,0,0,0,0,34,53
4,131,ground,Hatchet,1,35,0,0,0,6,56
4,131,ground,Hunting Horn,1,0,8,0,0,26,54
4,131,ground,Resin Glue,1,0,0,0,0,39,61
4,131,ground,Lighter,1,0,20,0,0,28,50
4,131,ground,Rake,1,400,0,0,0,34,59
4,131,ground,Flint Knife,1,60,0,0,0,11,9
4,131,ground,Splint,1,0,2,0,0,30,14
4,131,ground,Rope Snare,2,0,0,0,0,31,3
4,131,ground,Hatchet,1,35,0,0,0,38,39
4,131,ground,Torch,1,90,0,0,0,39,39
4,131,ground,Stick,1,18,0,0,0,9,39
4,131,ground,Root Drill,1,0,3,0,0,8,39
4,131,carried,Buckler,1,30,0,0,0,19,30
4,131,carried,Buckler,1,30,0,0,0,21,33
4,131,ground,Fungal Bread,2,0,0,0,0,14,40
4,131,ground,Firecracker,2,0,0,0,0,41,29
4,131,ground,River Fish,3,0,0,0,0,104,36
4,131,ground,Fishing Line,1,0,20,0,0,102,32
4,131,ground,Digging Claws,1,200,0,0,0,52,31
4,131,carried,Buckler,1,30,0,0,0,74,10
4,131,ground,Spring Trap,2,0,0,0,0,79,65
4,131,ground,Seed Bag,1,0,6,0,0,54,34
4,131,ground,Rake,1,400,0,0,0,82,54
4,131,ground,Ammo,1,0,0,0,0,86,63
4,131,ground,Fungal Bread,1,0,0,0,0,4,79
4,131,ground,Medkit,1,0,0,0,0,75,6
4,131,ground,Bandage,2,0,0,0,0,79,6
4,131,ground,Ammo,1,0,0,0,0,80,15
4,131,wall,Smoke pot,2,0,0,0,0,77,24
4,131,wall,Seed Bag,1,0,6,0,0,84,48
4,132,stored,Flint Knife,1,60,0,0,0,33,55
4,132,ground,Stick,1,18,0,0,0,56,37
4,132,ground,River Fish,6,0,0,0,0,74,31
4,132,ground,Bow,1,0,0,20,0,103,35
4,132,ground,Seed Bag,1,0,6,0,0,84,34
4,132,ground,Flint Knife,1,60,0,0,0,124,30
4,132,ground,Pitch Bomb,2,0,0,0,0,85,12
4,132,ground,Ammo,1,0,0,0,0,81,13
4,132,ground,Chili,1,0,0,0,0,34,77
4,132,ground,Chili,1,0,0,0,0,17,82
4,132,ground,Herb Bag,1,0,4,0,0,105,60
4,132,ground,Bandage,2,0,0,0,0,36,35
4,132,ground,Medkit,1,0,0,0,0,72,78
4,132,ground,Ammo,1,0,0,0,0,72,77
4,132,stored,Sap jar,2,0,0,0,0,123,29
4,132,stored,Boomerang,1,0,0,0,0,38,50
4,132,ground,Medkit,1,0,0,0,0,7,38
4,132,ground,Sticky Boots,1,0,4,0,0,56,70
4,132,wall,Seed Bag,1,0,6,0,0,20,31
4,133,stored,Bow,1,0,0,20,0,78,35
4,133,ground,Stick,1,18,0,0,0,34,58
4,133,ground,Hatchet,1,35,0,0,0,83,73
4,133,ground,Lighter,1,0,20,0,0,66,66
4,133,ground,River Fish,4,0,0,0,0,34,104
4,133,ground,Hatchet,1,35,0,0,0,6,52
4,133,carried,Buckler,1,30,0,0,0,9,75
4,133,ground,Seed Bag,1,0,6,0,0,80,30
4,133,ground,Rake,1,400,0,0,0,6,61
4,133,ground,Bandage,2,0,0,0,0,14,51
4,133,ground,Oil flask,1,0,0,0,0,83,37
4,133,ground,Medkit,1,0,0,0,0,104,11
4,133,ground,Herb Bag,1,0,4,0,0,33,73
4,133,ground,Ammo,1,0,0,0,0,95,12
4,133,ground,River Fish,4,0,0,0,0,19,89
4,133,ground,River Fish,5,0,0,0,0,11,80
4,133,ground,Thorn Caltrops,2,0,0,0,0,96,107
4,133,wall,Rope Hook,1,0,24,0,0,1,79
4,134,stored,Crossbow,1,0,0,1,16,123,78
4,134,ground,Stick,1,18,0,0,0,79,79
4,134,carried,Buckler,1,30,0,0,0,78,58
4,134,carried,Buckler,1,30,0,0,0,101,82
4,134,ground,Spring Trap,2,0,0,0,0,40,22
4,134,ground,Thorn Caltrops,1,0,0,0,0,98,78
4,134,ground,Oil flask,1,0,0,0,0,71,56
4,134,ground,Ammo,1,0,0,0,0,47,52
4,134,ground,Ammo,1,0,0,0,0,36,58
4,134,ground,Herb Bag,1,0,4,0,0,126,48
4,134,ground,Root Drill,1,0,3,0,0,119,25
4,134,ground,Ammo,1,0,0,0,0,125,31
4,134,ground,Herb Bag,1,0,4,0,0,30,28
4,134,ground,Medkit,1,0,0,0,0,14,6
4,134,ground,Ammo,1,0,0,0,0,14,8
4,134,ground,River Fish,4,0,0,0,0,93,48
4,134,ground,River Fish,3,0,0,0,0,48,36
4,134,ground,River Fish,2,0,0,0,0,34,22
4,134,ground,River Fish,4,0,0,0,0,22,6
4,134,ground,Stick,1,18,0,0,0,32,52
4,134,ground,Thunder Acorn,2,0,0,0,0,49,46
4,135,stored,Hunting Spear,1,45,0,0,0,79,34
4,135,ground,Stick,1,18,0,0,0,56,79
4,135,ground,River Fish,4,0,0,0,0,104,31
4,135,ground,Fishing Line,1,0,20,0,0,107,32
4,135,carried,Buckler,1,30,0,0,0,13,124
4,135,ground,Spring Trap,2,0,0,0,0,79,53
4,135,ground,Ammo,1,0,0,0,0,51,105
4,135,ground,Acorn Mine,2,0,0,0,0,85,99
4,135,ground,Fungal Bread,1,0,0,0,0,79,102
4,135,ground,Lantern Seed,1,0,0,0,0,81,80
4,135,ground,Herb Bag,1,0,4,0,0,86,56
4,135,ground,Fungal Bread,1,0,0,0,0,31,130
4,135,ground,Ammo,1,0,0,0,0,104,11
4,135,ground,River Fish,5,0,0,0,0,83,38
4,135,ground,River Fish,3,0,0,0,0,43,68
4,135,ground,River Fish,4,0,0,0,0,31,81
4,135,ground,Cooked Meat,2,0,0,0,0,10,122
4,135,ground,Lighter,1,0,20,0,0,82,45
4,135,ground,Sap jar,2,0,0,0,0,72,53
4,135,wall,Throwing Rock,3,0,0,0,0,29,87
4,136,stored,Stick,1,18,0,0,0,101,12
4,136,ground,Stick,1,18,0,0,0,77,81
4,136,ground,Bow,1,0,0,20,0,98,32
4,136,ground,Rake,1,400,0,0,0,86,33
4,136,ground,Mushroom spores,2,0,0,0,0,92,33
4,136,ground,Rake,1,400,0,0,0,104,37
4,136,ground,Crossbow,1,0,0,1,16,35,29
4,136,ground,Throwing Net,2,0,0,0,0,36,29
4,136,ground,Torch,1,90,0,0,0,57,35
4,136,ground,Hatchet,1,35,0,0,0,83,51
4,136,ground,Torch,1,90,0,0,0,84,51
4,136,ground,Flint Knife,1,60,0,0,0,52,51
4,136,ground,Root Drill,1,0,3,0,0,51,51
4,136,ground,Firecracker,2,0,0,0,0,87,55
4,136,ground,Fungal Bread,2,0,0,0,0,86,53
4,136,ground,Hunting Spear,1,45,0,0,0,61,106
4,136,ground,Lighter,1,0,20,0,0,54,81
4,136,ground,Fungal Bread,1,0,0,0,0,54,80
4,136,ground,Ammo,1,0,0,0,0,30,51
4,136,ground,Rake,1,400,0,0,0,13,51
4,136,ground,Herb Bag,1,0,4,0,0,11,54
4,136,ground,Egg,3,0,0,0,0,42,74
4,136,ground,Ammo,1,0,0,0,0,32,75
4,136,ground,Ammo,1,0,0,0,0,7,83
4,136,ground,Medkit,1,0,0,0,0,29,12
4,136,ground,Ammo,1,0,0,0,0,54,108
4,136,ground,Ammo,1,0,0,0,0,31,10
4,136,ground,Rope Hook,1,0,24,0,0,51,98
4,137,stored,Stick,1,18,0,0,0,77,35
4,137,ground,Stick,1,18,0,0,0,79,80
4,137,ground,River Fish,6,0,0,0,0,55,82
4,137,ground,Mushroom spores,2,0,0,0,0,38,72
4,137,ground,Chili,1,0,0,0,0,34,83
4,137,ground,Rope Snare,2,0,0,0,0,54,77
4,137,carried,Buckler,1,30,0,0,0,14,33
4,137,carried,Buckler,1,30,0,0,0,30,13
4,137,ground,Flint Knife,1,60,0,0,0,64,39
4,137,ground,Torch,1,90,0,0,0,73,61
4,137,ground,Water flask,2,0,0,0,0,96,81
4,137,ground,Ammo,1,0,0,0,0,99,84
4,137,ground,Lantern Seed,1,0,0,0,0,103,56
4,137,ground,Bandage,2,0,0,0,0,76,28
4,137,ground,Fungal Bread,1,0,0,0,0,54,30
4,137,ground,Ammo,1,0,0,0,0,31,56
4,137,ground,Fungal Bread,1,0,0,0,0,62,16
4,137,ground,Ammo,1,0,0,0,0,32,36
4,137,stored,Fungal Bread,1,0,0,0,0,76,53
4,137,stored,Acorn Mine,2,0,0,0,0,75,60
4,137,ground,Bandage,3,0,0,0,0,83,40
4,138,stored,Blunderbuss,1,0,0,2,14,13,123
4,138,ground,Stick,1,18,0,0,0,78,81
4,138,ground,Bow,1,0,0,20,0,17,24
4,138,ground,Resin Glue,1,0,0,0,0,24,9
4,138,ground,Mushroom spores,2,0,0,0,0,79,116
4,138,ground,Cooked Meat,2,0,0,0,0,71,95
4,138,ground,Torch,1,90,0,0,0,12,60
4,138,ground,Medkit,1,0,0,0,0,21,56
4,138,ground,River Fish,3,0,0,0,0,29,75
4,138,carried,Buckler,1,30,0,0,0,64,54
4,138,ground,Seed Bag,1,0,6,0,0,54,128
4,138,ground,Ammo,1,0,0,0,0,50,76
4,138,ground,Mushroom spores,2,0,0,0,0,39,83
4,138,ground,Resin Glue,1,0,0,0,0,29,56
4,138,ground,Ammo,1,0,0,0,0,39,54
4,138,ground,Ammo,1,0,0,0,0,7,92
4,138,ground,Medkit,1,0,0,0,0,59,50
4,138,ground,Bandage,2,0,0,0,0,101,95
4,138,ground,Bandage,2,0,0,0,0,49,52
4,138,ground,Ammo,1,0,0,0,0,62,53
4,138,ground,Cooked Meat,2,0,0,0,0,10,99
4,139,stored,Torch,1,90,0,0,0,55,121
4,139,ground,Stick,1,18,0,0,0,34,81
4,139,carried,Buckler,1,30,0,0,0,101,109
4,139,carried,Buckler,1,30,0,0,0,102,108
4,139,carried,Buckler,1,30,0,0,0,99,107
4,139,carried,Buckler,1,30,0,0,0,100,106
4,139,carried,Buckler,1,30,0,0,0,88,100
4,139,carried,Buckler,1,30,0,0,0,90,102
4,139,carried,Buckler,1,30,0,0,0,92,99
4,139,carried,Buckler,1,30,0,0,0,96,102
4,139,ground,Rope Hook,1,0,24,0,0,97,114
4,139,ground,Mushroom spores,2,0,0,0,0,86,108
4,139,ground,Rope Hook,1,0,24,0,0,80,119
4,139,ground,Straw Decoy,1,0,0,0,0,38,52
4,139,ground,River Fish,4,0,0,0,0,78,76
4,139,ground,Pickaxe,1,32,0,0,0,62,103
4,139,ground,Pitch Bomb,2,0,0,0,0,34,53
4,139,ground,Hand Bell,1,0,80,0,0,53,80
4,139,ground,Fungal Bread,1,0,0,0,0,54,82
4,139,ground,Chili,1,0,0,0,0,100,73
4,139,ground,Medkit,1,0,0,0,0,38,126
4,139,ground,Fungal Bread,1,0,0,0,0,95,54
4,139,ground,Ammo,1,0,0,0,0,42,118
4,139,ground,Fried Egg,2,0,0,0,0,19,23
4,139,ground,Pickaxe,1,32,0,0,0,105,66
4,139,wall,Seed Bag,1,0,6,0,0,80,89
4,140,stored,Flint Knife,1,60,0,0,0,35,55
4,140,ground,Stick,1,18,0,0,0,56,81
4,140,ground,Flint Knife,1,60,0,0,0,99,8
4,140,ground,Rope Hook,1,0,24,0,0,100,8
4,140,ground,Torch,1,90,0,0,0,78,11
4,140,ground,River Fish,3,0,0,0,0,75,75
4,140,ground,River Fish,3,0,0,0,0,105,61
4,140,ground,Hunting Spear,1,45,0,0,0,18,27
4,140,ground,Honey pot,1,0,0,0,0,12,37
4,140,ground,Sleep Meds,3,0,0,0,0,78,31
4,140,ground,Mushroom spores,2,0,0,0,0,61,51
4,140,ground,Mushroom spores,2,0,0,0,0,84,81
4,140,ground,Ammo,1,0,0,0,0,42,60
4,140,ground,Ammo,1,0,0,0,0,35,39
4,140,ground,Ammo,1,0,0,0,0,84,35
4,140,ground,Bandage,2,0,0,0,0,102,75
4,140,ground,Fungal Bread,1,0,0,0,0,61,34
4,140,ground,Splint,1,0,2,0,0,95,38
4,140,ground,Ammo,1,0,0,0,0,104,33
4,140,ground,Bandage,2,0,0,0,0,17,38
4,140,ground,Ammo,1,0,0,0,0,53,8
4,140,ground,River Fish,5,0,0,0,0,86,45
4,140,ground,River Fish,2,0,0,0,0,113,25
4,140,carried,Buckler,1,30,0,0,0,52,29
4,140,ground,Splint,1,0,2,0,0,13,31
4,141,stored,Wooden Maul,1,24,0,0,0,101,122
4,141,ground,Stick,1,18,0,0,0,55,58
4,141,ground,River Fish,6,0,0,0,0,74,82
4,141,ground,Digging Claws,1,200,0,0,0,62,74
4,141,ground,Bitter Root,1,0,0,0,0,82,70
4,141,ground,Torch,1,90,0,0,0,74,12
4,141,ground,Throwing Net,2,0,0,0,0,75,12
4,141,ground,Torch,1,90,0,0,0,78,33
4,141,ground,Throwing Rock,3,0,0,0,0,98,99
4,141,ground,Rotten Fruit,3,0,0,0,0,103,93
4,141,ground,Resin Glue,1,0,0,0,0,108,77
4,141,ground,River Fish,3,0,0,0,0,99,127
4,141,ground,Fishing Line,1,0,20,0,0,97,128
4,141,carried,Buckler,1,30,0,0,0,8,80
4,141,ground,Throwing Net,2,0,0,0,0,83,10
4,141,ground,Lighter,1,0,20,0,0,59,35
4,141,ground,Ammo,1,0,0,0,0,56,39
4,141,ground,Rake,1,400,0,0,0,80,65
4,141,ground,Fungal Bread,1,0,0,0,0,82,59
4,141,ground,Digging Claws,1,200,0,0,0,76,107
4,141,ground,Ammo,1,0,0,0,0,72,98
4,141,ground,Herb Bag,1,0,4,0,0,28,71
4,141,ground,Medkit,1,0,0,0,0,126,124
4,141,ground,Ammo,1,0,0,0,0,123,117
4,141,ground,Straw Decoy,1,0,0,0,0,17,73
4,141,ground,Water flask,2,0,0,0,0,117,75
4,141,ground,Throwing Net,2,0,0,0,0,35,85
4,141,wall,Mushroom spores,2,0,0,0,0,22,83
4,142,stored,Wooden Maul,1,24,0,0,0,78,34
4,142,ground,Stick,1,18,0,0,0,77,59
4,142,ground,Boomerang,1,0,0,0,0,26,67
4,142,ground,Hatchet,1,35,0,0,0,73,75
4,142,ground,Torch,1,90,0,0,0,73,74
4,142,ground,Flint Knife,1,60,0,0,0,73,104
4,142,ground,Root Drill,1,0,3,0,0,72,104
4,142,carried,Buckler,1,30,0,0,0,81,97
4,142,ground,Firecracker,2,0,0,0,0,88,81
4,142,carried,Buckler,1,30,0,0,0,21,72
4,142,carried,Buckler,1,30,0,0,0,38,36
4,142,carried,Buckler,1,30,0,0,0,13,32
4,142,ground,Thorn Caltrops,2,0,0,0,0,24,55
4,142,ground,Bird Seed,1,0,0,0,0,56,40
4,142,ground,Herb Bag,1,0,4,0,0,54,38
4,142,ground,Rake,1,400,0,0,0,13,49
4,142,ground,Herb Bag,1,0,4,0,0,11,62
4,142,ground,Thunder Acorn,2,0,0,0,0,79,4
4,142,ground,Ammo,1,0,0,0,0,82,13
4,142,ground,Medkit,1,0,0,0,0,7,32
4,142,ground,Ammo,1,0,0,0,0,14,40
4,142,ground,Acorn Mine,2,0,0,0,0,129,94
4,142,ground,Pitch Bomb,2,0,0,0,0,4,58
4,142,ground,Flint Knife,1,60,0,0,0,10,77
4,142,ground,Hatchet,1,35,0,0,0,18,78
4,142,wall,Blunderbuss,1,0,0,2,14,5,47
4,143,stored,Stick,1,18,0,0,0,33,77
4,143,ground,Stick,1,18,0,0,0,78,36
4,143,ground,River Fish,6,0,0,0,0,52,28
4,143,ground,Bow,1,0,0,20,0,58,11
4,143,ground,Medkit,1,0,0,0,0,48,8
4,143,ground,Seed Bag,1,0,6,0,0,9,58
4,143,ground,Cooked Meat,2,0,0,0,0,42,56
4,143,ground,River Fish,3,0,0,0,0,31,28
4,143,ground,Fishing Line,1,0,20,0,0,31,31
4,143,ground,Seed Bag,1,0,6,0,0,113,35
4,143,ground,Bird Seed,1,0,0,0,0,82,55
4,143,ground,Fungal Bread,1,0,0,0,0,83,56
4,143,ground,Thorn Caltrops,1,0,0,0,0,104,55
4,143,ground,Fungal Bread,1,0,0,0,0,118,58
4,143,ground,Ammo,1,0,0,0,0,51,55
4,143,ground,Medkit,1,0,0,0,0,116,30
4,143,ground,Ammo,1,0,0,0,0,76,10
4,143,ground,Sticky Boots,1,0,4,0,0,136,55
4,143,ground,Ammo,1,0,0,0,0,137,54
4,143,ground,Ammo,1,0,0,0,0,119,36
4,143,stored,Seed Bag,1,0,6,0,0,76,6
4,143,ground,Rake,1,400,0,0,0,84,14
4,143,ground,Hunting Horn,1,0,8,0,0,40,73
4,143,wall,Rope Snare,2,0,0,0,0,97,28
4,143,wall,Pickaxe,1,32,0,0,0,54,64
4,144,stored,Flint Knife,1,60,0,0,0,55,121
4,144,ground,Stick,1,18,0,0,0,78,81
4,144,ground,Torch,1,90,0,0,0,89,6
4,144,ground,Bird Seed,3,0,0,0,0,79,26
4,144,ground,Blunderbuss,1,0,0,2,14,34,38
4,144,ground,Flint Knife,1,60,0,0,0,38,50
4,144,ground,Bow,1,0,0,20,0,29,62
4,144,ground,River Fish,4,0,0,0,0,52,56
4,144,ground,Hunting Spear,1,45,0,0,0,125,79
4,144,carried,Buckler,1,30,0,0,0,29,101
4,144,ground,Throwing Rock,3,0,0,0,0,83,31
4,144,ground,Torch,1,90,0,0,0,102,77
4,144,ground,Herb Bag,1,0,4,0,0,102,87
4,144,ground,Rake,1,400,0,0,0,55,81
4,144,ground,Fungal Bread,1,0,0,0,0,48,78
4,144,ground,Herb Bag,1,0,4,0,0,61,100
4,144,ground,Ammo,1,0,0,0,0,107,61
4,144,ground,Cooked Meat,2,0,0,0,0,77,59
4,144,ground,Ammo,1,0,0,0,0,72,61
4,144,ground,Ammo,1,0,0,0,0,51,125
4,144,ground,Ammo,1,0,0,0,0,10,106
4,144,ground,River Fish,3,0,0,0,0,29,46
4,144,wall,Thunder Acorn,2,0,0,0,0,62,52
4,144,wall,Blunderbuss,1,0,0,2,14,49,130
4,145,stored,Flint Knife,1,60,0,0,0,77,100
4,145,ground,Stick,1,18,0,0,0,11,57
4,145,ground,Hatchet,1,35,0,0,0,43,84
4,145,ground,Throwing Rock,3,0,0,0,0,43,78
4,145,ground,Hatchet,1,35,0,0,0,25,39
4,145,ground,Straw Decoy,1,0,0,0,0,7,23
4,145,ground,Flint Knife,1,60,0,0,0,14,120
4,145,ground,Reflecting Pan,1,24,0,0,0,9,119
4,145,ground,Wooden Maul,1,24,0,0,0,73,103
4,145,ground,Raw Meat,1,0,0,0,0,80,94
4,145,ground,Boomerang,1,0,0,0,0,52,35
4,145,ground,Ammo,1,0,0,0,0,10,75
4,145,ground,Ammo,1,0,0,0,0,83,79
4,145,ground,Ammo,1,0,0,0,0,50,49
4,145,ground,Medkit,1,0,0,0,0,48,32
4,145,ground,Ammo,1,0,0,0,0,76,95
4,145,ground,Bandage,2,0,0,0,0,61,40
4,145,ground,Bandage,2,0,0,0,0,53,39
4,145,ground,Hatchet,1,35,0,0,0,62,31
4,145,ground,Ammo,1,0,0,0,0,60,39
4,145,ground,Stick,1,18,0,0,0,13,84
4,145,ground,Resin Glue,1,0,0,0,0,53,53
4,145,ground,Medkit,1,0,0,0,0,65,60
4,145,wall,Medkit,1,0,0,0,0,12,45
4,145,wall,Mushroom spores,2,0,0,0,0,54,45
4,145,wall,Bomb,2,0,0,0,0,13,67
4,146,stored,Pickaxe,1,32,0,0,0,77,13
4,146,ground,Stick,1,18,0,0,0,78,80
4,146,ground,River Fish,4,0,0,0,0,51,82
4,146,ground,Fishing Line,1,0,20,0,0,54,79
4,146,ground,Crossbow,1,0,0,1,16,52,98
4,146,ground,Raw Meat,1,0,0,0,0,61,101
4,146,carried,Buckler,1,30,0,0,0,36,73
4,146,ground,Bear Trap,2,0,0,0,0,32,74
4,146,ground,Resin Glue,1,0,0,0,0,72,54
4,146,ground,Ammo,1,0,0,0,0,78,54
4,146,ground,Water flask,2,0,0,0,0,53,82
4,146,ground,Ammo,1,0,0,0,0,77,36
4,146,ground,Herb Bag,1,0,4,0,0,59,58
4,146,ground,Ammo,1,0,0,0,0,56,34
4,146,ground,Bandage,2,0,0,0,0,101,9
4,146,ground,Herb Bag,1,0,4,0,0,26,51
4,146,ground,Ammo,1,0,0,0,0,14,38
4,146,ground,Ammo,1,0,0,0,0,117,8
4,146,stored,Bitter Root,1,0,0,0,0,37,12
4,146,stored,Bird Seed,3,0,0,0,0,39,16
4,146,ground,Bomb,2,0,0,0,0,38,81
4,146,ground,Rope Hook,1,0,24,0,0,33,61
4,146,wall,Water flask,2,0,0,0,0,49,9
4,147,stored,Bow,1,0,0,20,0,78,123
4,147,ground,Stick,1,18,0,0,0,79,80
4,147,ground,River Fish,3,0,0,0,0,77,57
4,147,ground,Torch,1,90,0,0,0,52,47
4,147,ground,Hatchet,1,35,0,0,0,82,52
4,147,ground,Water flask,2,0,0,0,0,78,51
4,147,ground,Hatchet,1,35,0,0,0,60,37
4,147,ground,Torch,1,90,0,0,0,61,37
4,147,ground,Flint Knife,1,60,0,0,0,29,37
4,147,ground,Root Drill,1,0,3,0,0,29,36
4,147,carried,Buckler,1,30,0,0,0,37,35
4,147,ground,Fungal Bread,2,0,0,0,0,42,34
4,147,ground,River Fish,5,0,0,0,0,33,57
4,147,ground,Hunting Spear,1,45,0,0,0,77,49
4,147,ground,Rake,1,400,0,0,0,77,94
4,147,ground,Ammo,1,0,0,0,0,76,97
4,147,ground,Mushroom spores,2,0,0,0,0,39,58
4,147,ground,Scarecrow,1,0,0,0,0,96,115
4,147,ground,Ammo,1,0,0,0,0,106,122
4,147,ground,Medkit,1,0,0,0,0,50,11
4,147,ground,Herb Bag,1,0,4,0,0,31,14
4,147,ground,Bandage,2,0,0,0,0,21,60
4,147,ground,Ammo,1,0,0,0,0,51,11
4,147,ground,Pickaxe,1,32,0,0,0,12,59
4,148,stored,Bow,1,0,0,20,0,12,78
4,148,ground,Stick,1,18,0,0,0,13,57
4,148,ground,Wooden Maul,1,24,0,0,0,62,49
4,148,ground,River Fish,6,0,0,0,0,35,16
4,148,ground,Stick,1,18,0,0,0,57,8
4,148,ground,Blunderbuss,1,0,0,2,14,37,121
4,148,ground,Lighter,1,0,20,0,0,22,105
4,148,ground,Pickaxe,1,32,0,0,0,16,96
4,148,ground,Hatchet,1,35,0,0,0,51,94
4,148,ground,Torch,1,90,0,0,0,50,94
4,148,ground,Stick,1,18,0,0,0,83,94
4,148,ground,Root Drill,1,0,3,0,0,84,94
4,148,carried,Buckler,1,30,0,0,0,71,97
4,148,carried,Buckler,1,30,0,0,0,50,97
4,148,ground,Fungal Bread,2,0,0,0,0,57,100
4,148,ground,Boomerang,1,0,0,0,0,51,5
4,148,ground,Water flask,2,0,0,0,0,11,76
4,148,ground,Fungal Bread,1,0,0,0,0,9,80
4,148,ground,Pitch Bomb,2,0,0,0,0,38,77
4,148,ground,Ammo,1,0,0,0,0,41,80
4,148,ground,Medkit,1,0,0,0,0,61,120
4,148,ground,Bandage,2,0,0,0,0,61,127
4,148,ground,Wooden Maul,1,24,0,0,0,55,125
4,148,ground,Ammo,1,0,0,0,0,64,120
4,148,wall,Rope Snare,2,0,0,0,0,35,69
4,149,stored,Hunting Spear,1,45,0,0,0,100,12
4,149,ground,Stick,1,18,0,0,0,78,79
4,149,ground,Blunderbuss,1,0,0,2,14,104,38
4,149,ground,Hatchet,1,35,0,0,0,83,104
4,149,ground,Torch,1,90,0,0,0,84,104
4,149,ground,Bow,1,0,0,20,0,51,104
4,149,ground,Root Drill,1,0,3,0,0,50,104
4,149,carried,Buckler,1,30,0,0,0,81,99
4,149,carried,Buckler,1,30,0,0,0,53,106
4,149,ground,Fungal Bread,2,0,0,0,0,79,99
4,149,ground,Fungal Bread,2,0,0,0,0,58,101
4,149,ground,River Fish,3,0,0,0,0,59,41
4,149,ground,Fishing Line,1,0,20,0,0,58,39
4,149,ground,River Fish,6,0,0,0,0,122,40
4,149,ground,Flint Knife,1,60,0,0,0,105,101
4,149,ground,Raw Meat,1,0,0,0,0,99,101
4,149,carried,Buckler,1,30,0,0,0,51,14
4,149,carried,Buckler,1,30,0,0,0,59,129
4,149,ground,Blink Seed,2,0,0,0,0,63,17
4,149,ground,Resin Glue,1,0,0,0,0,60,57
4,149,ground,Ammo,1,0,0,0,0,55,59
4,149,ground,Thorn Caltrops,1,0,0,0,0,103,101
4,149,ground,Fungal Bread,1,0,0,0,0,61,82
4,149,ground,Ammo,1,0,0,0,0,84,20
4,149,ground,Medkit,1,0,0,0,0,54,17
4,149,ground,Herb Bag,1,0,4,0,0,105,17
4,149,ground,Ammo,1,0,0,0,0,61,12
4,149,ground,River Fish,3,0,0,0,0,36,98
4,149,ground,River Fish,2,0,0,0,0,42,57
4,149,ground,River Fish,2,0,0,0,0,45,17
4,149,ground,Bandage,3,0,0,0,0,33,125
4,149,ground,Hatchet,1,35,0,0,0,53,25
4,149,wall,Rope Hook,1,0,24,0,0,89,101
4,150,stored,Torch,1,90,0,0,0,12,55
4,150,ground,Stick,1,18,0,0,0,78,57
4,150,ground,Mushroom spores,2,0,0,0,0,56,39
4,150,ground,Oil flask,1,0,0,0,0,55,59
4,150,ground,Rake,1,400,0,0,0,33,57
4,150,ground,Ammo,1,0,0,0,0,32,61
4,150,ground,Ammo,1,0,0,0,0,38,74
4,150,ground,Ammo,1,0,0,0,0,42,103
4,150,ground,Fungal Bread,1,0,0,0,0,60,14
4,150,ground,Bandage,2,0,0,0,0,30,121
4,150,ground,Bandage,2,0,0,0,0,75,40
4,150,ground,Ammo,1,0,0,0,0,103,47
4,150,ground,Ammo,1,0,0,0,0,87,78
4,150,ground,River Fish,2,0,0,0,0,68,70
4,150,ground,River Fish,3,0,0,0,0,88,92
4,150,ground,River Fish,3,0,0,0,0,107,94
4,150,ground,River Fish,3,0,0,0,0,121,101
4,150,ground,Hatchet,1,35,0,0,0,8,62
4,150,ground,Buckler,1,30,0,0,0,39,39
4,150,ground,Water flask,2,0,0,0,0,28,30
4,150,ground,Hatchet,1,35,0,0,0,81,91
4,150,wall,Stick,1,18,0,0,0,34,19
4,150,wall,Bandage,3,0,0,0,0,61,31
4,150,wall,Throwing Rock,3,0,0,0,0,33,84
4,151,stored,Hunting Spear,1,45,0,0,0,56,55
4,151,ground,Stick,1,18,0,0,0,57,80
4,151,ground,Torch,1,90,0,0,0,39,11
4,151,ground,Rope Hook,1,0,24,0,0,40,11
4,151,ground,Torch,1,90,0,0,0,35,33
4,151,ground,Spring Trap,2,0,0,0,0,32,78
4,151,ground,Rope Snare,2,0,0,0,0,40,58
4,151,ground,Rotten Fruit,3,0,0,0,0,26,77
4,151,ground,Flint Knife,1,60,0,0,0,29,83
4,151,ground,River Fish,5,0,0,0,0,5,76
4,151,carried,Buckler,1,30,0,0,0,53,124
4,151,carried,Buckler,1,30,0,0,0,88,120
4,151,ground,Rope Hook,1,0,24,0,0,57,60
4,151,ground,Bitter Root,1,0,0,0,0,80,84
4,151,ground,Herb Bag,1,0,4,0,0,50,52
4,151,ground,Fungal Bread,1,0,0,0,0,52,56
4,151,ground,Herb Bag,1,0,4,0,0,70,126
4,151,ground,Herb Bag,1,0,4,0,0,52,105
4,151,ground,Ammo,1,0,0,0,0,37,103
4,151,stored,Root Drill,1,0,3,0,0,26,14
4,151,stored,Wolf Whistle,1,0,8,0,0,59,122
4,151,stored,Bandage,3,0,0,0,0,61,125
4,151,ground,Thorn Caltrops,2,0,0,0,0,15,74
4,151,ground,Throwing Rock,3,0,0,0,0,73,119
4,152,stored,Torch,1,90,0,0,0,101,11
4,152,ground,Stick,1,18,0,0,0,77,36
4,152,ground,Seed Bag,1,0,6,0,0,119,60
4,152,ground,Lighter,1,0,20,0,0,111,70
4,152,ground,Bow,1,0,0,20,0,57,103
4,152,ground,Rope Hook,1,0,24,0,0,58,103
4,152,ground,Torch,1,90,0,0,0,79,100
4,152,ground,Stick,1,18,0,0,0,58,76
4,152,ground,Medkit,1,0,0,0,0,50,78
4,152,ground,Pocket Door,1,0,2,0,0,81,80
4,152,ground,Pickaxe,1,32,0,0,0,51,85
4,152,ground,River Fish,6,0,0,0,0,98,36
4,152,ground,Bow,1,0,0,20,0,73,37
4,152,ground,Mushroom spores,2,0,0,0,0,106,35
4,152,ground,Rake,1,400,0,0,0,96,18
4,152,ground,Herb Bag,1,0,4,0,0,99,11
4,152,ground,Medkit,1,0,0,0,0,59,55
4,152,ground,Crossbow,1,0,0,1,16,8,101
4,152,ground,Ammo,1,0,0,0,0,10,103
4,152,ground,Fungal Bread,1,0,0,0,0,81,6
4,152,ground,Ammo,1,0,0,0,0,60,52
4,152,ground,Rope Hook,1,0,24,0,0,38,104
4,152,wall,Acorn Mine,2,0,0,0,0,72,4
4,153,stored,Pickaxe,1,32,0,0,0,77,101
4,153,ground,Stick,1,18,0,0,0,55,79
4,153,ground,Stick,1,18,0,0,0,39,13
4,153,ground,Rope Hook,1,0,24,0,0,40,13
4,153,ground,Torch,1,90,0,0,0,34,33
4,153,ground,Flint Knife,1,60,0,0,0,48,15
4,153,ground,Seed Bag,1,0,6,0,0,74,105
4,153,ground,Bear Trap,2,0,0,0,0,79,77
4,153,ground,Fungal Bread,1,0,0,0,0,72,80
4,153,ground,Bird Seed,1,0,0,0,0,75,52
4,153,ground,Bandage,2,0,0,0,0,76,50
4,153,ground,Fungal Bread,1,0,0,0,0,58,49
4,153,ground,Throwing Rock,3,0,0,0,0,105,121
4,153,ground,Ammo,1,0,0,0,0,106,118
4,153,ground,Ammo,1,0,0,0,0,35,78
4,153,ground,Fungal Bread,1,0,0,0,0,72,8
4,153,ground,Torch,1,90,0,0,0,60,9
4,153,ground,Fungal Bread,1,0,0,0,0,96,101
4,153,wall,Flint Knife,1,60,0,0,0,81,4
4,153,wall,Sap jar,2,0,0,0,0,84,38
4,154,stored,Pickaxe,1,32,0,0,0,35,100
4,154,ground,Stick,1,18,0,0,0,77,35
4,154,ground,River Fish,3,0,0,0,0,61,60
4,154,carried,Buckler,1,30,0,0,0,80,55
4,154,carried,Buckler,1,30,0,0,0,104,35
4,154,ground,Sap jar,2,0,0,0,0,61,79
4,154,ground,Lighter,1,0,20,0,0,84,60
4,154,ground,Water flask,2,0,0,0,0,57,50
4,154,ground,Fungal Bread,1,0,0,0,0,79,79
4,154,ground,Herb Bag,1,0,4,0,0,105,33
4,154,ground,Medkit,1,0,0,0,0,4,82
4,154,ground,Ammo,1,0,0,0,0,123,13
4,154,ground,Ammo,1,0,0,0,0,83,98
4,154,ground,Ammo,1,0,0,0,0,15,73
4,154,ground,River Fish,2,0,0,0,0,53,38
4,154,ground,River Fish,3,0,0,0,0,55,23
4,154,ground,River Fish,4,0,0,0,0,66,15
4,154,ground,Water flask,2,0,0,0,0,108,57
4,154,ground,Torch,1,90,0,0,0,54,60
4,154,ground,Pickaxe,1,32,0,0,0,103,15
4,155,stored,Flint Knife,1,60,0,0,0,55,35
4,155,ground,Stick,1,18,0,0,0,79,58
4,155,ground,River Fish,5,0,0,0,0,39,64
4,155,ground,Bow,1,0,0,20,0,30,79
4,155,ground,Pickaxe,1,32,0,0,0,29,60
4,155,ground,Throwing Net,2,0,0,0,0,81,124
4,155,ground,Bow,1,0,0,20,0,78,102
4,155,ground,Flint Knife,1,60,0,0,0,80,28
4,155,ground,Bow,1,0,0,20,0,28,34
4,155,ground,Bird Seed,1,0,0,0,0,51,53
4,155,ground,Herb Bag,1,0,4,0,0,50,57
4,155,ground,Bird Seed,1,0,0,0,0,51,28
4,155,ground,Bandage,2,0,0,0,0,59,36
4,155,ground,Bandage,2,0,0,0,0,58,95
4,155,ground,Ammo,1,0,0,0,0,9,78
4,155,stored,Wolf Whistle,1,0,8,0,0,60,97
4,155,wall,Rope Hook,1,0,24,0,0,92,36
4,156,stored,Bow,1,0,0,20,0,11,100
4,156,ground,Stick,1,18,0,0,0,78,81
4,156,ground,Stick,1,18,0,0,0,121,82
4,156,ground,Throwing Net,2,0,0,0,0,122,82
4,156,ground,Torch,1,90,0,0,0,100,78
4,156,ground,River Fish,4,0,0,0,0,9,73
4,156,ground,River Fish,4,0,0,0,0,38,53
4,156,ground,Fishing Line,1,0,20,0,0,39,55
4,156,carried,Buckler,1,30,0,0,0,12,58
4,156,carried,Buckler,1,30,0,0,0,106,120
4,156,ground,Rope Snare,2,0,0,0,0,128,96
4,156,ground,Bird Seed,1,0,0,0,0,37,77
4,156,ground,Herb Bag,1,0,4,0,0,32,69
4,156,ground,Flint Knife,1,60,0,0,0,60,52
4,156,ground,Herb Bag,1,0,4,0,0,54,53
4,156,ground,Medkit,1,0,0,0,0,7,59
4,156,ground,Ammo,1,0,0,0,0,51,40
4,156,ground,Ammo,1,0,0,0,0,6,48
4,157,stored,Bow,1,0,0,20,0,99,101
4,157,ground,Stick,1,18,0,0,0,35,57
4,157,carried,Buckler,1,30,0,0,0,27,100
4,157,carried,Buckler,1,30,0,0,0,29,96
4,157,ground,Spring Trap,2,0,0,0,0,30,92
4,157,ground,Rope Hook,1,0,24,0,0,36,87
4,157,ground,Wooden Maul,1,24,0,0,0,74,76
4,157,ground,Fried Egg,2,0,0,0,0,58,85
4,157,ground,Digging Claws,1,200,0,0,0,84,93
4,157,ground,Rope Snare,2,0,0,0,0,70,96
4,157,ground,Hatchet,1,35,0,0,0,104,29
4,157,ground,Torch,1,90,0,0,0,104,28
4,157,ground,Wooden Maul,1,24,0,0,0,74,29
4,157,ground,Root Drill,1,0,3,0,0,74,28
4,157,carried,Buckler,1,30,0,0,0,96,35
4,157,carried,Buckler,1,30,0,0,0,85,27
4,157,carried,Buckler,1,30,0,0,0,101,32
4,157,ground,Firecracker,2,0,0,0,0,94,34
4,157,ground,Fungal Bread,2,0,0,0,0,71,36
4,157,ground,River Fish,6,0,0,0,0,104,82
4,157,ground,Fishing Line,1,0,20,0,0,108,81
4,157,ground,Mushroom spores,2,0,0,0,0,15,99
4,157,ground,Water flask,2,0,0,0,0,91,80
4,157,ground,Hatchet,1,35,0,0,0,103,53
4,157,ground,Ammo,1,0,0,0,0,99,50
4,157,ground,Wooden Maul,1,24,0,0,0,94,14
4,157,ground,Ammo,1,0,0,0,0,95,15
4,157,ground,Medkit,1,0,0,0,0,55,26
4,157,ground,Ammo,1,0,0,0,0,10,51
4,157,ground,Bandage,2,0,0,0,0,51,35
4,157,ground,Bandage,2,0,0,0,0,55,42
4,157,ground,Ammo,1,0,0,0,0,57,33
4,157,ground,Rake,1,400,0,0,0,96,92
4,157,ground,Crossbow,1,0,0,1,16,109,74
4,157,ground,Bow,1,0,0,20,0,105,110
4,157,ground,Pickaxe,1,32,0,0,0,95,110
4,158,stored,Hatchet,1,35,0,0,0,57,34
4,158,ground,Stick,1,18,0,0,0,33,80
4,158,ground,Stick,1,18,0,0,0,99,51
4,158,ground,Rope Hook,1,0,24,0,0,100,51
4,158,ground,Torch,1,90,0,0,0,79,55
4,158,ground,Pitch Bomb,2,0,0,0,0,58,48
4,158,ground,Resin Glue,1,0,0,0,0,30,59
4,158,ground,Ammo,1,0,0,0,0,38,54
4,158,ground,Bird Seed,1,0,0,0,0,56,29
4,158,ground,Herb Bag,1,0,4,0,0,54,28
4,158,ground,Root Drill,1,0,3,0,0,57,12
4,158,ground,Ammo,1,0,0,0,0,61,14
4,158,ground,Fungal Bread,1,0,0,0,0,53,96
4,158,ground,Herb Bag,1,0,4,0,0,85,79
4,158,ground,Ammo,1,0,0,0,0,35,40
4,158,ground,Ammo,1,0,0,0,0,102,38
4,158,ground,River Fish,5,0,0,0,0,41,64
4,158,ground,River Fish,3,0,0,0,0,33,51
4,158,ground,River Fish,2,0,0,0,0,25,38
4,158,ground,Rake,1,400,0,0,0,8,39
4,158,wall,Seed Bag,1,0,6,0,0,18,19
4,159,stored,Stick,1,18,0,0,0,34,56
4,159,ground,Stick,1,18,0,0,0,78,58
4,159,ground,Medkit,1,0,0,0,0,82,21
4,159,ground,Throwing Rock,3,0,0,0,0,65,17
4,159,ground,Water flask,2,0,0,0,0,84,26
4,159,ground,River Fish,3,0,0,0,0,121,10
4,159,ground,Fishing Line,1,0,20,0,0,120,7
4,159,ground,River Fish,3,0,0,0,0,123,38
4,159,ground,Hatchet,1,35,0,0,0,105,17
4,159,carried,Buckler,1,30,0,0,0,149,34
4,159,ground,Rope Snare,2,0,0,0,0,136,39
4,159,ground,Blink Seed,2,0,0,0,0,98,53
4,159,ground,Ammo,1,0,0,0,0,93,58
4,159,ground,Rake,1,400,0,0,0,92,8
4,159,ground,Herb Bag,1,0,4,0,0,106,4
4,159,ground,Resin Glue,1,0,0,0,0,99,40
4,159,ground,Ammo,1,0,0,0,0,102,34
4,159,ground,Herb Bag,1,0,4,0,0,53,51
4,159,ground,Bandage,2,0,0,0,0,15,53
4,159,ground,Ammo,1,0,0,0,0,146,10
4,159,ground,Ammo,1,0,0,0,0,150,32
4,159,ground,Torch,1,90,0,0,0,59,55
4,159,ground,Sleep Meds,3,0,0,0,0,36,25
4,159,wall,Mushroom spores,2,0,0,0,0,140,7
4,160,stored,Hatchet,1,35,0,0,0,33,77
4,160,ground,Stick,1,18,0,0,0,79,81
4,160,ground,Wooden Maul,1,24,0,0,0,33,30
4,160,ground,Rope Hook,1,0,24,0,0,34,30
4,160,ground,Torch,1,90,0,0,0,55,34
4,160,ground,Digging Claws,1,200,0,0,0,9,13
4,160,ground,Blunderbuss,1,0,0,2,14,38,18
4,160,ground,Rake,1,400,0,0,0,33,6
4,160,ground,Pickaxe,1,32,0,0,0,7,9
4,160,ground,Digging Claws,1,200,0,0,0,27,75
4,160,ground,Pickaxe,1,32,0,0,0,80,47
4,160,ground,Thorn Caltrops,1,0,0,0,0,84,63
4,160,ground,Ammo,1,0,0,0,0,73,38
4,160,ground,Lantern Seed,1,0,0,0,0,84,13
4,160,ground,Ammo,1,0,0,0,0,8,32
4,160,ground,Fungal Bread,1,0,0,0,0,32,48
4,160,ground,Fungal Bread,1,0,0,0,0,32,71
4,160,ground,Medkit,1,0,0,0,0,56,56
4,160,ground,Root Drill,1,0,3,0,0,71,102
4,160,ground,Ammo,1,0,0,0,0,77,106
4,160,ground,Ammo,1,0,0,0,0,57,54
4,160,ground,River Fish,3,0,0,0,0,34,45
4,160,ground,Resin Glue,1,0,0,0,0,38,83
4,160,ground,Hatchet,1,35,0,0,0,52,102
4,160,ground,Hatchet,1,35,0,0,0,49,87
4,160,wall,Throwing Rock,3,0,0,0,0,81,31
4,161,stored,Digging Claws,1,200,0,0,0,79,55
4,161,ground,Stick,1,18,0,0,0,33,58
4,161,ground,Stick,1,18,0,0,0,80,80
4,161,ground,Rake,1,400,0,0,0,86,79
4,161,ground,Sticky Boots,1,0,4,0,0,70,91
4,161,ground,Hunting Spear,1,45,0,0,0,83,73
4,161,carried,Buckler,1,30,0,0,0,49,61
4,161,carried,Buckler,1,30,0,0,0,104,6
4,161,ground,Seed Bag,1,0,6,0,0,83,105
4,161,ground,Water flask,2,0,0,0,0,29,75
4,161,ground,Herb Bag,1,0,4,0,0,28,75
4,161,ground,Ammo,1,0,0,0,0,55,85
4,161,ground,Bitter Root,1,0,0,0,0,62,53
4,161,ground,Fungal Bread,1,0,0,0,0,58,31
4,161,ground,Ammo,1,0,0,0,0,43,99
4,161,ground,Ammo,1,0,0,0,0,76,37
4,161,ground,Fungal Bread,1,0,0,0,0,101,32
4,161,ground,Hunting Spear,1,45,0,0,0,17,56
4,161,ground,Ammo,1,0,0,0,0,14,58
4,161,ground,Ammo,1,0,0,0,0,11,123
4,161,stored,Bow,1,0,0,20,0,4,117
4,161,stored,Flint Knife,1,60,0,0,0,74,55
4,161,ground,Buckler,1,30,0,0,0,62,83
4,162,stored,Hatchet,1,35,0,0,0,78,57
4,162,ground,Stick,1,18,0,0,0,57,80
4,162,ground,Wooden Maul,1,24,0,0,0,73,145
4,162,ground,Rope Hook,1,0,24,0,0,74,145
4,162,ground,Torch,1,90,0,0,0,79,121
4,162,ground,Digging Claws,1,200,0,0,0,11,52
4,162,ground,Blunderbuss,1,0,0,2,14,14,61
4,162,ground,Sleep Meds,3,0,0,0,0,31,56
4,162,ground,Medkit,1,0,0,0,0,8,51
4,162,ground,Hatchet,1,35,0,0,0,60,37
4,162,ground,Torch,1,90,0,0,0,61,38
4,162,ground,Flint Knife,1,60,0,0,0,60,7
4,162,ground,Root Drill,1,0,3,0,0,60,6
4,162,carried,Buckler,1,30,0,0,0,56,7
4,162,ground,Firecracker,2,0,0,0,0,53,5
4,162,ground,River Fish,3,0,0,0,0,73,104
4,162,ground,River Fish,3,0,0,0,0,83,6
4,162,ground,Honey pot,1,0,0,0,0,83,80
4,162,ground,Bomb,2,0,0,0,0,78,39
4,162,ground,Seed Bag,1,0,6,0,0,81,77
4,162,ground,Mushroom spores,2,0,0,0,0,72,109
4,162,ground,Bandage,2,0,0,0,0,36,86
4,162,ground,Bandage,2,0,0,0,0,83,57
4,162,ground,Herb Bag,1,0,4,0,0,51,122
4,162,ground,Ammo,1,0,0,0,0,73,31
4,162,ground,Chili,1,0,0,0,0,53,102
4,162,ground,Ammo,1,0,0,0,0,60,92
4,162,ground,Ammo,1,0,0,0,0,56,146
4,162,ground,Rope Hook,1,0,24,0,0,81,97
4,162,ground,Hatchet,1,35,0,0,0,70,7
4,162,ground,Fried Egg,2,0,0,0,0,75,92
4,162,wall,Bandage,3,0,0,0,0,25,66
4,163,stored,Pickaxe,1,32,0,0,0,77,123
4,163,ground,Stick,1,18,0,0,0,56,81
4,163,ground,Rope Snare,2,0,0,0,0,36,63
4,163,ground,Bow,1,0,0,20,0,81,12
4,163,ground,Throwing Net,2,0,0,0,0,82,12
4,163,ground,Torch,1,90,0,0,0,77,56
4,163,ground,Crossbow,1,0,0,1,16,74,123
4,163,ground,Ammo,1,0,0,0,0,78,102
4,163,ground,Ammo,1,0,0,0,0,79,124
4,163,ground,Lantern Seed,1,0,0,0,0,53,124
4,163,ground,Medkit,1,0,0,0,0,60,15
4,163,ground,Rotten Fruit,3,0,0,0,0,100,120
4,163,ground,Fungal Bread,1,0,0,0,0,96,119
4,163,ground,Ammo,1,0,0,0,0,58,30
4,163,ground,Fungal Bread,1,0,0,0,0,71,144
4,163,ground,Ammo,1,0,0,0,0,59,13
4,163,ground,Resin Glue,1,0,0,0,0,50,37
4,163,ground,Cooked Meat,2,0,0,0,0,75,98
4,163,ground,Sap jar,2,0,0,0,0,59,40
4,163,ground,Sleep Meds,3,0,0,0,0,62,99
4,163,ground,Stick,1,18,0,0,0,65,67
4,163,ground,Buckler,1,30,0,0,0,80,81
4,163,wall,Bandage,3,0,0,0,0,82,71
4,163,wall,Digging Claws,1,200,0,0,0,78,133
4,164,stored,Hatchet,1,35,0,0,0,78,35
4,164,ground,Stick,1,18,0,0,0,79,81
4,164,ground,Hunting Spear,1,45,0,0,0,13,51
4,164,ground,Rope Hook,1,0,24,0,0,14,51
4,164,ground,Torch,1,90,0,0,0,35,56
4,164,ground,Hatchet,1,35,0,0,0,104,82
4,164,ground,Torch,1,90,0,0,0,104,83
4,164,ground,Bow,1,0,0,20,0,104,53
4,164,ground,Root Drill,1,0,3,0,0,104,52
4,164,carried,Buckler,1,30,0,0,0,96,50
4,164,carried,Buckler,1,30,0,0,0,99,74
4,164,ground,Firecracker,2,0,0,0,0,100,65
4,164,ground,Firecracker,2,0,0,0,0,106,65
4,164,carried,Buckler,1,30,0,0,0,127,79
4,164,carried,Buckler,1,30,0,0,0,19,12
4,164,ground,Sleep Meds,3,0,0,0,0,106,57
4,164,ground,Bird Seed,1,0,0,0,0,58,75
4,164,ground,Bandage,2,0,0,0,0,49,78
4,164,ground,Water flask,2,0,0,0,0,74,59
4,164,ground,Fungal Bread,1,0,0,0,0,86,56
4,164,ground,Herb Bag,1,0,4,0,0,36,14
4,164,ground,Ammo,1,0,0,0,0,70,36
4,164,ground,Ammo,1,0,0,0,0,20,14
4,164,ground,Herb Bag,1,0,4,0,0,83,41
4,164,wall,Pitch Bomb,2,0,0,0,0,42,74
4,164,wall,Sap jar,2,0,0,0,0,23,75
4,165,stored,Bow,1,0,0,20,0,123,34
4,165,ground,Stick,1,18,0,0,0,57,79
4,165,ground,River Fish,6,0,0,0,0,7,36
4,165,ground,Seed Bag,1,0,6,0,0,92,24
4,165,ground,Rake,1,400,0,0,0,73,81
4,165,ground,Ammo,1,0,0,0,0,76,74
4,165,ground,Rake,1,400,0,0,0,63,60
4,165,ground,Herb Bag,1,0,4,0,0,48,59
4,165,ground,Ammo,1,0,0,0,0,33,34
4,165,ground,Fungal Bread,1,0,0,0,0,77,49
4,165,ground,Fungal Bread,1,0,0,0,0,99,81
4,165,ground,Ammo,1,0,0,0,0,11,10
4,165,ground,Ammo,1,0,0,0,0,65,12
4,165,ground,Throwing Rock,3,0,0,0,0,80,35
4,165,ground,Splint,1,0,2,0,0,91,66
4,165,ground,Flint Knife,1,60,0,0,0,68,71
4,165,ground,Torch,1,90,0,0,0,7,26
4,165,wall,Digging Claws,1,200,0,0,0,80,89
4,166,stored,Stick,1,18,0,0,0,122,78
4,166,ground,Stick,1,18,0,0,0,78,57
4,166,ground,Stick,1,18,0,0,0,33,73
4,166,ground,Rope Hook,1,0,24,0,0,34,73
4,166,ground,Torch,1,90,0,0,0,77,77
4,166,ground,River Fish,6,0,0,0,0,141,80
4,166,ground,River Fish,3,0,0,0,0,12,51
4,166,ground,Flint Knife,1,60,0,0,0,100,106
4,166,ground,Honey pot,1,0,0,0,0,102,96
4,166,ground,Acorn Mine,2,0,0,0,0,103,104
4,166,ground,Ammo,1,0,0,0,0,94,84
4,166,ground,Sap jar,1,0,0,0,0,50,55
4,166,ground,Rope Snare,2,0,0,0,0,124,82
4,166,ground,Ammo,1,0,0,0,0,119,77
4,166,ground,Bandage,2,0,0,0,0,105,94
4,166,ground,Fungal Bread,1,0,0,0,0,32,104
4,166,ground,Medkit,1,0,0,0,0,51,12
4,166,ground,Ammo,1,0,0,0,0,56,18
4,166,ground,River Fish,4,0,0,0,0,79,86
4,166,ground,River Fish,3,0,0,0,0,70,82
4,166,ground,River Fish,3,0,0,0,0,69,72
4,166,ground,Cooked Meat,2,0,0,0,0,71,43
4,166,ground,Resin Glue,1,0,0,0,0,58,65
4,166,ground,Sleep Meds,3,0,0,0,0,72,30
4,166,ground,Pitch Bomb,2,0,0,0,0,85,38
4,166,ground,Bandage,3,0,0,0,0,30,96
4,166,wall,Throwing Rock,3,0,0,0,0,28,62
4,167,stored,Bow,1,0,0,20,0,56,123
4,167,ground,Stick,1,18,0,0,0,12,81
4,167,ground,Torch,1,90,0,0,0,81,86
4,167,ground,Wooden Maul,1,24,0,0,0,60,83
4,167,ground,Torch,1,90,0,0,0,38,55
4,167,ground,Throwing Net,2,0,0,0,0,39,55
4,167,ground,Torch,1,90,0,0,0,33,78
4,167,ground,Rope Snare,2,0,0,0,0,56,11
4,167,ground,Lighter,1,0,20,0,0,39,31
4,167,ground,Hatchet,1,35,0,0,0,60,60
4,167,ground,Torch,1,90,0,0,0,59,61
4,167,ground,Digging Claws,1,200,0,0,0,60,30
4,167,ground,Root Drill,1,0,3,0,0,59,30
4,167,carried,Buckler,1,30,0,0,0,63,39
4,167,ground,Fungal Bread,2,0,0,0,0,55,37
4,167,ground,Fungal Bread,2,0,0,0,0,60,48
4,167,ground,Pickaxe,1,32,0,0,0,85,68
4,167,ground,Bird Seed,1,0,0,0,0,72,55
4,167,ground,Herb Bag,1,0,4,0,0,83,50
4,167,ground,Medkit,1,0,0,0,0,82,42
4,167,ground,Oil flask,2,0,0,0,0,18,93
4,167,ground,Ammo,1,0,0,0,0,15,102
4,167,ground,Resin Glue,1,0,0,0,0,58,137
4,167,ground,Fungal Bread,1,0,0,0,0,60,143
4,167,ground,Ammo,1,0,0,0,0,81,40
4,167,ground,Medkit,1,0,0,0,0,83,62
4,167,ground,Pickaxe,1,32,0,0,0,12,52
4,167,wall,Rope Snare,2,0,0,0,0,6,23
4,167,wall,Mushroom spores,2,0,0,0,0,48,119
4,168,stored,Hatchet,1,35,0,0,0,35,99
4,168,ground,Stick,1,18,0,0,0,77,81
4,168,ground,Flint Knife,1,60,0,0,0,60,37
4,168,ground,Honey pot,1,0,0,0,0,54,26
4,168,carried,Buckler,1,30,0,0,0,37,31
4,168,carried,Buckler,1,30,0,0,0,53,87
4,168,ground,Straw Decoy,1,0,0,0,0,78,51
4,168,ground,Rabbit Charm,1,0,0,0,0,79,93
4,168,ground,Ammo,1,0,0,0,0,75,105
4,168,ground,Bird Seed,1,0,0,0,0,57,86
4,168,ground,Fungal Bread,1,0,0,0,0,59,84
4,168,ground,Ammo,1,0,0,0,0,14,55
4,168,ground,Rake,1,400,0,0,0,81,58
4,168,ground,Bandage,2,0,0,0,0,80,52
4,168,ground,Fungal Bread,1,0,0,0,0,60,105
4,168,ground,Ammo,1,0,0,0,0,76,15
4,168,ground,Ammo,1,0,0,0,0,59,13
4,168,ground,Rope Hook,1,0,24,0,0,28,27
4,168,ground,Pickaxe,1,32,0,0,0,61,121
4,168,ground,Bear Trap,2,0,0,0,0,29,57
4,168,ground,Seed Bag,1,0,6,0,0,71,45
4,168,ground,Smoke pot,2,0,0,0,0,52,80
4,168,wall,Seed Bag,1,0,6,0,0,50,72
4,169,stored,Wooden Maul,1,24,0,0,0,77,122
4,169,ground,Stick,1,18,0,0,0,33,59
4,169,ground,Hatchet,1,35,0,0,0,48,28
4,169,carried,Buckler,1,30,0,0,0,59,104
4,169,ground,Hatchet,1,35,0,0,0,28,63
4,169,ground,Ammo,1,0,0,0,0,52,60
4,169,ground,Rake,1,400,0,0,0,56,75
4,169,ground,Herb Bag,1,0,4,0,0,53,79
4,169,ground,Ammo,1,0,0,0,0,82,76
4,169,ground,Cooked Meat,2,0,0,0,0,81,103
4,169,ground,Bandage,2,0,0,0,0,74,105
4,169,ground,Medkit,1,0,0,0,0,53,106
4,169,ground,Ammo,1,0,0,0,0,74,60
4,169,ground,Ammo,1,0,0,0,0,15,33
4,169,ground,Ammo,1,0,0,0,0,54,107
4,169,carried,Buckler,1,30,0,0,0,12,4
4,169,ground,Water flask,2,0,0,0,0,8,37
4,169,ground,Stick,1,18,0,0,0,67,107
4,169,ground,Stick,1,18,0,0,0,16,8
4,169,ground,Resin Glue,1,0,0,0,0,47,45
4,169,ground,Rake,1,400,0,0,0,35,6
4,169,ground,Resin Glue,1,0,0,0,0,30,73
4,169,wall,Hatchet,1,35,0,0,0,38,15
4,169,wall,Bow,1,0,0,20,0,69,79
4,170,stored,Hunting Spear,1,45,0,0,0,100,77
4,170,ground,Stick,1,18,0,0,0,33,80
4,170,ground,Torch,1,90,0,0,0,11,38
4,170,ground,Rope Hook,1,0,24,0,0,12,38
4,170,ground,Torch,1,90,0,0,0,34,33
4,170,carried,Buckler,1,30,0,0,0,29,7
4,170,ground,Torch,1,90,0,0,0,7,33
4,170,ground,Bird Seed,1,0,0,0,0,40,50
4,170,ground,Herb Bag,1,0,4,0,0,28,54
4,170,ground,Rake,1,400,0,0,0,58,59
4,170,ground,Fungal Bread,1,0,0,0,0,53,60
4,170,ground,Ammo,1,0,0,0,0,61,39
4,170,ground,Ammo,1,0,0,0,0,74,59
4,170,ground,Stink Bomb,2,0,0,0,0,70,41
4,170,ground,Ammo,1,0,0,0,0,80,28
4,170,ground,Ammo,1,0,0,0,0,81,74
4,170,ground,Herb Bag,1,0,4,0,0,60,14
4,170,ground,Ammo,1,0,0,0,0,37,12
4,170,stored,Fungal Bread,1,0,0,0,0,82,104
4,170,ground,Rope Hook,1,0,24,0,0,105,52
4,170,ground,Torch,1,90,0,0,0,48,79
4,170,ground,Fried Egg,2,0,0,0,0,59,77
4,170,wall,Rope Snare,2,0,0,0,0,85,97
4,171,stored,Flint Knife,1,60,0,0,0,79,123
4,171,ground,Stick,1,18,0,0,0,78,79
4,171,ground,Flint Knife,1,60,0,0,0,7,62
4,171,ground,Bear Trap,2,0,0,0,0,18,63
4,171,ground,Bow,1,0,0,20,0,51,57
4,171,ground,Rope Hook,1,0,24,0,0,52,57
4,171,ground,Torch,1,90,0,0,0,57,77
4,171,ground,Flint Knife,1,60,0,0,0,56,30
4,171,ground,Honey pot,1,0,0,0,0,63,41
4,171,carried,Buckler,1,30,0,0,0,120,122
4,171,ground,Seed Bag,1,0,6,0,0,101,75
4,171,ground,Mushroom spores,2,0,0,0,0,99,73
4,171,ground,Rake,1,400,0,0,0,17,29
4,171,ground,Ammo,1,0,0,0,0,6,29
4,171,ground,Ammo,1,0,0,0,0,101,98
4,171,ground,Ammo,1,0,0,0,0,20,10
4,171,ground,Medkit,1,0,0,0,0,116,114
4,171,ground,Bandage,2,0,0,0,0,119,123
4,171,ground,Bandage,2,0,0,0,0,121,124
4,171,ground,Ammo,1,0,0,0,0,121,116
4,171,ground,Water flask,2,0,0,0,0,55,41
4,171,ground,Resin Glue,1,0,0,0,0,29,30
4,171,ground,Bear Trap,2,0,0,0,0,105,72
4,171,ground,Seed Bag,1,0,6,0,0,80,37
4,171,wall,Digging Claws,1,200,0,0,0,82,29
4,172,stored,Pickaxe,1,32,0,0,0,33,12
4,172,ground,Stick,1,18,0,0,0,57,81
4,172,ground,Hatchet,1,35,0,0,0,60,30
4,172,ground,Torch,1,90,0,0,0,61,30
4,172,ground,Torch,1,90,0,0,0,29,30
4,172,ground,Root Drill,1,0,3,0,0,28,30
4,172,ground,Firecracker,2,0,0,0,0,32,32
4,172,ground,Firecracker,2,0,0,0,0,37,36
4,172,ground,Fungal Bread,2,0,0,0,0,64,39
4,172,carried,Buckler,1,30,0,0,0,102,125
4,172,carried,Buckler,1,30,0,0,0,8,13
4,172,ground,Flint Knife,1,60,0,0,0,56,13
4,172,ground,Water flask,2,0,0,0,0,86,76
4,172,ground,Ammo,1,0,0,0,0,78,101
4,172,ground,Lighter,1,0,20,0,0,93,102
4,172,ground,Bandage,2,0,0,0,0,57,102
4,172,ground,Herb Bag,1,0,4,0,0,56,12
4,172,ground,Medkit,1,0,0,0,0,16,8
4,172,ground,Ammo,1,0,0,0,0,78,32
4,172,ground,Ammo,1,0,0,0,0,8,7
4,172,stored,Mushroom spores,2,0,0,0,0,85,76
4,172,stored,Lantern Seed,1,0,0,0,0,65,75
4,172,ground,Stick,1,18,0,0,0,92,125
4,172,ground,Fried Egg,2,0,0,0,0,82,96
4,172,ground,Pickaxe,1,32,0,0,0,86,104
4,172,ground,Smoke pot,2,0,0,0,0,98,117
4,172,wall,Reflecting Pan,1,24,0,0,0,71,77
4,172,wall,Sap jar,2,0,0,0,0,109,105
4,172,wall,Throwing Rock,3,0,0,0,0,101,109
4,173,stored,Hunting Spear,1,45,0,0,0,33,11
4,173,ground,Stick,1,18,0,0,0,57,36
4,173,carried,Buckler,1,30,0,0,0,85,78
4,173,carried,Buckler,1,30,0,0,0,83,78
4,173,carried,Buckler,1,30,0,0,0,92,77
4,173,ground,Buckler,1,30,0,0,0,91,82
4,173,ground,Rake,1,400,0,0,0,80,79
4,173,ground,Pickaxe,1,32,0,0,0,125,47
4,173,ground,Stick,1,18,0,0,0,110,58
4,173,ground,Wooden Maul,1,24,0,0,0,37,57
4,173,ground,Throwing Net,2,0,0,0,0,38,57
4,173,ground,Torch,1,90,0,0,0,33,33
4,173,ground,Hatchet,1,35,0,0,0,57,77
4,173,ground,Pickaxe,1,32,0,0,0,56,106
4,173,ground,Bow,1,0,0,20,0,62,73
4,173,ground,River Fish,6,0,0,0,0,53,52
4,173,ground,River Fish,3,0,0,0,0,82,54
4,173,ground,Torch,1,90,0,0,0,27,21
4,173,ground,Water flask,2,0,0,0,0,51,59
4,173,ground,Mushroom spores,2,0,0,0,0,81,53
4,173,ground,Medkit,1,0,0,0,0,14,107
4,173,ground,Bandage,2,0,0,0,0,19,94
4,173,ground,Bandage,2,0,0,0,0,16,96
4,173,ground,Ammo,1,0,0,0,0,18,102
4,173,ground,River Fish,4,0,0,0,0,41,55
4,173,ground,Throwing Rock,3,0,0,0,0,31,106
4,173,ground,Mushroom spores,2,0,0,0,0,23,26
4,173,ground,Rake,1,400,0,0,0,13,59
4,173,wall,Flint Knife,1,60,0,0,0,58,47
4,174,stored,Crossbow,1,0,0,1,16,79,13
4,174,ground,Stick,1,18,0,0,0,78,79
4,174,carried,Buckler,1,30,0,0,0,46,58
4,174,carried,Buckler,1,30,0,0,0,45,56
4,174,ground,Wooden Maul,1,24,0,0,0,47,61
4,174,ground,Oil flask,2,0,0,0,0,50,79
4,174,ground,Crossbow,1,0,0,1,16,11,29
4,174,ground,Throwing Net,2,0,0,0,0,12,29
4,174,ground,Torch,1,90,0,0,0,34,35
4,174,ground,Hatchet,1,35,0,0,0,74,31
4,174,ground,Torch,1,90,0,0,0,75,30
4,174,ground,Torch,1,90,0,0,0,74,61
4,174,ground,Root Drill,1,0,3,0,0,73,61
4,174,carried,Buckler,1,30,0,0,0,80,64
4,174,ground,Firecracker,2,0,0,0,0,79,34
4,174,ground,Blunderbuss,1,0,0,2,14,79,5
4,174,ground,Raw Meat,1,0,0,0,0,81,22
4,174,carried,Buckler,1,30,0,0,0,39,18
4,174,ground,Spring Trap,2,0,0,0,0,81,73
4,174,ground,Ammo,1,0,0,0,0,59,36
4,174,ground,Pocket Door,1,0,2,0,0,78,108
4,174,ground,Ammo,1,0,0,0,0,82,100
4,174,ground,Medkit,1,0,0,0,0,35,15
4,174,ground,Ammo,1,0,0,0,0,79,8
4,174,ground,Bandage,2,0,0,0,0,38,19
4,174,ground,Bandage,2,0,0,0,0,34,18
4,174,ground,Flint Knife,1,60,0,0,0,33,20
4,174,ground,Ammo,1,0,0,0,0,37,12
4,174,ground,Thunder Acorn,2,0,0,0,0,33,97
4,175,stored,Wooden Maul,1,24,0,0,0,35,13
4,175,ground,Stick,1,18,0,0,0,35,79
4,175,ground,Digging Claws,1,200,0,0,0,15,100
4,175,ground,Smoke pot,2,0,0,0,0,8,99
4,175,ground,River Fish,5,0,0,0,0,54,74
4,175,ground,River Fish,5,0,0,0,0,30,17
4,175,ground,Blunderbuss,1,0,0,2,14,31,102
4,175,ground,Pickaxe,1,32,0,0,0,57,151
4,175,ground,Seed Bag,1,0,6,0,0,35,97
4,175,ground,Lantern Seed,1,0,0,0,0,35,120
4,175,ground,Ammo,1,0,0,0,0,46,102
4,175,ground,Medkit,1,0,0,0,0,35,146
4,175,ground,Ammo,1,0,0,0,0,32,143
4,175,ground,Ammo,1,0,0,0,0,9,59
4,175,ground,Bandage,2,0,0,0,0,18,30
4,175,ground,Ammo,1,0,0,0,0,61,123
4,175,ground,Ammo,1,0,0,0,0,6,12
4,175,ground,Bandage,2,0,0,0,0,37,37
4,175,ground,Medkit,1,0,0,0,0,77,145
4,175,stored,Fried Egg,2,0,0,0,0,54,79
4,175,stored,Pitch Bomb,2,0,0,0,0,53,100
4,175,stored,Sticky Boots,1,0,4,0,0,58,103
4,175,stored,Rake,1,400,0,0,0,47,98
4,175,wall,Mushroom spores,2,0,0,0,0,36,89
4,175,wall,Crossbow,1,0,0,1,16,30,129
4,176,stored,Stick,1,18,0,0,0,34,12
4,176,ground,Stick,1,18,0,0,0,78,80
4,176,ground,Hatchet,1,35,0,0,0,83,51
4,176,ground,Resin Glue,1,0,0,0,0,80,42
4,176,ground,Lighter,1,0,20,0,0,81,36
4,176,ground,Stick,1,18,0,0,0,60,122
4,176,ground,Throwing Net,2,0,0,0,0,61,122
4,176,ground,Torch,1,90,0,0,0,57,79
4,176,ground,River Fish,3,0,0,0,0,27,37
4,176,ground,Fishing Line,1,0,20,0,0,29,38
4,176,ground,Spring Trap,2,0,0,0,0,34,14
4,176,ground,Water flask,2,0,0,0,0,41,61
4,176,ground,Bird Seed,1,0,0,0,0,58,34
4,176,ground,Herb Bag,1,0,4,0,0,57,39
4,176,ground,Ammo,1,0,0,0,0,73,104
4,176,ground,Ammo,1,0,0,0,0,48,19
4,176,ground,Bandage,2,0,0,0,0,15,58
4,176,ground,Fungal Bread,1,0,0,0,0,39,12
4,176,ground,Ammo,1,0,0,0,0,10,27
4,176,ground,Buckler,1,30,0,0,0,59,7
4,176,wall,Bandage,3,0,0,0,0,25,26
4,176,wall,Digging Claws,1,200,0,0,0,98,99
4,177,stored,Digging Claws,1,200,0,0,0,33,56
4,177,ground,Stick,1,18,0,0,0,55,80
4,177,ground,Digging Claws,1,200,0,0,0,11,89
4,177,ground,Rake,1,400,0,0,0,34,98
4,177,ground,Rotten Fruit,3,0,0,0,0,3,84
4,177,ground,Rope Snare,2,0,0,0,0,15,106
4,177,ground,Torch,1,90,0,0,0,86,109
4,177,ground,Ammo,1,0,0,0,0,37,57
4,177,ground,Bird Seed,1,0,0,0,0,58,56
4,177,ground,Fungal Bread,1,0,0,0,0,58,54
4,177,ground,Ammo,1,0,0,0,0,77,50
4,177,ground,Sap jar,1,0,0,0,0,81,37
4,177,ground,Bandage,2,0,0,0,0,55,90
4,177,ground,Medkit,1,0,0,0,0,97,63
4,177,ground,Medkit,1,0,0,0,0,81,119
4,177,ground,Ammo,1,0,0,0,0,76,121
4,177,ground,Ammo,1,0,0,0,0,9,10
4,177,ground,Ammo,1,0,0,0,0,94,48
4,177,ground,Pickaxe,1,32,0,0,0,40,34
4,177,ground,Crossbow,1,0,0,1,16,29,33
4,177,ground,Cooked Meat,2,0,0,0,0,54,47
4,177,ground,Torch,1,90,0,0,0,46,91
4,177,wall,Fried Egg,2,0,0,0,0,82,83
4,177,wall,Straw Decoy,1,0,0,0,0,78,111
4,178,stored,Stick,1,18,0,0,0,55,56
4,178,ground,Stick,1,18,0,0,0,79,35
4,178,ground,Hatchet,1,35,0,0,0,103,53
4,178,ground,Torch,1,90,0,0,0,103,52
4,178,ground,Hatchet,1,35,0,0,0,103,81
4,178,ground,Root Drill,1,0,3,0,0,103,82
4,178,ground,Firecracker,2,0,0,0,0,103,74
4,178,ground,Firecracker,2,0,0,0,0,104,69
4,178,ground,River Fish,4,0,0,0,0,99,98
4,178,ground,Bow,1,0,0,20,0,11,27
4,178,carried,Buckler,1,30,0,0,0,53,102
4,178,ground,Buckler,1,30,0,0,0,13,27
4,178,ground,Resin Glue,1,0,0,0,0,72,58
4,178,ground,Ammo,1,0,0,0,0,78,57
4,178,ground,Bird Seed,1,0,0,0,0,59,35
4,178,ground,Herb Bag,1,0,4,0,0,52,36
4,178,ground,Fungal Bread,1,0,0,0,0,34,40
4,178,ground,Ammo,1,0,0,0,0,8,41
4,178,ground,Ammo,1,0,0,0,0,51,61
4,178,ground,Medkit,1,0,0,0,0,56,104
4,178,ground,Pocket Door,1,0,2,0,0,16,12
4,178,ground,Ammo,1,0,0,0,0,12,10
4,178,ground,Ammo,1,0,0,0,0,32,54
4,178,ground,River Fish,2,0,0,0,0,95,105
4,178,ground,River Fish,3,0,0,0,0,80,107
4,178,stored,Sticky Boots,1,0,4,0,0,59,31
4,178,stored,Wooden Maul,1,24,0,0,0,10,36
4,178,stored,Stick,1,18,0,0,0,12,29
4,178,stored,Resin Glue,1,0,0,0,0,15,27
4,178,ground,Hatchet,1,35,0,0,0,84,110
4,178,ground,Water flask,2,0,0,0,0,17,31
4,178,wall,Straw Decoy,1,0,0,0,0,89,78
4,178,wall,Fried Egg,2,0,0,0,0,83,93
4,179,stored,Flint Knife,1,60,0,0,0,34,11
4,179,ground,Stick,1,18,0,0,0,34,79
4,179,carried,Buckler,1,30,0,0,0,41,39
4,179,carried,Buckler,1,30,0,0,0,38,38
4,179,carried,Buckler,1,30,0,0,0,39,48
4,179,carried,Buckler,1,30,0,0,0,36,45
4,179,carried,Buckler,1,30,0,0,0,40,50
4,179,carried,Buckler,1,30,0,0,0,35,51
4,179,ground,Flint Knife,1,60,0,0,0,42,39
4,179,ground,Root Drill,1,0,3,0,0,34,48
4,179,ground,Torch,1,90,0,0,0,80,69
4,179,ground,Sap jar,2,0,0,0,0,69,77
4,179,ground,Digging Claws,1,200,0,0,0,51,143
4,179,ground,Rope Hook,1,0,24,0,0,52,143
4,179,ground,Torch,1,90,0,0,0,57,100
4,179,ground,Torch,1,90,0,0,0,75,121
4,179,ground,Resin Glue,1,0,0,0,0,74,121
4,179,ground,Fried Egg,2,0,0,0,0,72,100
4,179,ground,River Fish,4,0,0,0,0,32,103
4,179,ground,Fishing Line,1,0,20,0,0,33,106
4,179,ground,Torch,1,90,0,0,0,80,54
4,179,ground,Honey pot,1,0,0,0,0,75,58
4,179,carried,Buckler,1,30,0,0,0,12,101
4,179,ground,Pocket Door,1,0,2,0,0,60,106
4,179,ground,Mushroom spores,2,0,0,0,0,36,98
4,179,ground,Sap jar,1,0,0,0,0,74,55
4,179,ground,Medkit,1,0,0,0,0,9,96
4,179,ground,Bandage,2,0,0,0,0,9,109
4,179,ground,Bandage,2,0,0,0,0,8,96
4,179,ground,Ammo,1,0,0,0,0,15,108
4,179,ground,Resin Glue,1,0,0,0,0,68,108
4,179,wall,Fungal Bread,1,0,0,0,0,27,16
4,179,wall,Stick,1,18,0,0,0,76,89
4,180,stored,Bow,1,0,0,20,0,13,33
4,180,ground,Stick,1,18,0,0,0,77,79
4,180,carried,Buckler,1,30,0,0,0,33,20
4,180,carried,Buckler,1,30,0,0,0,32,28
4,180,carried,Buckler,1,30,0,0,0,33,26
4,180,carried,Buckler,1,30,0,0,0,49,12
4,180,carried,Buckler,1,30,0,0,0,47,11
4,180,carried,Buckler,1,30,0,0,0,47,13
4,180,carried,Buckler,1,30,0,0,0,45,12
4,180,carried,Buckler,1,30,0,0,0,34,31
4,180,carried,Buckler,1,30,0,0,0,34,28
4,180,carried,Buckler,1,30,0,0,0,37,30
4,180,ground,Wooden Maul,1,24,0,0,0,56,21
4,180,ground,Sleep Meds,3,0,0,0,0,49,27
4,180,ground,Egg,3,0,0,0,0,36,33
4,180,ground,Stick,1,18,0,0,0,35,57
4,180,ground,Throwing Rock,3,0,0,0,0,37,51
4,180,carried,Buckler,1,30,0,0,0,84,34
4,180,ground,Thunder Acorn,2,0,0,0,0,81,4
4,180,ground,Straw Decoy,1,0,0,0,0,84,52
4,180,ground,Ammo,1,0,0,0,0,74,56
4,180,ground,Wooden Maul,1,24,0,0,0,47,77
4,180,ground,Fungal Bread,1,0,0,0,0,56,72
4,180,ground,Rake,1,400,0,0,0,51,99
4,180,ground,Fungal Bread,1,0,0,0,0,53,95
4,180,ground,Ammo,1,0,0,0,0,8,38
4,180,ground,Medkit,1,0,0,0,0,74,29
4,180,ground,Ammo,1,0,0,0,0,6,13
4,180,ground,Ammo,1,0,0,0,0,73,32
4,180,ground,River Fish,4,0,0,0,0,23,60
4,180,ground,River Fish,2,0,0,0,0,47,80
4,180,ground,Buckler,1,30,0,0,0,83,102
4,180,ground,Pickaxe,1,32,0,0,0,61,99
4,180,wall,Throwing Rock,3,0,0,0,0,17,85
4,181,stored,Digging Claws,1,200,0,0,0,99,77
4,181,ground,Stick,1,18,0,0,0,33,58
4,181,carried,Buckler,1,30,0,0,0,91,56
4,181,carried,Buckler,1,30,0,0,0,90,52
4,181,carried,Buckler,1,30,0,0,0,91,53
4,181,ground,Hatchet,1,35,0,0,0,89,54
4,181,ground,Sap jar,2,0,0,0,0,57,104
4,181,ground,Honey pot,1,0,0,0,0,57,77
4,181,ground,Torch,1,90,0,0,0,53,104
4,181,ground,River Fish,4,0,0,0,0,31,97
4,181,carried,Buckler,1,30,0,0,0,86,118
4,181,ground,Reflecting Pan,1,24,0,0,0,80,117
4,181,ground,Ammo,1,0,0,0,0,28,80
4,181,ground,Bitter Root,1,0,0,0,0,86,82
4,181,ground,Bird Seed,1,0,0,0,0,78,104
4,181,ground,Herb Bag,1,0,4,0,0,79,95
4,181,ground,Medkit,1,0,0,0,0,101,101
4,181,ground,Ammo,1,0,0,0,0,96,74
4,181,ground,Herb Bag,1,0,4,0,0,99,8
4,181,ground,Ammo,1,0,0,0,0,12,82
4,181,ground,Ammo,1,0,0,0,0,99,93
4,181,ground,River Fish,3,0,0,0,0,30,116
4,181,ground,Bandage,3,0,0,0,0,75,74
4,181,wall,Throwing Rock,3,0,0,0,0,37,96
4,182,stored,Torch,1,90,0,0,0,100,34
4,182,ground,Stick,1,18,0,0,0,34,36
4,182,ground,Bow,1,0,0,20,0,16,69
4,182,ground,Hatchet,1,35,0,0,0,31,69
4,182,ground,Hunting Spear,1,45,0,0,0,60,82
4,182,ground,Rake,1,400,0,0,0,73,51
4,182,ground,Mushroom spores,2,0,0,0,0,74,60
4,182,ground,Digging Claws,1,200,0,0,0,79,38
4,182,ground,Sticky Boots,1,0,4,0,0,56,32
4,182,ground,Rabbit Charm,1,0,0,0,0,84,40
4,182,ground,Hatchet,1,35,0,0,0,8,39
4,182,ground,Torch,1,90,0,0,0,8,40
4,182,ground,Flint Knife,1,60,0,0,0,8,9
4,182,ground,Root Drill,1,0,3,0,0,9,8
4,182,carried,Buckler,1,30,0,0,0,12,24
4,182,ground,Fungal Bread,2,0,0,0,0,10,37
4,182,ground,Firecracker,2,0,0,0,0,16,18
4,182,carried,Buckler,1,30,0,0,0,102,74
4,182,carried,Buckler,1,30,0,0,0,33,6
4,182,ground,Digging Claws,1,200,0,0,0,76,30
4,182,ground,Ammo,1,0,0,0,0,105,38
4,182,ground,Flint Knife,1,60,0,0,0,104,49
4,182,ground,Fungal Bread,1,0,0,0,0,104,61
4,182,ground,Torch,1,90,0,0,0,30,94
4,182,ground,Medkit,1,0,0,0,0,103,83
4,182,ground,Bandage,2,0,0,0,0,104,74
4,182,ground,Ammo,1,0,0,0,0,98,74
4,182,ground,Fried Egg,2,0,0,0,0,38,9
4,182,wall,Water flask,2,0,0,0,0,91,32
4,182,wall,Pitch Bomb,2,0,0,0,0,102,66
4,183,stored,Bow,1,0,0,20,0,57,77
4,183,ground,Stick,1,18,0,0,0,78,59
4,183,ground,River Fish,3,0,0,0,0,49,81
4,183,ground,Digging Claws,1,200,0,0,0,42,75
4,183,ground,Pitch Bomb,2,0,0,0,0,64,57
4,183,ground,Herb Bag,1,0,4,0,0,51,59
4,183,ground,Lighter,1,0,20,0,0,101,59
4,183,ground,Ammo,1,0,0,0,0,96,48
4,183,ground,Ammo,1,0,0,0,0,41,57
4,183,ground,Ammo,1,0,0,0,0,119,55
4,183,ground,Ammo,1,0,0,0,0,32,74
4,183,ground,Fungal Bread,1,0,0,0,0,10,86
4,183,ground,Medkit,1,0,0,0,0,75,81
4,183,ground,Wolf Whistle,1,0,8,0,0,63,10
4,183,ground,Ammo,1,0,0,0,0,52,14
4,183,ground,River Fish,3,0,0,0,0,67,89
4,183,ground,River Fish,3,0,0,0,0,84,93
4,183,ground,River Fish,3,0,0,0,0,112,107
4,183,ground,River Fish,2,0,0,0,0,133,107
4,183,stored,Oil flask,2,0,0,0,0,14,81
4,183,stored,Mushroom spores,2,0,0,0,0,139,32
4,183,ground,Stick,1,18,0,0,0,29,55
4,183,ground,Water flask,2,0,0,0,0,42,49
4,184,stored,Hatchet,1,35,0,0,0,100,13
4,184,ground,Stick,1,18,0,0,0,77,59
4,184,ground,River Fish,5,0,0,0,0,29,36
4,184,ground,Torch,1,90,0,0,0,16,28
4,184,ground,Pickaxe,1,32,0,0,0,29,33
4,184,ground,Mushroom spores,2,0,0,0,0,34,77
4,184,ground,Raw Meat,1,0,0,0,0,54,103
4,184,carried,Buckler,1,30,0,0,0,20,11
4,184,carried,Buckler,1,30,0,0,0,92,36
4,184,ground,Pickaxe,1,32,0,0,0,19,15
4,184,ground,Ammo,1,0,0,0,0,101,56
4,184,ground,Throwing Rock,3,0,0,0,0,31,47
4,184,ground,Bandage,2,0,0,0,0,35,51
4,184,ground,Hunting Horn,1,0,8,0,0,123,50
4,184,ground,Ammo,1,0,0,0,0,123,57
4,184,ground,Bird Seed,1,0,0,0,0,106,36
4,184,ground,Bandage,2,0,0,0,0,94,30
4,184,ground,Fungal Bread,1,0,0,0,0,39,17
4,184,ground,Ammo,1,0,0,0,0,101,14
4,184,ground,Ammo,1,0,0,0,0,30,96
4,184,ground,Ammo,1,0,0,0,0,15,12
4,184,stored,Resin Glue,1,0,0,0,0,40,58
4,184,stored,Stick,1,18,0,0,0,37,51
4,184,stored,Mushroom spores,2,0,0,0,0,32,93
4,184,ground,Rake,1,400,0,0,0,65,98
4,184,ground,Mushroom spores,2,0,0,0,0,104,6
4,184,wall,Pitch Bomb,2,0,0,0,0,89,56
4,184,wall,Straw Decoy,1,0,0,0,0,32,62
4,185,stored,Blunderbuss,1,0,0,2,14,12,35
4,185,ground,Stick,1,18,0,0,0,55,81
4,185,ground,Flint Knife,1,60,0,0,0,30,39
4,185,ground,Lighter,1,0,20,0,0,46,46
4,185,ground,Hatchet,1,35,0,0,0,20,81
4,185,ground,Torch,1,90,0,0,0,118,13
4,185,ground,Rope Hook,1,0,24,0,0,119,13
4,185,ground,Torch,1,90,0,0,0,121,35
4,185,carried,Buckler,1,30,0,0,0,95,58
4,185,ground,Spring Trap,2,0,0,0,0,118,25
4,185,ground,Smoke pot,2,0,0,0,0,28,13
4,185,ground,Ammo,1,0,0,0,0,39,12
4,185,ground,Flint Knife,1,60,0,0,0,100,36
4,185,ground,Herb Bag,1,0,4,0,0,98,31
4,185,ground,Egg,3,0,0,0,0,56,8
4,185,ground,Bandage,2,0,0,0,0,57,11
4,185,ground,Ammo,1,0,0,0,0,10,56
4,185,ground,Medkit,1,0,0,0,0,106,63
4,185,ground,Ammo,1,0,0,0,0,95,56
4,185,ground,Lighter,1,0,20,0,0,46,15
4,185,ground,Stick,1,18,0,0,0,82,32
4,185,ground,Water flask,2,0,0,0,0,53,19
4,185,wall,Stick,1,18,0,0,0,74,17
4,186,stored,Bow,1,0,0,20,0,101,78
4,186,ground,Stick,1,18,0,0,0,77,37
4,186,ground,Digging Claws,1,200,0,0,0,35,68
4,186,ground,Water flask,2,0,0,0,0,11,63
4,186,ground,River Fish,5,0,0,0,0,52,52
4,186,ground,Hatchet,1,35,0,0,0,59,86
4,186,ground,Bandage,3,0,0,0,0,61,79
4,186,ground,Mushroom spores,2,0,0,0,0,80,76
4,186,ground,Oil flask,2,0,0,0,0,65,37
4,186,ground,Herb Bag,1,0,4,0,0,58,29
4,186,ground,Hatchet,1,35,0,0,0,81,60
4,186,ground,Ammo,1,0,0,0,0,73,54
4,186,ground,Ammo,1,0,0,0,0,79,106
4,186,ground,Ammo,1,0,0,0,0,34,37
4,186,ground,Fungal Bread,1,0,0,0,0,33,7
4,186,ground,Medkit,1,0,0,0,0,57,95
4,186,ground,Ammo,1,0,0,0,0,97,82
4,186,ground,Ammo,1,0,0,0,0,10,30
4,186,ground,Acorn Mine,2,0,0,0,0,13,8
4,186,wall,Mushroom spores,2,0,0,0,0,72,99
4,187,stored,Pickaxe,1,32,0,0,0,34,100
4,187,ground,Stick,1,18,0,0,0,78,80
4,187,ground,River Fish,5,0,0,0,0,58,57
4,187,ground,Sap jar,2,0,0,0,0,48,33
4,187,ground,Resin Glue,1,0,0,0,0,54,35
4,187,ground,Hatchet,1,35,0,0,0,61,73
4,187,ground,Torch,1,90,0,0,0,62,73
4,187,ground,Crossbow,1,0,0,1,16,30,73
4,187,ground,Root Drill,1,0,3,0,0,29,73
4,187,carried,Buckler,1,30,0,0,0,35,85
4,187,carried,Buckler,1,30,0,0,0,38,77
4,187,ground,Firecracker,2,0,0,0,0,40,75
4,187,carried,Buckler,1,30,0,0,0,54,9
4,187,ground,Digging Claws,1,200,0,0,0,34,55
4,187,ground,Rake,1,400,0,0,0,83,97
4,187,ground,Herb Bag,1,0,4,0,0,79,106
4,187,ground,Lighter,1,0,20,0,0,41,55
4,187,ground,Ammo,1,0,0,0,0,29,50
4,187,ground,Herb Bag,1,0,4,0,0,39,37
4,187,ground,Medkit,1,0,0,0,0,42,10
4,187,ground,Crossbow,1,0,0,1,16,120,98
4,187,ground,Ammo,1,0,0,0,0,117,104
4,187,ground,Ammo,1,0,0,0,0,40,10
4,187,stored,Bandage,3,0,0,0,0,40,53
4,187,stored,Scarecrow,1,0,0,0,0,36,28
4,187,stored,Smoke pot,2,0,0,0,0,38,38
4,188,stored,Bow,1,0,0,20,0,100,33
4,188,ground,Stick,1,18,0,0,0,78,79
4,188,ground,Crossbow,1,0,0,1,16,42,53
4,188,ground,River Fish,6,0,0,0,0,72,61
4,188,ground,Bow,1,0,0,20,0,85,36
4,188,ground,Hatchet,1,35,0,0,0,82,30
4,188,ground,Sap jar,2,0,0,0,0,57,15
4,188,carried,Buckler,1,30,0,0,0,16,35
4,188,ground,Straw Decoy,1,0,0,0,0,82,80
4,188,ground,Medkit,1,0,0,0,0,59,39
4,188,ground,Seed Bag,1,0,6,0,0,98,41
4,188,ground,Bird Seed,1,0,0,0,0,95,63
4,188,ground,Herb Bag,1,0,4,0,0,99,51
4,188,ground,Thunder Acorn,2,0,0,0,0,119,59
4,188,ground,Ammo,1,0,0,0,0,126,48
4,188,ground,Bandage,2,0,0,0,0,56,29
4,188,ground,Ammo,1,0,0,0,0,55,42
4,188,ground,Acorn Mine,2,0,0,0,0,91,30
4,188,ground,Seed Bag,1,0,6,0,0,16,58
4,189,stored,Crossbow,1,0,0,1,16,56,33
4,189,ground,Stick,1,18,0,0,0,79,81
4,189,ground,Sap jar,2,0,0,0,0,38,86
4,189,ground,Hatchet,1,35,0,0,0,95,73
4,189,ground,Torch,1,90,0,0,0,97,72
4,189,ground,Torch,1,90,0,0,0,95,105
4,189,ground,Root Drill,1,0,3,0,0,95,106
4,189,carried,Buckler,1,30,0,0,0,98,79
4,189,carried,Buckler,1,30,0,0,0,98,70
4,189,carried,Buckler,1,30,0,0,0,99,107
4,189,ground,Firecracker,2,0,0,0,0,98,80
4,189,ground,Mushroom spores,2,0,0,0,0,61,85
4,189,ground,Chili,1,0,0,0,0,84,100
4,189,ground,Lighter,1,0,20,0,0,58,102
4,189,ground,Ammo,1,0,0,0,0,59,102
4,189,ground,Pitch Bomb,2,0,0,0,0,85,129
4,189,ground,Ammo,1,0,0,0,0,88,125
4,189,ground,Medkit,1,0,0,0,0,34,53
4,189,ground,Bandage,2,0,0,0,0,56,71
4,189,ground,Bandage,2,0,0,0,0,101,116
4,189,ground,Ammo,1,0,0,0,0,33,62
4,189,ground,River Fish,4,0,0,0,0,24,86
4,189,ground,Water flask,2,0,0,0,0,104,53
4,189,wall,Thorn Caltrops,2,0,0,0,0,58,46
4,190,stored,Flint Knife,1,60,0,0,0,100,35
4,190,ground,Stick,1,18,0,0,0,78,81
4,190,ground,Pickaxe,1,32,0,0,0,11,120
4,190,ground,Pitch Bomb,2,0,0,0,0,16,127
4,190,ground,River Fish,6,0,0,0,0,98,13
4,190,ground,Fishing Line,1,0,20,0,0,94,13
4,190,ground,Hatchet,1,35,0,0,0,58,80
4,190,ground,Sleep Meds,3,0,0,0,0,58,75
4,190,ground,Mushroom spores,2,0,0,0,0,76,60
4,190,ground,Water flask,2,0,0,0,0,27,83
4,190,ground,Ammo,1,0,0,0,0,36,71
4,190,ground,Bandage,2,0,0,0,0,79,44
4,190,ground,Herb Bag,1,0,4,0,0,100,31
4,190,ground,Bandage,2,0,0,0,0,99,57
4,190,ground,Ammo,1,0,0,0,0,123,59
4,190,ground,River Fish,5,0,0,0,0,58,53
4,190,ground,River Fish,5,0,0,0,0,51,67
4,190,ground,River Fish,4,0,0,0,0,16,94
4,190,stored,Egg,3,0,0,0,0,102,60
4,190,stored,Bandage,3,0,0,0,0,102,37
4,190,wall,Sticky Boots,1,0,4,0,0,102,20
4,191,stored,Bow,1,0,0,20,0,77,101
4,191,ground,Stick,1,18,0,0,0,55,79
4,191,ground,Bow,1,0,0,20,0,66,4
4,191,ground,Fried Egg,2,0,0,0,0,85,27
4,191,ground,Resin Glue,1,0,0,0,0,63,14
4,191,ground,River Fish,5,0,0,0,0,80,77
4,191,ground,Sap jar,2,0,0,0,0,73,53
4,191,ground,Stick,1,18,0,0,0,75,85
4,191,ground,Boomerang,1,0,0,0,0,78,48
4,191,ground,Honey pot,1,0,0,0,0,69,56
4,191,ground,Stick,1,18,0,0,0,103,101
4,191,ground,Rope Hook,1,0,24,0,0,104,101
4,191,ground,Torch,1,90,0,0,0,101,123
4,191,ground,Hatchet,1,35,0,0,0,33,80
4,191,ground,Seed Bag,1,0,6,0,0,29,57
4,191,ground,Flint Knife,1,60,0,0,0,29,81
4,191,carried,Buckler,1,30,0,0,0,128,101
4,191,carried,Buckler,1,30,0,0,0,50,98
4,191,ground,Bear Trap,2,0,0,0,0,9,56
4,191,ground,Lantern Seed,1,0,0,0,0,76,101
4,191,ground,Rake,1,400,0,0,0,60,101
4,191,ground,Fungal Bread,1,0,0,0,0,60,98
4,191,ground,Ammo,1,0,0,0,0,75,120
4,191,ground,Herb Bag,1,0,4,0,0,53,116
4,191,ground,Herb Bag,1,0,4,0,0,12,52
4,191,ground,Ammo,1,0,0,0,0,130,100
4,191,ground,Hatchet,1,35,0,0,0,59,148
4,191,ground,Rope Hook,1,0,24,0,0,84,95
4,191,ground,Throwing Rock,3,0,0,0,0,67,94
4,191,ground,Hunting Horn,1,0,8,0,0,55,143
4,191,wall,Fungal Bread,1,0,0,0,0,66,120
4,192,stored,Flint Knife,1,60,0,0,0,56,78
4,192,ground,Stick,1,18,0,0,0,79,81
4,192,ground,Wooden Maul,1,24,0,0,0,49,114
4,192,ground,Pickaxe,1,32,0,0,0,52,12
4,192,ground,Rope Hook,1,0,24,0,0,53,12
4,192,ground,Torch,1,90,0,0,0,56,34
4,192,ground,River Fish,4,0,0,0,0,79,55
4,192,carried,Buckler,1,30,0,0,0,33,124
4,192,ground,Pickaxe,1,32,0,0,0,34,107
4,192,ground,Water flask,2,0,0,0,0,76,58
4,192,ground,Ammo,1,0,0,0,0,47,51
4,192,ground,Bear Trap,2,0,0,0,0,34,55
4,192,ground,Ammo,1,0,0,0,0,33,58
4,192,ground,Bandage,2,0,0,0,0,39,36
4,192,ground,Fungal Bread,1,0,0,0,0,36,77
4,192,ground,Bandage,2,0,0,0,0,6,31
4,192,ground,Ammo,1,0,0,0,0,38,100
4,192,ground,Ammo,1,0,0,0,0,34,17
4,192,stored,Crossbow,1,0,0,1,16,58,83
4,192,stored,Pitch Bomb,2,0,0,0,0,59,76
4,192,stored,Blink Seed,2,0,0,0,0,48,59
4,192,stored,Egg,3,0,0,0,0,33,28
4,192,stored,Bandaid,5,0,0,0,0,40,35
4,192,stored,Oil flask,2,0,0,0,0,34,36
4,192,ground,Rake,1,400,0,0,0,79,48
4,192,ground,Mushroom spores,2,0,0,0,0,52,53
4,192,ground,Water flask,2,0,0,0,0,30,52
4,192,ground,Straw Decoy,1,0,0,0,0,68,23
4,192,wall,Blunderbuss,1,0,0,2,14,37,68
4,193,stored,Pickaxe,1,32,0,0,0,34,57
4,193,ground,Stick,1,18,0,0,0,56,79
4,193,ground,River Fish,5,0,0,0,0,30,77
4,193,ground,Fishing Line,1,0,20,0,0,29,80
4,193,ground,Raw Meat,1,0,0,0,0,31,98
4,193,carried,Buckler,1,30,0,0,0,62,10
4,193,carried,Buckler,1,30,0,0,0,79,7
4,193,carried,Buckler,1,30,0,0,0,97,37
4,193,ground,Pocket Door,1,0,2,0,0,30,99
4,193,ground,Water flask,2,0,0,0,0,38,78
4,193,ground,Bird Seed,1,0,0,0,0,34,52
4,193,ground,Herb Bag,1,0,4,0,0,37,50
4,193,ground,Herb Bag,1,0,4,0,0,60,60
4,193,ground,Bandage,2,0,0,0,0,51,28
4,193,ground,Ammo,1,0,0,0,0,32,15
4,193,ground,Ammo,1,0,0,0,0,14,103
4,193,ground,Ammo,1,0,0,0,0,62,14
4,193,ground,Fried Egg,2,0,0,0,0,20,90
4,193,ground,Mushroom spores,2,0,0,0,0,70,35
4,193,wall,Smoke pot,2,0,0,0,0,44,51
4,193,wall,Fungal Bread,1,0,0,0,0,86,55
4,194,stored,Blunderbuss,1,0,0,2,14,78,101
4,194,ground,Stick,1,18,0,0,0,35,57
4,194,ground,Hunting Spear,1,45,0,0,0,81,35
4,194,ground,Throwing Net,2,0,0,0,0,82,35
4,194,ground,Torch,1,90,0,0,0,78,56
4,194,ground,Stick,1,18,0,0,0,62,63
4,194,carried,Buckler,1,30,0,0,0,17,11
4,194,ground,Bomb,2,0,0,0,0,59,44
4,194,ground,Bird Seed,1,0,0,0,0,98,81
4,194,ground,Herb Bag,1,0,4,0,0,102,77
4,194,ground,Throwing Rock,3,0,0,0,0,57,34
4,194,ground,Bandage,2,0,0,0,0,58,28
4,194,ground,Fungal Bread,1,0,0,0,0,33,35
4,194,ground,Ammo,1,0,0,0,0,83,12
4,194,ground,Ammo,1,0,0,0,0,109,103
4,194,ground,Ammo,1,0,0,0,0,77,101
4,194,ground,Ammo,1,0,0,0,0,16,6
4,194,ground,River Fish,4,0,0,0,0,67,20
4,194,ground,River Fish,3,0,0,0,0,80,29
4,194,ground,River Fish,2,0,0,0,0,91,40
4,194,ground,River Fish,4,0,0,0,0,101,52
4,194,stored,Splint,1,0,2,0,0,98,97
4,194,stored,Sap jar,2,0,0,0,0,105,103
4,194,stored,Acorn Mine,2,0,0,0,0,88,48
4,194,ground,Rope Snare,2,0,0,0,0,62,1
4,194,ground,Hatchet,1,35,0,0,0,94,35
4,195,stored,Pickaxe,1,32,0,0,0,35,57
4,195,ground,Stick,1,18,0,0,0,79,80
4,195,ground,Hatchet,1,35,0,0,0,6,83
4,195,ground,Torch,1,90,0,0,0,6,84
4,195,ground,Flint Knife,1,60,0,0,0,6,53
4,195,ground,Root Drill,1,0,3,0,0,6,52
4,195,carried,Buckler,1,30,0,0,0,5,57
4,195,carried,Buckler,1,30,0,0,0,9,65
4,195,ground,Firecracker,2,0,0,0,0,13,84
4,195,ground,Firecracker,2,0,0,0,0,14,83
4,195,ground,Bow,1,0,0,20,0,98,44
4,195,carried,Buckler,1,30,0,0,0,35,39
4,195,ground,Flint Knife,1,60,0,0,0,17,55
4,195,ground,Sap jar,1,0,0,0,0,60,76
4,195,ground,Lighter,1,0,20,0,0,57,51
4,195,ground,Bandage,2,0,0,0,0,60,56
4,195,ground,Fungal Bread,1,0,0,0,0,31,81
4,195,ground,Bandage,2,0,0,0,0,59,30
4,195,ground,Ammo,1,0,0,0,0,65,8
4,195,ground,Root Drill,1,0,3,0,0,84,55
4,195,ground,Ammo,1,0,0,0,0,73,53
4,195,ground,Ammo,1,0,0,0,0,7,33
4,195,ground,Ammo,1,0,0,0,0,5,18
4,195,ground,Ammo,1,0,0,0,0,33,28
4,195,ground,River Fish,5,0,0,0,0,16,37
4,195,ground,Cooked Meat,2,0,0,0,0,9,15
4,196,stored,Stick,1,18,0,0,0,99,101
4,196,ground,Stick,1,18,0,0,0,79,59
4,196,ground,Pickaxe,1,32,0,0,0,49,37
4,196,ground,Bow,1,0,0,20,0,60,20
4,196,ground,Stink Bomb,2,0,0,0,0,32,21
4,196,ground,River Fish,5,0,0,0,0,55,50
4,196,ground,Hatchet,1,35,0,0,0,38,58
4,196,ground,Digging Claws,1,200,0,0,0,17,11
4,196,ground,Rope Hook,1,0,24,0,0,18,11
4,196,ground,Torch,1,90,0,0,0,11,34
4,196,ground,Pickaxe,1,32,0,0,0,121,99
4,196,ground,Hatchet,1,35,0,0,0,127,85
4,196,ground,Stick,1,18,0,0,0,120,81
4,196,ground,Hunting Horn,1,0,8,0,0,127,105
4,196,ground,Hatchet,1,35,0,0,0,97,50
4,196,ground,Torch,1,90,0,0,0,96,50
4,196,ground,Flint Knife,1,60,0,0,0,127,50
4,196,ground,Root Drill,1,0,3,0,0,128,50
4,196,ground,Fungal Bread,2,0,0,0,0,96,59
4,196,ground,Fungal Bread,2,0,0,0,0,95,49
4,196,ground,Firecracker,2,0,0,0,0,105,52
4,196,ground,Throwing Net,2,0,0,0,0,83,30
4,196,ground,Bird Seed,1,0,0,0,0,75,37
4,196,ground,Bandage,2,0,0,0,0,83,26
4,196,ground,Lantern Seed,1,0,0,0,0,102,100
4,196,ground,Fungal Bread,1,0,0,0,0,104,106
4,196,ground,Medkit,1,0,0,0,0,12,52
4,196,ground,Ammo,1,0,0,0,0,55,78
4,196,ground,Ammo,1,0,0,0,0,100,29
4,196,ground,Ammo,1,0,0,0,0,16,54
4,196,ground,River Fish,4,0,0,0,0,55,37
4,196,ground,River Fish,4,0,0,0,0,91,52
4,196,stored,Thorn Caltrops,2,0,0,0,0,16,26
4,196,ground,Hunting Spear,1,45,0,0,0,92,106
4,196,ground,Sap jar,2,0,0,0,0,89,39
4,196,wall,Flint Knife,1,60,0,0,0,63,75
4,197,stored,Pickaxe,1,32,0,0,0,35,123
4,197,ground,Stick,1,18,0,0,0,13,81
4,197,carried,Buckler,1,30,0,0,0,47,75
4,197,carried,Buckler,1,30,0,0,0,50,79
4,197,carried,Buckler,1,30,0,0,0,57,68
4,197,carried,Buckler,1,30,0,0,0,55,71
4,197,ground,Bear Trap,2,0,0,0,0,47,57
4,197,ground,Bow,1,0,0,20,0,51,121
4,197,ground,Throwing Net,2,0,0,0,0,52,121
4,197,ground,Torch,1,90,0,0,0,55,101
4,197,ground,Herb Bag,1,0,4,0,0,79,55
4,197,ground,Lighter,1,0,20,0,0,85,54
4,197,ground,Flint Knife,1,60,0,0,0,53,38
4,197,ground,Honey pot,1,0,0,0,0,11,108
4,197,ground,Rope Hook,1,0,24,0,0,42,127
4,197,ground,Mushroom spores,2,0,0,0,0,15,47
4,197,ground,Lantern Seed,1,0,0,0,0,11,99
4,197,ground,Medkit,1,0,0,0,0,29,28
4,197,ground,Bandage,2,0,0,0,0,31,104
4,197,ground,Ammo,1,0,0,0,0,40,126
4,197,ground,Bomb,2,0,0,0,0,48,14
4,197,ground,Ammo,1,0,0,0,0,58,15
4,197,ground,Bandage,2,0,0,0,0,27,34
4,197,ground,Ammo,1,0,0,0,0,41,33
4,197,ground,River Fish,3,0,0,0,0,26,45
4,197,ground,River Fish,5,0,0,0,0,39,43
4,197,ground,Cooked Meat,2,0,0,0,0,10,50
4,197,ground,Water flask,2,0,0,0,0,27,126
4,197,ground,Pickaxe,1,32,0,0,0,34,146
4,197,wall,Water flask,2,0,0,0,0,6,97
4,198,stored,Pickaxe,1,32,0,0,0,35,55
4,198,ground,Stick,1,18,0,0,0,13,35
4,198,ground,Hatchet,1,35,0,0,0,51,99
4,198,ground,Throwing Net,2,0,0,0,0,52,99
4,198,ground,Torch,1,90,0,0,0,55,78
4,198,ground,Bow,1,0,0,20,0,13,74
4,198,ground,Resin Glue,1,0,0,0,0,14,58
4,198,ground,Bear Trap,2,0,0,0,0,8,50
4,198,ground,Hatchet,1,35,0,0,0,60,38
4,198,ground,Torch,1,90,0,0,0,60,39
4,198,ground,Bow,1,0,0,20,0,60,7
4,198,ground,Root Drill,1,0,3,0,0,60,6
4,198,carried,Buckler,1,30,0,0,0,63,27
4,198,carried,Buckler,1,30,0,0,0,61,4
4,198,ground,Firecracker,2,0,0,0,0,55,36
4,198,ground,Fungal Bread,2,0,0,0,0,48,37
4,198,ground,Firecracker,2,0,0,0,0,51,40
4,198,ground,River Fish,4,0,0,0,0,34,28
4,198,ground,River Fish,3,0,0,0,0,28,81
4,198,ground,Stick,1,18,0,0,0,74,31
4,198,ground,Hunting Horn,1,0,8,0,0,78,24
4,198,ground,Water flask,2,0,0,0,0,39,28
4,198,ground,Lantern Seed,1,0,0,0,0,55,51
4,198,ground,Rabbit Charm,1,0,0,0,0,80,59
4,198,ground,Ammo,1,0,0,0,0,82,54
4,198,ground,Medkit,1,0,0,0,0,81,86
4,198,ground,Herb Bag,1,0,4,0,0,77,39
4,198,ground,Bandage,2,0,0,0,0,79,73
4,198,ground,Ammo,1,0,0,0,0,79,78
4,198,stored,Bear Trap,2,0,0,0,0,42,54
4,198,stored,Bandage,3,0,0,0,0,37,53
4,198,stored,Water flask,2,0,0,0,0,33,58
4,198,stored,Bitter Root,1,0,0,0,0,40,50
4,198,ground,Digging Claws,1,200,0,0,0,32,42
4,198,ground,Lighter,1,0,20,0,0,39,74
4,198,wall,Water flask,2,0,0,0,0,15,96
4,198,wall,Acorn Mine,2,0,0,0,0,22,102
4,199,stored,Bow,1,0,0,20,0,78,56
4,199,ground,Stick,1,18,0,0,0,57,79
4,199,ground,River Fish,3,0,0,0,0,12,82
4,199,ground,Fishing Line,1,0,20,0,0,15,82
4,199,carried,Buckler,1,30,0,0,0,36,71
4,199,ground,Pickaxe,1,32,0,0,0,75,39
4,199,ground,Pickaxe,1,32,0,0,0,52,55
4,199,ground,Herb Bag,1,0,4,0,0,54,59
4,199,ground,Bird Seed,1,0,0,0,0,62,107
4,199,ground,Fungal Bread,1,0,0,0,0,54,102
4,199,ground,Bandage,2,0,0,0,0,82,61
4,199,ground,Ammo,1,0,0,0,0,41,102
4,199,ground,Ammo,1,0,0,0,0,101,40
4,199,ground,River Fish,2,0,0,0,0,42,88
4,199,ground,Torch,1,90,0,0,0,8,58
4,199,ground,Pitch Bomb,2,0,0,0,0,14,53
4,199,ground,Flint Knife,1,60,0,0,0,24,78
4,199,ground,Mushroom spores,2,0,0,0,0,98,78
4,200,stored,Flint Knife,1,60,0,0,0,77,33
4,200,ground,Stick,1,18,0,0,0,33,57
4,200,carried,Buckler,1,30,0,0,0,62,78
4,200,carried,Buckler,1,30,0,0,0,66,79
4,200,carried,Buckler,1,30,0,0,0,65,78
4,200,ground,Bow,1,0,0,20,0,66,70
4,200,ground,Egg,3,0,0,0,0,78,67
4,200,carried,Buckler,1,30,0,0,0,30,74
4,200,ground,Hunting Horn,1,0,8,0,0,40,53
4,200,ground,Thorn Caltrops,1,0,0,0,0,31,85
4,200,ground,Ammo,1,0,0,0,0,62,38
4,200,ground,Bird Seed,1,0,0,0,0,80,26
4,200,ground,Bandage,2,0,0,0,0,81,36
4,200,ground,Fungal Bread,1,0,0,0,0,15,82
4,200,ground,Fungal Bread,1,0,0,0,0,29,35
4,200,ground,Ammo,1,0,0,0,0,17,61
4,200,stored,Fungal Bread,1,0,0,0,0,15,36
4,200,stored,Spring Trap,2,0,0,0,0,9,41
4,200,ground,Water flask,2,0,0,0,0,6,80
4,200,ground,Pickaxe,1,32,0,0,0,9,97
4,201,stored,Flint Knife,1,60,0,0,0,79,100
4,201,ground,Stick,1,18,0,0,0,35,57
4,201,ground,River Fish,3,0,0,0,0,58,74
4,201,ground,Digging Claws,1,200,0,0,0,32,81
4,201,ground,Sleep Meds,3,0,0,0,0,39,80
4,201,ground,Hatchet,1,35,0,0,0,59,95
4,201,ground,Torch,1,90,0,0,0,59,94
4,201,ground,Flint Knife,1,60,0,0,0,29,95
4,201,ground,Root Drill,1,0,3,0,0,28,96
4,201,carried,Buckler,1,30,0,0,0,39,103
4,201,ground,Firecracker,2,0,0,0,0,34,103
4,201,ground,River Fish,3,0,0,0,0,31,34
4,201,ground,Fishing Line,1,0,20,0,0,28,37
4,201,ground,River Fish,6,0,0,0,0,10,73
4,201,ground,Reflecting Pan,1,24,0,0,0,38,114
4,201,ground,Resin Glue,1,0,0,0,0,63,55
4,201,ground,Ammo,1,0,0,0,0,50,50
4,201,ground,Water flask,2,0,0,0,0,34,31
4,201,ground,Fungal Bread,1,0,0,0,0,94,59
4,201,ground,Herb Bag,1,0,4,0,0,53,31
4,201,ground,Ammo,1,0,0,0,0,101,34
4,201,ground,Medkit,1,0,0,0,0,101,17
4,201,ground,Ammo,1,0,0,0,0,33,130
4,201,ground,Ammo,1,0,0,0,0,81,105
4,201,ground,Ammo,1,0,0,0,0,97,12
4,201,ground,River Fish,2,0,0,0,0,82,25
4,201,stored,Throwing Rock,3,0,0,0,0,36,115
4,201,ground,Lighter,1,0,20,0,0,72,16
4,201,ground,Hatchet,1,35,0,0,0,61,29
4,201,wall,Medkit,1,0,0,0,0,71,118
4,202,stored,Pickaxe,1,32,0,0,0,77,34
4,202,ground,Stick,1,18,0,0,0,57,80
4,202,ground,Flint Knife,1,60,0,0,0,78,100
4,202,ground,Straw Decoy,1,0,0,0,0,73,107
4,202,ground,River Fish,3,0,0,0,0,109,27
4,202,ground,Pickaxe,1,32,0,0,0,7,84
4,202,ground,Torch,1,90,0,0,0,41,69
4,202,ground,Fried Egg,2,0,0,0,0,51,56
4,202,ground,Herb Bag,1,0,4,0,0,54,51
4,202,ground,Fungal Bread,1,0,0,0,0,49,35
4,202,ground,Herb Bag,1,0,4,0,0,105,55
4,202,ground,Ammo,1,0,0,0,0,13,77
4,202,ground,Ammo,1,0,0,0,0,59,98
4,202,ground,Stick,1,18,0,0,0,99,80
4,202,ground,Ammo,1,0,0,0,0,101,83
4,202,ground,Ammo,1,0,0,0,0,34,94
4,202,ground,Lighter,1,0,20,0,0,51,14
4,202,ground,Resin Glue,1,0,0,0,0,84,38
4,203,stored,Pickaxe,1,32,0,0,0,101,13
4,203,ground,Stick,1,18,0,0,0,79,13
4,203,ground,Hatchet,1,35,0,0,0,76,30
4,203,ground,Pickaxe,1,32,0,0,0,33,74
4,203,ground,Rope Hook,1,0,24,0,0,34,74
4,203,ground,Torch,1,90,0,0,0,56,78
4,203,ground,Reflecting Pan,1,24,0,0,0,98,57
4,203,ground,Lighter,1,0,20,0,0,104,46
4,203,ground,River Fish,6,0,0,0,0,80,76
4,203,ground,Fishing Line,1,0,20,0,0,82,73
4,203,ground,River Fish,3,0,0,0,0,80,57
4,203,ground,Honey pot,1,0,0,0,0,99,7
4,203,ground,Hatchet,1,35,0,0,0,73,76
4,203,ground,Ammo,1,0,0,0,0,61,10
4,203,ground,Lantern Seed,1,0,0,0,0,98,18
4,203,ground,Ammo,1,0,0,0,0,50,51
4,203,ground,Boomerang,1,0,0,0,0,120,15
4,203,ground,Ammo,1,0,0,0,0,118,15
4,203,ground,Water flask,2,0,0,0,0,82,78
4,203,ground,Medkit,1,0,0,0,0,15,76
4,203,ground,Bandage,2,0,0,0,0,6,78
4,203,ground,Bandage,2,0,0,0,0,10,77
4,203,ground,Ammo,1,0,0,0,0,13,78
4,203,ground,Cooked Meat,2,0,0,0,0,50,59
4,203,ground,Bear Trap,2,0,0,0,0,40,53
4,203,ground,Pitch Bomb,2,0,0,0,0,75,54
4,203,wall,Cooked Meat,2,0,0,0,0,78,62
4,204,stored,Flint Knife,1,60,0,0,0,79,100
4,204,ground,Stick,1,18,0,0,0,56,80
4,204,ground,Bomb,2,0,0,0,0,33,123
4,204,ground,Fried Egg,2,0,0,0,0,25,102
4,204,ground,River Fish,3,0,0,0,0,77,95
4,204,ground,River Fish,3,0,0,0,0,76,59
4,204,carried,Buckler,1,30,0,0,0,59,56
4,204,ground,Mushroom spores,2,0,0,0,0,60,147
4,204,ground,Rake,1,400,0,0,0,54,102
4,204,ground,Fungal Bread,1,0,0,0,0,56,98
4,204,ground,Mushroom spores,2,0,0,0,0,73,105
4,204,ground,Ammo,1,0,0,0,0,83,76
4,204,ground,Ammo,1,0,0,0,0,57,123
4,204,ground,Medkit,1,0,0,0,0,75,6
4,204,ground,Ammo,1,0,0,0,0,56,138
4,204,ground,Rabbit Charm,1,0,0,0,0,77,138
4,204,ground,Ammo,1,0,0,0,0,80,141
4,204,ground,Bandage,2,0,0,0,0,77,2
4,204,ground,Ammo,1,0,0,0,0,79,8
4,204,ground,Hunting Spear,1,45,0,0,0,77,51
4,204,ground,Water flask,2,0,0,0,0,54,132
4,204,ground,Lighter,1,0,20,0,0,75,117
4,204,wall,Seed Bag,1,0,6,0,0,54,40
4,204,wall,Hunting Horn,1,0,8,0,0,54,88
4,205,stored,Bow,1,0,0,20,0,55,35
4,205,ground,Stick,1,18,0,0,0,12,35
4,205,ground,Flint Knife,1,60,0,0,0,60,64
4,205,ground,Pickaxe,1,32,0,0,0,78,59
4,205,ground,Seed Bag,1,0,6,0,0,18,82
4,205,ground,Shield Lantern,1,24,0,0,0,19,73
4,205,ground,Lighter,1,0,20,0,0,34,56
4,205,ground,Bow,1,0,0,20,0,34,15
4,205,ground,Bomb,2,0,0,0,0,58,60
4,205,ground,Medkit,1,0,0,0,0,75,99
4,205,ground,Rake,1,400,0,0,0,51,33
4,205,ground,Herb Bag,1,0,4,0,0,58,32
4,205,ground,Bandage,2,0,0,0,0,76,96
4,205,ground,Flint Knife,1,60,0,0,0,83,96
4,205,ground,Ammo,1,0,0,0,0,72,101
4,205,stored,Seed Bag,1,0,6,0,0,56,31
4,205,ground,Pickaxe,1,32,0,0,0,33,97
4,205,ground,Sap jar,2,0,0,0,0,81,31
4,205,wall,Hatchet,1,35,0,0,0,65,34
4,206,stored,Torch,1,90,0,0,0,56,11
4,206,ground,Stick,1,18,0,0,0,79,58
4,206,ground,River Fish,5,0,0,0,0,51,35
4,206,ground,Crossbow,1,0,0,1,16,57,51
4,206,ground,Bandage,3,0,0,0,0,57,28
4,206,ground,Lighter,1,0,20,0,0,57,40
4,206,ground,River Fish,6,0,0,0,0,55,8
4,206,ground,Fishing Line,1,0,20,0,0,56,5
4,206,ground,River Fish,6,0,0,0,0,32,53
4,206,carried,Buckler,1,30,0,0,0,101,42
4,206,ground,Reflecting Pan,1,24,0,0,0,80,21
4,206,ground,Rake,1,400,0,0,0,73,36
4,206,ground,Ammo,1,0,0,0,0,81,32
4,206,ground,Bird Seed,1,0,0,0,0,60,85
4,206,ground,Herb Bag,1,0,4,0,0,63,84
4,206,ground,Fungal Bread,1,0,0,0,0,95,54
4,206,ground,Bandage,2,0,0,0,0,29,31
4,206,ground,Ammo,1,0,0,0,0,9,79
4,206,ground,River Fish,5,0,0,0,0,57,66
4,206,ground,River Fish,3,0,0,0,0,78,65
4,206,ground,River Fish,4,0,0,0,0,111,60
4,206,ground,Shield Lantern,1,24,0,0,0,27,69
4,206,wall,Herb Bag,1,0,4,0,0,24,79
4,207,stored,Stick,1,18,0,0,0,13,35
4,207,ground,Stick,1,18,0,0,0,78,80
4,207,ground,Seed Bag,1,0,6,0,0,70,61
4,207,ground,Sap jar,2,0,0,0,0,49,39
4,207,ground,Resin Glue,1,0,0,0,0,61,43
4,207,ground,Rake,1,400,0,0,0,69,36
4,207,ground,Hunting Spear,1,45,0,0,0,96,145
4,207,ground,Rope Hook,1,0,24,0,0,97,145
4,207,ground,Torch,1,90,0,0,0,101,100
4,207,ground,Hatchet,1,35,0,0,0,52,73
4,207,ground,Torch,1,90,0,0,0,52,72
4,207,ground,Flint Knife,1,60,0,0,0,52,105
4,207,ground,Root Drill,1,0,3,0,0,52,106
4,207,carried,Buckler,1,30,0,0,0,61,103
4,207,ground,Fungal Bread,2,0,0,0,0,55,71
4,207,ground,Firecracker,2,0,0,0,0,52,83
4,207,ground,Fungal Bread,2,0,0,0,0,59,94
4,207,carried,Buckler,1,30,0,0,0,8,56
4,207,ground,Buckler,1,30,0,0,0,85,95
4,207,ground,Rake,1,400,0,0,0,69,96
4,207,ground,Bandage,2,0,0,0,0,80,101
4,207,ground,Acorn Mine,2,0,0,0,0,54,120
4,207,ground,Ammo,1,0,0,0,0,52,125
4,207,ground,Hatchet,1,35,0,0,0,37,57
4,207,ground,Ammo,1,0,0,0,0,32,53
4,207,ground,Medkit,1,0,0,0,0,13,57
4,207,ground,Bandage,2,0,0,0,0,15,52
4,207,ground,Ammo,1,0,0,0,0,9,56
4,207,ground,Digging Claws,1,200,0,0,0,41,38
4,207,ground,Water flask,2,0,0,0,0,65,141
4,208,stored,Torch,1,90,0,0,0,123,35
4,208,ground,Stick,1,18,0,0,0,56,79
4,208,ground,Mushroom spores,2,0,0,0,0,40,29
4,208,ground,Fried Egg,2,0,0,0,0,49,32
4,208,ground,Smoke pot,2,0,0,0,0,32,14
4,208,ground,Wooden Maul,1,24,0,0,0,33,18
4,208,ground,Resin Glue,1,0,0,0,0,52,19
4,208,ground,Hatchet,1,35,0,0,0,28,16
4,208,ground,Hatchet,1,35,0,0,0,75,30
4,208,ground,Torch,1,90,0,0,0,74,30
4,208,ground,Crossbow,1,0,0,1,16,104,30
4,208,ground,Root Drill,1,0,3,0,0,105,30
4,208,carried,Buckler,1,30,0,0,0,91,36
4,208,carried,Buckler,1,30,0,0,0,103,27
4,208,ground,Fungal Bread,2,0,0,0,0,74,28
4,208,ground,Firecracker,2,0,0,0,0,80,35
4,208,ground,River Fish,6,0,0,0,0,96,14
4,208,ground,Fishing Line,1,0,20,0,0,94,13
4,208,carried,Buckler,1,30,0,0,0,11,32
4,208,ground,Pickaxe,1,32,0,0,0,20,20
4,208,ground,Bomb,2,0,0,0,0,120,59
4,208,ground,Ammo,1,0,0,0,0,113,54
4,208,ground,Water flask,2,0,0,0,0,78,10
4,208,ground,Water flask,2,0,0,0,0,85,82
4,208,ground,Medkit,1,0,0,0,0,15,31
4,208,ground,Bandage,2,0,0,0,0,10,33
4,208,ground,Bandage,2,0,0,0,0,14,40
4,208,ground,Ammo,1,0,0,0,0,14,34
4,208,ground,River Fish,5,0,0,0,0,71,73
4,208,ground,River Fish,3,0,0,0,0,62,58
4,208,ground,River Fish,4,0,0,0,0,55,40
4,208,ground,River Fish,3,0,0,0,0,36,35
4,208,ground,Pickaxe,1,32,0,0,0,103,57
4,208,ground,Bear Trap,2,0,0,0,0,76,21
4,208,ground,Rabbit Charm,1,0,0,0,0,100,17
4,208,wall,Water flask,2,0,0,0,0,83,7
4,208,wall,Throwing Rock,3,0,0,0,0,72,56
4,209,stored,Hatchet,1,35,0,0,0,13,79
4,209,ground,Stick,1,18,0,0,0,55,37
4,209,ground,River Fish,5,0,0,0,0,100,33
4,209,ground,River Fish,3,0,0,0,0,39,73
4,209,ground,Bow,1,0,0,20,0,127,56
4,209,ground,Pitch Bomb,2,0,0,0,0,99,106
4,209,ground,Water flask,2,0,0,0,0,79,26
4,209,ground,Ammo,1,0,0,0,0,80,59
4,209,ground,Rake,1,400,0,0,0,35,28
4,209,ground,Ammo,1,0,0,0,0,37,31
4,209,ground,Bandage,2,0,0,0,0,108,80
4,209,ground,Ammo,1,0,0,0,0,53,54
4,209,ground,Fungal Bread,1,0,0,0,0,13,60
4,209,ground,Medkit,1,0,0,0,0,75,79
4,209,ground,Ammo,1,0,0,0,0,12,82
4,209,ground,Hunting Spear,1,45,0,0,0,29,10
4,209,ground,Ammo,1,0,0,0,0,28,8
4,209,ground,River Fish,3,0,0,0,0,104,54
4,209,ground,River Fish,2,0,0,0,0,94,62
4,209,ground,Pickaxe,1,32,0,0,0,30,55
4,209,ground,Acorn Mine,2,0,0,0,0,40,79
4,209,wall,Hatchet,1,35,0,0,0,99,43
4,210,stored,Pickaxe,1,32,0,0,0,12,13
4,210,ground,Stick,1,18,0,0,0,57,79
4,210,carried,Buckler,1,30,0,0,0,82,51
4,210,carried,Buckler,1,30,0,0,0,86,54
4,210,carried,Buckler,1,30,0,0,0,84,53
4,210,carried,Buckler,1,30,0,0,0,101,50
4,210,carried,Buckler,1,30,0,0,0,102,47
4,210,carried,Buckler,1,30,0,0,0,93,54
4,210,carried,Buckler,1,30,0,0,0,96,51
4,210,ground,Rope Hook,1,0,24,0,0,94,46
4,210,ground,Resin Glue,1,0,0,0,0,87,34
4,210,ground,Hatchet,1,35,0,0,0,51,33
4,210,ground,Rope Hook,1,0,24,0,0,52,33
4,210,ground,Torch,1,90,0,0,0,56,57
4,210,ground,Hatchet,1,35,0,0,0,38,81
4,210,ground,Torch,1,90,0,0,0,37,81
4,210,ground,Stick,1,18,0,0,0,38,52
4,210,ground,Root Drill,1,0,3,0,0,38,51
4,210,carried,Buckler,1,30,0,0,0,30,51
4,210,carried,Buckler,1,30,0,0,0,36,75
4,210,carried,Buckler,1,30,0,0,0,41,53
4,210,ground,Firecracker,2,0,0,0,0,34,62
4,210,ground,Firecracker,2,0,0,0,0,40,55
4,210,ground,Fungal Bread,2,0,0,0,0,31,81
4,210,carried,Buckler,1,30,0,0,0,121,62
4,210,ground,Sap jar,2,0,0,0,0,103,46
4,210,ground,Ammo,1,0,0,0,0,32,36
4,210,ground,Bird Seed,1,0,0,0,0,125,31
4,210,ground,Fungal Bread,1,0,0,0,0,125,37
4,210,ground,Medkit,1,0,0,0,0,128,55
4,210,ground,Hatchet,1,35,0,0,0,121,18
4,210,ground,Ammo,1,0,0,0,0,116,13
4,210,ground,Bandage,2,0,0,0,0,123,61
4,210,ground,Ammo,1,0,0,0,0,129,49
4,210,ground,River Fish,5,0,0,0,0,39,36
4,210,ground,Sap jar,2,0,0,0,0,36,32
4,210,ground,Seed Bag,1,0,6,0,0,119,29
4,210,wall,Medkit,1,0,0,0,0,43,27
4,211,stored,Pickaxe,1,32,0,0,0,57,55
4,211,ground,Stick,1,18,0,0,0,33,79
4,211,ground,Blunderbuss,1,0,0,2,14,33,142
4,211,ground,Hatchet,1,35,0,0,0,38,145
4,211,carried,Buckler,1,30,0,0,0,18,103
4,211,ground,Bomb,2,0,0,0,0,7,10
4,211,ground,Bird Seed,1,0,0,0,0,32,62
4,211,ground,Fungal Bread,1,0,0,0,0,33,56
4,211,ground,Ammo,1,0,0,0,0,34,104
4,211,ground,Rake,1,400,0,0,0,54,48
4,211,ground,Bandage,2,0,0,0,0,59,57
4,211,ground,Ammo,1,0,0,0,0,31,27
4,211,ground,Fungal Bread,1,0,0,0,0,80,56
4,211,ground,Ammo,1,0,0,0,0,60,74
4,211,ground,Lighter,1,0,20,0,0,16,104
4,211,wall,Throwing Rock,3,0,0,0,0,16,94
4,212,stored,Stick,1,18,0,0,0,79,78
4,212,ground,Stick,1,18,0,0,0,12,79
4,212,ground,Wooden Maul,1,24,0,0,0,51,40
4,212,ground,Rake,1,400,0,0,0,72,44
4,212,ground,River Fish,3,0,0,0,0,35,81
4,212,ground,Fishing Line,1,0,20,0,0,37,85
4,212,ground,River Fish,4,0,0,0,0,59,8
4,212,ground,Fishing Line,1,0,20,0,0,60,10
4,212,carried,Buckler,1,30,0,0,0,52,96
4,212,ground,Sap jar,2,0,0,0,0,54,90
4,212,ground,Water flask,2,0,0,0,0,30,75
4,212,ground,Water flask,2,0,0,0,0,32,103
4,212,ground,Ammo,1,0,0,0,0,40,92
4,212,ground,Bandage,2,0,0,0,0,8,102
4,212,ground,Ammo,1,0,0,0,0,57,121
4,212,ground,Straw Decoy,1,0,0,0,0,78,116
4,212,ground,Ammo,1,0,0,0,0,81,113
4,212,ground,Medkit,1,0,0,0,0,80,12
4,212,ground,Bandage,2,0,0,0,0,79,17
4,212,ground,Ammo,1,0,0,0,0,78,17
4,212,ground,River Fish,4,0,0,0,0,38,67
4,212,ground,River Fish,2,0,0,0,0,47,59
4,212,ground,River Fish,3,0,0,0,0,46,42
4,212,ground,River Fish,5,0,0,0,0,43,13
4,212,ground,Stick,1,18,0,0,0,59,19
4,212,ground,Lighter,1,0,20,0,0,88,81
4,212,wall,Pickaxe,1,32,0,0,0,22,80
4,213,stored,Hunting Spear,1,45,0,0,0,12,57
4,213,ground,Stick,1,18,0,0,0,34,36
4,213,ground,Torch,1,90,0,0,0,58,8
4,213,ground,Hatchet,1,35,0,0,0,28,82
4,213,ground,Rake,1,400,0,0,0,44,49
4,213,ground,Ammo,1,0,0,0,0,33,59
4,213,ground,Rake,1,400,0,0,0,41,79
4,213,ground,Ammo,1,0,0,0,0,40,78
4,213,ground,Ammo,1,0,0,0,0,13,100
4,213,ground,Medkit,1,0,0,0,0,34,102
4,213,ground,Ammo,1,0,0,0,0,77,32
4,213,ground,Fungal Bread,1,0,0,0,0,85,58
4,213,ground,Herb Bag,1,0,4,0,0,83,78
4,213,ground,Ammo,1,0,0,0,0,54,14
4,213,ground,River Fish,2,0,0,0,0,30,47
4,213,ground,River Fish,5,0,0,0,0,93,46
4,213,stored,Egg,3,0,0,0,0,105,76
4,213,stored,Egg,3,0,0,0,0,97,82
4,213,stored,Thunder Acorn,2,0,0,0,0,10,59
4,213,ground,Lighter,1,0,20,0,0,56,27
4,213,wall,Water flask,2,0,0,0,0,33,94
4,214,stored,Stick,1,18,0,0,0,12,56
4,214,ground,Stick,1,18,0,0,0,56,80
4,214,ground,River Fish,3,0,0,0,0,36,61
4,214,ground,Fishing Line,1,0,20,0,0,33,63
4,214,ground,River Fish,3,0,0,0,0,59,98
4,214,ground,Sap jar,2,0,0,0,0,5,129
4,214,ground,Rake,1,400,0,0,0,35,74
4,214,ground,Bandage,2,0,0,0,0,34,70
4,214,ground,Water flask,2,0,0,0,0,32,49
4,214,ground,Bandage,2,0,0,0,0,51,34
4,214,ground,Herb Bag,1,0,4,0,0,37,38
4,214,ground,Firecracker,3,0,0,0,0,81,60
4,214,ground,Ammo,1,0,0,0,0,74,62
4,214,ground,Ammo,1,0,0,0,0,5,118
4,214,ground,Ammo,1,0,0,0,0,81,122
4,214,ground,River Fish,3,0,0,0,0,43,77
4,214,ground,River Fish,3,0,0,0,0,49,93
4,214,ground,River Fish,5,0,0,0,0,56,108
4,214,ground,River Fish,3,0,0,0,0,62,124
4,214,ground,Mushroom spores,2,0,0,0,0,10,124
4,214,ground,Hatchet,1,35,0,0,0,55,120
4,214,ground,Pickaxe,1,32,0,0,0,67,129
4,214,ground,Resin Glue,1,0,0,0,0,42,70
4,214,wall,Throwing Net,2,0,0,0,0,63,36
4,215,stored,Blunderbuss,1,0,0,2,14,79,34
4,215,ground,Stick,1,18,0,0,0,79,79
4,215,ground,Stick,1,18,0,0,0,32,76
4,215,ground,Rope Hook,1,0,24,0,0,16,80
4,215,ground,River Fish,6,0,0,0,0,56,76
4,215,ground,Fishing Line,1,0,20,0,0,56,73
4,215,ground,River Fish,3,0,0,0,0,31,33
4,215,ground,Fishing Line,1,0,20,0,0,29,30
4,215,ground,Hatchet,1,35,0,0,0,61,36
4,215,carried,Buckler,1,30,0,0,0,75,49
4,215,ground,Mushroom spores,2,0,0,0,0,12,72
4,215,ground,Mushroom spores,2,0,0,0,0,59,77
4,215,ground,Sap jar,1,0,0,0,0,78,51
4,215,ground,Ammo,1,0,0,0,0,63,57
4,215,ground,Medkit,1,0,0,0,0,12,39
4,215,ground,Digging Claws,1,200,0,0,0,122,56
4,215,ground,Ammo,1,0,0,0,0,121,52
4,215,ground,Bandage,2,0,0,0,0,18,37
4,215,ground,Bandage,2,0,0,0,0,4,34
4,215,ground,Ammo,1,0,0,0,0,13,36
4,215,ground,River Fish,2,0,0,0,0,79,41
4,215,ground,River Fish,2,0,0,0,0,71,31
4,215,ground,River Fish,2,0,0,0,0,39,11
4,215,ground,Seed Bag,1,0,6,0,0,77,64
4,215,ground,Resin Glue,1,0,0,0,0,82,25
4,216,ground,Stick,1,18,0,0,0,79,36
4,216,ground,Acorn Mine,2,0,0,0,0,107,18
4,216,ground,Hunting Spear,1,45,0,0,0,24,10
4,216,ground,Rope Snare,2,0,0,0,0,36,26
4,216,ground,Shield Lantern,1,24,0,0,0,53,14
4,216,ground,Flint Knife,1,60,0,0,0,55,7
4,216,ground,Stick,1,18,0,0,0,123,80
4,216,ground,Crossbow,1,0,0,1,16,129,84
4,216,ground,Straw Decoy,1,0,0,0,0,125,11
4,216,ground,Wooden Maul,1,24,0,0,0,149,56
4,216,ground,Ammo,1,0,0,0,0,147,52
4,216,ground,Medkit,1,0,0,0,0,61,33
4,216,ground,Bandage,2,0,0,0,0,56,38
4,216,ground,Bandage,2,0,0,0,0,49,38
4,216,ground,Torch,1,90,0,0,0,57,35
4,216,ground,Ammo,1,0,0,0,0,62,29
4,216,ground,Hatchet,1,35,0,0,0,113,1
4,216,wall,Fungal Bread,1,0,0,0,0,53,25
4,217,stored,Crossbow,1,0,0,1,16,78,122
4,217,ground,Stick,1,18,0,0,0,55,81
4,217,ground,Boomerang,1,0,0,0,0,14,55
4,217,ground,Hand Bell,1,0,80,0,0,35,63
4,217,ground,Hatchet,1,35,0,0,0,53,53
4,217,ground,Torch,1,90,0,0,0,52,53
4,217,ground,Hatchet,1,35,0,0,0,81,53
4,217,ground,Root Drill,1,0,3,0,0,82,53
4,217,carried,Buckler,1,30,0,0,0,52,62
4,217,carried,Buckler,1,30,0,0,0,73,55
4,217,ground,Firecracker,2,0,0,0,0,70,60
4,217,ground,Firecracker,2,0,0,0,0,74,63
4,217,ground,Firecracker,2,0,0,0,0,84,59
4,217,ground,Crossbow,1,0,0,1,16,54,103
4,217,carried,Buckler,1,30,0,0,0,29,101
4,217,ground,Mushroom spores,2,0,0,0,0,78,45
4,217,ground,Oil flask,1,0,0,0,0,56,99
4,217,ground,Seed Bag,1,0,6,0,0,52,125
4,217,ground,Herb Bag,1,0,4,0,0,54,124
4,217,ground,Herb Bag,1,0,4,0,0,43,128
4,217,ground,Medkit,1,0,0,0,0,39,104
4,217,ground,Ammo,1,0,0,0,0,14,130
4,217,ground,Ammo,1,0,0,0,0,39,99
4,217,stored,Sap jar,2,0,0,0,0,37,127
4,217,ground,Sap jar,2,0,0,0,0,8,37
4,217,ground,Bandage,3,0,0,0,0,56,108
4,217,ground,Crossbow,1,0,0,1,16,8,73
4,217,ground,Stick,1,18,0,0,0,73,36
4,218,stored,Hatchet,1,35,0,0,0,99,55
4,218,ground,Stick,1,18,0,0,0,79,80
4,218,carried,Buckler,1,30,0,0,0,68,37
4,218,carried,Buckler,1,30,0,0,0,71,37
4,218,carried,Buckler,1,30,0,0,0,72,36
4,218,ground,Throwing Rock,3,0,0,0,0,61,56
4,218,ground,River Fish,5,0,0,0,0,73,103
4,218,ground,Fishing Line,1,0,20,0,0,76,106
4,218,ground,River Fish,5,0,0,0,0,96,57
4,218,ground,Crossbow,1,0,0,1,16,101,109
4,218,ground,Mushroom spores,2,0,0,0,0,76,102
4,218,ground,Water flask,2,0,0,0,0,98,51
4,218,ground,Ammo,1,0,0,0,0,34,54
4,218,ground,Bandage,2,0,0,0,0,14,52
4,218,ground,Fungal Bread,1,0,0,0,0,117,76
4,218,ground,Medkit,1,0,0,0,0,7,29
4,218,ground,Ammo,1,0,0,0,0,52,85
4,218,ground,Ammo,1,0,0,0,0,16,29
4,218,ground,River Fish,3,0,0,0,0,105,82
4,218,ground,River Fish,3,0,0,0,0,126,64
4,218,ground,Flint Knife,1,60,0,0,0,40,41
4,218,wall,Digging Claws,1,200,0,0,0,125,74
4,219,stored,Stick,1,18,0,0,0,100,100
4,219,ground,Stick,1,18,0,0,0,77,79
4,219,ground,Bow,1,0,0,20,0,82,108
4,219,ground,Hunting Spear,1,45,0,0,0,55,99
4,219,ground,Water flask,2,0,0,0,0,58,106
4,219,ground,Stick,1,18,0,0,0,102,37
4,219,ground,Pickaxe,1,32,0,0,0,72,32
4,219,ground,Bear Trap,2,0,0,0,0,103,37
4,219,ground,Pickaxe,1,32,0,0,0,77,30
4,219,ground,River Fish,3,0,0,0,0,101,97
4,219,carried,Buckler,1,30,0,0,0,5,99
4,219,ground,Buckler,1,30,0,0,0,50,77
4,219,ground,Thorn Caltrops,2,0,0,0,0,75,59
4,219,ground,Herb Bag,1,0,4,0,0,82,62
4,219,ground,Oil flask,1,0,0,0,0,60,57
4,219,ground,Ammo,1,0,0,0,0,49,75
4,219,ground,Fungal Bread,1,0,0,0,0,28,79
4,219,ground,Bandage,2,0,0,0,0,59,31
4,219,ground,Ammo,1,0,0,0,0,107,52
4,219,ground,Ammo,1,0,0,0,0,8,98
4,219,ground,Water flask,2,0,0,0,0,59,73
4,219,wall,Flint Knife,1,60,0,0,0,60,39
4,219,wall,Spring Trap,2,0,0,0,0,8,84
4,219,wall,Spring Trap,2,0,0,0,0,28,96
4,219,wall,Sap jar,2,0,0,0,0,38,108
4,220,stored,Blunderbuss,1,0,0,2,14,121,35
4,220,ground,Stick,1,18,0,0,0,56,57
4,220,ground,Flint Knife,1,60,0,0,0,105,12
4,220,ground,Rope Hook,1,0,24,0,0,106,12
4,220,ground,Torch,1,90,0,0,0,100,33
4,220,ground,Torch,1,90,0,0,0,77,64
4,220,ground,Raw Meat,1,0,0,0,0,83,63
4,220,ground,Pitch Bomb,2,0,0,0,0,90,55
4,220,ground,Chili,1,0,0,0,0,99,52
4,220,ground,Bird Seed,1,0,0,0,0,123,35
4,220,ground,Herb Bag,1,0,4,0,0,123,37
4,220,ground,Fungal Bread,1,0,0,0,0,100,82
4,220,ground,Medkit,1,0,0,0,0,86,11
4,220,ground,Crossbow,1,0,0,1,16,80,79
4,220,ground,Ammo,1,0,0,0,0,82,73
4,220,ground,Ammo,1,0,0,0,0,12,18
4,220,ground,Ammo,1,0,0,0,0,78,9
4,220,ground,Sap jar,2,0,0,0,0,41,46
4,221,stored,Pickaxe,1,32,0,0,0,100,100
4,221,ground,Stick,1,18,0,0,0,79,80
4,221,ground,Pickaxe,1,32,0,0,0,122,75
4,221,ground,Throwing Net,2,0,0,0,0,123,75
4,221,ground,Torch,1,90,0,0,0,101,79
4,221,ground,Rope Hook,1,0,24,0,0,144,11
4,221,ground,Flint Knife,1,60,0,0,0,149,7
4,221,ground,River Fish,6,0,0,0,0,27,94
4,221,ground,Fishing Line,1,0,20,0,0,31,94
4,221,ground,Raw Meat,1,0,0,0,0,98,103
4,221,ground,Digging Claws,1,200,0,0,0,132,49
4,221,ground,Mushroom spores,2,0,0,0,0,54,75
4,221,ground,Bird Seed,1,0,0,0,0,120,51
4,221,ground,Herb Bag,1,0,4,0,0,118,53
4,221,ground,Herb Bag,1,0,4,0,0,119,32
4,221,ground,Fungal Bread,1,0,0,0,0,31,81
4,221,ground,Rabbit Charm,1,0,0,0,0,99,115
4,221,ground,Ammo,1,0,0,0,0,101,124
4,221,ground,Ammo,1,0,0,0,0,10,84
4,221,ground,Resin Glue,1,0,0,0,0,127,32
4,221,ground,Bandage,3,0,0,0,0,13,107
4,221,wall,Cooked Meat,2,0,0,0,0,48,99
4,222,stored,Crossbow,1,0,0,1,16,57,78
4,222,ground,Stick,1,18,0,0,0,78,59
4,222,ground,Hatchet,1,35,0,0,0,92,102
4,222,ground,Torch,1,90,0,0,0,90,77
4,222,ground,Crossbow,1,0,0,1,16,29,36
4,222,ground,Water flask,2,0,0,0,0,55,34
4,222,ground,Hatchet,1,35,0,0,0,63,28
4,222,carried,Buckler,1,30,0,0,0,12,20
4,222,ground,Straw Decoy,1,0,0,0,0,100,81
4,222,ground,Lighter,1,0,20,0,0,51,55
4,222,ground,Rake,1,400,0,0,0,121,84
4,222,ground,Bandage,2,0,0,0,0,129,80
4,222,ground,Herb Bag,1,0,4,0,0,147,76
4,222,ground,Digging Claws,1,200,0,0,0,124,103
4,222,ground,Ammo,1,0,0,0,0,131,98
4,222,ground,Ammo,1,0,0,0,0,26,14
4,222,ground,Ammo,1,0,0,0,0,49,76
4,222,ground,Herb Bag,1,0,4,0,0,30,79
4,222,ground,Ammo,1,0,0,0,0,16,12
4,222,ground,Resin Glue,1,0,0,0,0,121,77
4,222,wall,Shield Lantern,1,24,0,0,0,67,77
4,223,stored,Digging Claws,1,200,0,0,0,78,100
4,223,ground,Stick,1,18,0,0,0,57,81
4,223,ground,Flint Knife,1,60,0,0,0,17,100
4,223,ground,Fried Egg,2,0,0,0,0,11,60
4,223,ground,Pitch Bomb,2,0,0,0,0,7,62
4,223,ground,Hatchet,1,35,0,0,0,29,75
4,223,ground,Torch,1,90,0,0,0,29,74
4,223,ground,Digging Claws,1,200,0,0,0,29,105
4,223,ground,Root Drill,1,0,3,0,0,29,106
4,223,carried,Buckler,1,30,0,0,0,28,98
4,223,ground,Firecracker,2,0,0,0,0,26,95
4,223,ground,Firecracker,2,0,0,0,0,28,86
4,223,carried,Buckler,1,30,0,0,0,75,122
4,223,ground,Pickaxe,1,32,0,0,0,76,95
4,223,ground,Bitter Root,1,0,0,0,0,73,129
4,223,ground,Rake,1,400,0,0,0,101,121
4,223,ground,Fungal Bread,1,0,0,0,0,101,129
4,223,ground,Medkit,1,0,0,0,0,106,100
4,223,ground,Herb Bag,1,0,4,0,0,53,122
4,223,ground,Ammo,1,0,0,0,0,19,37
4,223,ground,Ammo,1,0,0,0,0,93,94
4,223,ground,Smoke pot,2,0,0,0,0,79,128
4,223,ground,Flint Knife,1,60,0,0,0,20,31
4,223,ground,Rope Hook,1,0,24,0,0,52,61
4,223,ground,Seed Bag,1,0,6,0,0,99,149
4,223,wall,Thorn Caltrops,2,0,0,0,0,23,16
4,224,stored,Bow,1,0,0,20,0,33,12
4,224,ground,Stick,1,18,0,0,0,34,59
4,224,ground,Bow,1,0,0,20,0,77,53
4,224,ground,Bird Seed,3,0,0,0,0,72,77
4,224,ground,Cooked Meat,2,0,0,0,0,79,100
4,224,ground,River Fish,4,0,0,0,0,60,123
4,224,ground,River Fish,5,0,0,0,0,85,28
4,224,carried,Buckler,1,30,0,0,0,99,71
4,224,carried,Buckler,1,30,0,0,0,33,83
4,224,ground,Flint Knife,1,60,0,0,0,77,62
4,224,ground,Rake,1,400,0,0,0,57,56
4,224,ground,Fungal Bread,1,0,0,0,0,51,55
4,224,ground,Rake,1,400,0,0,0,47,85
4,224,ground,Ammo,1,0,0,0,0,52,83
4,224,ground,Cooked Meat,2,0,0,0,0,27,126
4,224,ground,Ammo,1,0,0,0,0,36,124
4,224,ground,Bandage,2,0,0,0,0,28,83
4,224,ground,Medkit,1,0,0,0,0,110,75
4,224,ground,Ammo,1,0,0,0,0,96,75
4,224,stored,Pickaxe,1,32,0,0,0,32,80
4,224,stored,Bow,1,0,0,20,0,35,82
4,224,stored,Wooden Maul,1,24,0,0,0,52,100
4,224,stored,Acorn Mine,2,0,0,0,0,55,105
4,224,ground,Wooden Maul,1,24,0,0,0,22,28
4,224,ground,Pickaxe,1,32,0,0,0,83,41
4,224,wall,Torch,1,90,0,0,0,77,112
4,225,ground,Stick,1,18,0,0,0,34,79
4,225,ground,Hatchet,1,35,0,0,0,64,110
4,225,ground,Stick,1,18,0,0,0,65,124
4,225,ground,Resin Glue,1,0,0,0,0,70,120
4,225,ground,Mushroom spores,2,0,0,0,0,80,64
4,225,ground,Sleep Meds,3,0,0,0,0,104,106
4,225,ground,Bitter Root,1,0,0,0,0,101,128
4,225,ground,Bow,1,0,0,20,0,61,12
4,225,ground,Rope Hook,1,0,24,0,0,62,12
4,225,ground,Torch,1,90,0,0,0,55,35
4,225,ground,Hatchet,1,35,0,0,0,13,101
4,225,ground,Hunting Spear,1,45,0,0,0,36,60
4,225,ground,Raw Meat,1,0,0,0,0,30,61
4,225,carried,Buckler,1,30,0,0,0,40,40
4,225,ground,Torch,1,90,0,0,0,47,36
4,225,ground,Rope Hook,1,0,24,0,0,68,146
4,225,ground,Ammo,1,0,0,0,0,75,151
4,225,ground,Medkit,1,0,0,0,0,32,41
4,225,ground,Bandage,2,0,0,0,0,32,33
4,225,ground,Bandage,2,0,0,0,0,38,39
4,225,ground,Bow,1,0,0,20,0,35,34
4,225,ground,Ammo,1,0,0,0,0,36,33
4,225,ground,Bandage,3,0,0,0,0,51,23
4,225,wall,Hatchet,1,35,0,0,0,47,15
4,225,wall,Hunting Horn,1,0,8,0,0,33,87
4,226,stored,Flint Knife,1,60,0,0,0,35,101
4,226,ground,Stick,1,18,0,0,0,55,79
4,226,ground,Flint Knife,1,60,0,0,0,61,41
4,226,ground,Crossbow,1,0,0,1,16,54,38
4,226,ground,Hatchet,1,35,0,0,0,15,56
4,226,ground,Throwing Net,2,0,0,0,0,16,56
4,226,ground,Torch,1,90,0,0,0,12,78
4,226,carried,Buckler,1,30,0,0,0,58,100
4,226,ground,Straw Decoy,1,0,0,0,0,80,105
4,226,ground,Pickaxe,1,32,0,0,0,30,76
4,226,ground,Ammo,1,0,0,0,0,33,71
4,226,ground,Water flask,2,0,0,0,0,34,97
4,226,ground,Fungal Bread,1,0,0,0,0,34,96
4,226,ground,Pocket Door,1,0,2,0,0,60,9
4,226,ground,Ammo,1,0,0,0,0,59,16
4,226,ground,Medkit,1,0,0,0,0,39,13
4,226,ground,Bandage,2,0,0,0,0,36,20
4,226,ground,Ammo,1,0,0,0,0,27,8
4,226,ground,Seed Bag,1,0,6,0,0,30,108
4,226,ground,Bow,1,0,0,20,0,39,79
4,226,ground,Rake,1,400,0,0,0,10,128
4,226,ground,Torch,1,90,0,0,0,85,98
4,226,wall,Bandage,3,0,0,0,0,56,125
4,227,stored,Hatchet,1,35,0,0,0,35,33
4,227,ground,Stick,1,18,0,0,0,57,58
4,227,carried,Buckler,1,30,0,0,0,19,71
4,227,carried,Buckler,1,30,0,0,0,14,66
4,227,ground,Wooden Maul,1,24,0,0,0,18,63
4,227,ground,Reflecting Pan,1,24,0,0,0,33,74
4,227,ground,Sap jar,2,0,0,0,0,30,58
4,227,ground,Hatchet,1,35,0,0,0,74,53
4,227,ground,Torch,1,90,0,0,0,74,52
4,227,ground,Pickaxe,1,32,0,0,0,74,81
4,227,ground,Root Drill,1,0,3,0,0,74,82
4,227,carried,Buckler,1,30,0,0,0,84,58
4,227,ground,Firecracker,2,0,0,0,0,85,62
4,227,ground,Fungal Bread,2,0,0,0,0,81,69
4,227,carried,Buckler,1,30,0,0,0,56,118
4,227,ground,Pickaxe,1,32,0,0,0,22,55
4,227,ground,Resin Glue,1,0,0,0,0,74,98
4,227,ground,Ammo,1,0,0,0,0,77,108
4,227,ground,Ammo,2,0,0,0,0,55,35
4,227,ground,Bandage,2,0,0,0,0,54,32
4,227,ground,Herb Bag,1,0,4,0,0,81,127
4,227,ground,Fungal Bread,1,0,0,0,0,108,125
4,227,ground,Boomerang,1,0,0,0,0,37,21
4,227,ground,Ammo,1,0,0,0,0,38,10
4,227,ground,Ammo,1,0,0,0,0,58,124
4,227,ground,Cooked Meat,2,0,0,0,0,106,118
4,228,stored,Bow,1,0,0,20,0,122,57
4,228,ground,Stick,1,18,0,0,0,78,35
4,228,ground,Stick,1,18,0,0,0,11,11
4,228,ground,Rake,1,400,0,0,0,5,13
4,228,ground,River Fish,3,0,0,0,0,101,61
4,228,ground,Fishing Line,1,0,20,0,0,103,60
4,228,carried,Buckler,1,30,0,0,0,120,34
4,228,carried,Buckler,1,30,0,0,0,75,58
4,228,ground,Digging Claws,1,200,0,0,0,146,35
4,228,ground,Water flask,2,0,0,0,0,54,30
4,228,ground,Ammo,1,0,0,0,0,60,36
4,228,ground,Torch,1,90,0,0,0,108,33
4,228,ground,Fungal Bread,1,0,0,0,0,122,40
4,228,ground,Ammo,1,0,0,0,0,146,51
4,228,ground,Fungal Bread,1,0,0,0,0,30,50
4,228,ground,Herb Bag,1,0,4,0,0,71,55
4,228,ground,Ammo,1,0,0,0,0,7,51
4,228,ground,River Fish,3,0,0,0,0,92,51
4,228,ground,Sleep Meds,3,0,0,0,0,37,62
4,229,stored,Flint Knife,1,60,0,0,0,79,57
4,229,ground,Stick,1,18,0,0,0,34,80
4,229,ground,Bow,1,0,0,20,0,99,82
4,229,ground,Rope Hook,1,0,24,0,0,100,82
4,229,ground,Torch,1,90,0,0,0,56,77
4,229,ground,Torch,1,90,0,0,0,57,30
4,229,ground,Honey pot,1,0,0,0,0,56,32
4,229,ground,Crossbow,1,0,0,1,16,78,50
4,229,ground,Mushroom spores,2,0,0,0,0,51,59
4,229,ground,Herb Bag,1,0,4,0,0,63,61
4,229,ground,Rake,1,400,0,0,0,56,33
4,229,ground,Herb Bag,1,0,4,0,0,56,39
4,229,ground,Ammo,1,0,0,0,0,37,40
4,229,ground,Medkit,1,0,0,0,0,75,8
4,229,ground,Ammo,1,0,0,0,0,105,52
4,229,ground,Ammo,1,0,0,0,0,74,13
4,229,stored,Ammo,2,0,0,0,0,61,58
4,229,ground,Wooden Maul,1,24,0,0,0,84,67
4,230,stored,Wooden Maul,1,24,0,0,0,34,35
4,230,ground,Stick,1,18,0,0,0,77,36
4,230,ground,River Fish,6,0,0,0,0,31,52
4,230,ground,Pickaxe,1,32,0,0,0,37,74
4,230,ground,Rake,1,400,0,0,0,34,80
4,230,ground,Pickaxe,1,32,0,0,0,53,13
4,230,ground,Throwing Net,2,0,0,0,0,54,13
4,230,ground,Torch,1,90,0,0,0,57,35
4,230,ground,Sleep Meds,3,0,0,0,0,14,13
4,230,ground,Bow,1,0,0,20,0,8,8
4,230,ground,River Fish,4,0,0,0,0,16,75
4,230,ground,River Fish,4,0,0,0,0,15,95
4,230,carried,Buckler,1,30,0,0,0,58,81
4,230,ground,Boomerang,1,0,0,0,0,76,60
4,230,ground,Ammo,1,0,0,0,0,53,53
4,230,ground,Bitter Root,1,0,0,0,0,10,51
4,230,ground,Medkit,1,0,0,0,0,18,35
4,230,ground,Mushroom spores,2,0,0,0,0,11,71
4,230,ground,Herb Bag,1,0,4,0,0,60,71
4,230,ground,Bandage,2,0,0,0,0,15,38
4,230,ground,Ammo,1,0,0,0,0,13,33
4,230,ground,Rope Snare,2,0,0,0,0,63,83
4,230,ground,Medkit,1,0,0,0,0,41,39
4,230,wall,Stick,1,18,0,0,0,18,62
4,231,stored,Torch,1,90,0,0,0,34,77
4,231,ground,Stick,1,18,0,0,0,77,79
4,231,ground,Torch,1,90,0,0,0,99,117
4,231,ground,Rope Hook,1,0,24,0,0,100,117
4,231,ground,Torch,1,90,0,0,0,77,122
4,231,ground,Hatchet,1,35,0,0,0,37,39
4,231,ground,Torch,1,90,0,0,0,38,39
4,231,ground,Hatchet,1,35,0,0,0,7,39
4,231,ground,Root Drill,1,0,3,0,0,6,38
4,231,ground,Fungal Bread,2,0,0,0,0,16,33
4,231,ground,Fungal Bread,2,0,0,0,0,21,36
4,231,ground,River Fish,3,0,0,0,0,73,99
4,231,ground,Fishing Line,1,0,20,0,0,70,102
4,231,ground,Flint Knife,1,60,0,0,0,56,139
4,231,ground,Buckler,1,30,0,0,0,15,76
4,231,ground,Water flask,2,0,0,0,0,78,105
4,231,ground,Bird Seed,1,0,0,0,0,55,72
4,231,ground,Bandage,2,0,0,0,0,52,73
4,231,ground,Herb Bag,1,0,4,0,0,39,73
4,231,ground,Fungal Bread,1,0,0,0,0,35,55
4,231,ground,Borrowed Summer,1,0,2,0,0,77,56
4,231,ground,Ammo,1,0,0,0,0,82,57
4,231,ground,Ammo,1,0,0,0,0,81,142
4,231,ground,Ammo,1,0,0,0,0,31,13
4,231,ground,River Fish,2,0,0,0,0,64,124
4,231,ground,Resin Glue,1,0,0,0,0,88,110
4,231,ground,Crossbow,1,0,0,1,16,50,86
4,231,ground,Lighter,1,0,20,0,0,62,76
4,231,wall,Flint Knife,1,60,0,0,0,55,64
4,231,wall,Throwing Net,2,0,0,0,0,85,89
4,232,stored,Digging Claws,1,200,0,0,0,11,101
4,232,ground,Stick,1,18,0,0,0,56,35
4,232,ground,Hunting Spear,1,45,0,0,0,57,60
4,232,carried,Buckler,1,30,0,0,0,39,58
4,232,carried,Buckler,1,30,0,0,0,13,77
4,232,ground,Mushroom spores,2,0,0,0,0,17,29
4,232,ground,Ammo,1,0,0,0,0,34,80
4,232,ground,Seed Bag,1,0,6,0,0,16,73
4,232,ground,Splint,1,0,2,0,0,29,104
4,232,ground,Ammo,1,0,0,0,0,31,105
4,232,ground,Bandage,2,0,0,0,0,11,57
4,232,ground,Herb Bag,1,0,4,0,0,39,57
4,232,ground,Medkit,1,0,0,0,0,13,28
4,232,ground,Ammo,1,0,0,0,0,78,7
4,232,ground,Ammo,1,0,0,0,0,72,31
4,232,ground,Ammo,1,0,0,0,0,114,13
4,232,stored,Hatchet,1,35,0,0,0,77,18
4,232,stored,Lighter,1,0,20,0,0,78,8
4,232,ground,Smoke pot,2,0,0,0,0,40,75
4,232,ground,Spring Trap,2,0,0,0,0,58,102
4,232,ground,Torch,1,90,0,0,0,48,58
4,232,ground,Bomb,2,0,0,0,0,62,62
4,232,wall,Seed Bag,1,0,6,0,0,3,77
4,233,stored,Blunderbuss,1,0,0,2,14,11,78
4,233,ground,Stick,1,18,0,0,0,35,80
4,233,ground,Stick,1,18,0,0,0,85,64
4,233,ground,Hatchet,1,35,0,0,0,86,60
4,233,ground,Bear Trap,2,0,0,0,0,33,57
4,233,ground,Bear Trap,2,0,0,0,0,59,59
4,233,ground,Mushroom spores,2,0,0,0,0,48,60
4,233,ground,Wooden Maul,1,24,0,0,0,29,63
4,233,ground,Flint Knife,1,60,0,0,0,37,96
4,233,ground,Raw Meat,1,0,0,0,0,36,98
4,233,ground,Sap jar,2,0,0,0,0,102,48
4,233,ground,Bird Seed,3,0,0,0,0,10,84
4,233,ground,Fungal Bread,1,0,0,0,0,8,78
4,233,ground,Bird Seed,1,0,0,0,0,31,96
4,233,ground,Herb Bag,1,0,4,0,0,36,104
4,233,ground,Ammo,1,0,0,0,0,30,139
4,233,ground,Medkit,1,0,0,0,0,53,14
4,233,ground,Ammo,1,0,0,0,0,12,121
4,233,ground,Ammo,1,0,0,0,0,58,19
4,233,stored,Seed Bag,1,0,6,0,0,63,84
4,233,stored,Rake,1,400,0,0,0,60,76
4,233,stored,Water flask,2,0,0,0,0,54,82
4,233,ground,Seed Bag,1,0,6,0,0,40,140
4,233,ground,Stick,1,18,0,0,0,51,69
4,233,ground,Flint Knife,1,60,0,0,0,54,31
4,233,wall,Sap jar,2,0,0,0,0,62,39
4,233,wall,Bandage,3,0,0,0,0,68,102
4,234,stored,Flint Knife,1,60,0,0,0,11,99
4,234,ground,Stick,1,18,0,0,0,34,35
4,234,ground,River Fish,3,0,0,0,0,30,50
4,234,ground,Torch,1,90,0,0,0,60,55
4,234,ground,Blunderbuss,1,0,0,2,14,42,54
4,234,ground,Lighter,1,0,20,0,0,31,60
4,234,ground,Blunderbuss,1,0,0,2,14,60,13
4,234,ground,Throwing Net,2,0,0,0,0,61,13
4,234,ground,Torch,1,90,0,0,0,56,33
4,234,ground,River Fish,5,0,0,0,0,81,54
4,234,ground,Blunderbuss,1,0,0,2,14,7,93
4,234,carried,Buckler,1,30,0,0,0,73,96
4,234,ground,Mushroom spores,2,0,0,0,0,60,67
4,234,ground,Thorn Caltrops,1,0,0,0,0,36,72
4,234,ground,Egg,3,0,0,0,0,8,72
4,234,ground,Bandage,2,0,0,0,0,12,83
4,234,ground,Bandage,2,0,0,0,0,81,14
4,234,ground,Fungal Bread,1,0,0,0,0,103,56
4,234,ground,Pocket Door,1,0,2,0,0,29,101
4,234,ground,Ammo,1,0,0,0,0,34,104
4,234,ground,Ammo,1,0,0,0,0,78,99
4,234,ground,River Fish,5,0,0,0,0,69,70
4,234,ground,River Fish,3,0,0,0,0,47,80
4,234,ground,Seed Bag,1,0,6,0,0,72,42
4,234,ground,Shield Lantern,1,24,0,0,0,107,71
4,234,wall,Throwing Rock,3,0,0,0,0,80,21
4,235,stored,Crossbow,1,0,0,1,16,77,35
4,235,ground,Stick,1,18,0,0,0,33,58
4,235,ground,River Fish,6,0,0,0,0,55,52
4,235,ground,Hunting Spear,1,45,0,0,0,75,59
4,235,ground,Rake,1,400,0,0,0,60,56
4,235,ground,Hand Bell,1,0,80,0,0,73,52
4,235,ground,Crossbow,1,0,0,1,16,84,77
4,235,ground,Lighter,1,0,20,0,0,80,34
4,235,ground,Ammo,1,0,0,0,0,79,30
4,235,ground,Rake,1,400,0,0,0,62,76
4,235,ground,Bandage,2,0,0,0,0,52,76
4,235,ground,Bandage,2,0,0,0,0,93,40
4,235,ground,Ammo,1,0,0,0,0,81,80
4,235,ground,Fungal Bread,1,0,0,0,0,106,80
4,235,ground,Ammo,1,0,0,0,0,41,34
4,235,ground,Ammo,1,0,0,0,0,59,18
4,235,ground,Bird Seed,3,0,0,0,0,12,81
4,235,ground,Ammo,1,0,0,0,0,11,75
4,235,wall,Bow,1,0,0,20,0,31,29
4,236,stored,Pickaxe,1,32,0,0,0,55,34
4,236,ground,Stick,1,18,0,0,0,77,79
4,236,ground,River Fish,5,0,0,0,0,37,54
4,236,ground,Flint Knife,1,60,0,0,0,27,36
4,236,ground,Mushroom spores,2,0,0,0,0,30,32
4,236,ground,Rake,1,400,0,0,0,37,49
4,236,ground,Hatchet,1,35,0,0,0,51,82
4,236,ground,Torch,1,90,0,0,0,51,83
4,236,ground,Pickaxe,1,32,0,0,0,51,53
4,236,ground,Root Drill,1,0,3,0,0,51,52
4,236,carried,Buckler,1,30,0,0,0,49,63
4,236,ground,Firecracker,2,0,0,0,0,62,76
4,236,ground,River Fish,3,0,0,0,0,37,97
4,236,ground,River Fish,4,0,0,0,0,94,58
4,236,ground,Fishing Line,1,0,20,0,0,96,55
4,236,ground,Digging Claws,1,200,0,0,0,48,63
4,236,ground,Ammo,1,0,0,0,0,31,77
4,236,ground,Water flask,2,0,0,0,0,34,103
4,236,ground,Medkit,1,0,0,0,0,10,97
4,236,ground,Ammo,1,0,0,0,0,56,31
4,236,ground,Root Drill,1,0,3,0,0,20,34
4,236,ground,Ammo,1,0,0,0,0,9,36
4,236,ground,Rake,1,400,0,0,0,60,95
4,236,ground,Fungal Bread,1,0,0,0,0,59,100
4,236,ground,Ammo,1,0,0,0,0,38,117
4,236,ground,Bandage,2,0,0,0,0,10,103
4,236,ground,Ammo,1,0,0,0,0,7,102
4,236,ground,Cooked Meat,2,0,0,0,0,88,68
4,236,ground,Shield Lantern,1,24,0,0,0,103,61
4,236,ground,Water flask,2,0,0,0,0,42,103
4,236,ground,Hunting Horn,1,0,8,0,0,81,60
4,237,stored,Torch,1,90,0,0,0,121,78
4,237,ground,Stick,1,18,0,0,0,79,80
4,237,carried,Buckler,1,30,0,0,0,45,45
4,237,carried,Buckler,1,30,0,0,0,44,44
4,237,carried,Buckler,1,30,0,0,0,49,41
4,237,carried,Buckler,1,30,0,0,0,47,40
4,237,ground,Bow,1,0,0,20,0,46,49
4,237,ground,Bow,1,0,0,20,0,105,101
4,237,ground,Throwing Net,2,0,0,0,0,106,101
4,237,ground,Torch,1,90,0,0,0,101,79
4,237,ground,Hatchet,1,35,0,0,0,60,16
4,237,ground,Torch,1,90,0,0,0,61,16
4,237,ground,Hatchet,1,35,0,0,0,29,16
4,237,ground,Root Drill,1,0,3,0,0,28,16
4,237,carried,Buckler,1,30,0,0,0,38,19
4,237,ground,Firecracker,2,0,0,0,0,47,18
4,237,carried,Buckler,1,30,0,0,0,81,54
4,237,carried,Buckler,1,30,0,0,0,74,11
4,237,ground,Hatchet,1,35,0,0,0,33,54
4,237,ground,Oil flask,1,0,0,0,0,78,57
4,237,ground,Seed Bag,1,0,6,0,0,141,103
4,237,ground,Medkit,1,0,0,0,0,7,34
4,237,ground,Wooden Maul,1,24,0,0,0,106,113
4,237,ground,Ammo,1,0,0,0,0,106,116
4,237,ground,Herb Bag,1,0,4,0,0,82,12
4,237,ground,Bandage,2,0,0,0,0,14,38
4,237,ground,Ammo,1,0,0,0,0,13,30
4,237,ground,Seed Bag,1,0,6,0,0,144,77
4,237,ground,Water flask,2,0,0,0,0,146,98
4,237,wall,Cooked Meat,2,0,0,0,0,133,78
4,238,stored,Crossbow,1,0,0,1,16,101,99
4,238,ground,Stick,1,18,0,0,0,77,79
4,238,carried,Buckler,1,30,0,0,0,33,30
4,238,carried,Buckler,1,30,0,0,0,56,119
4,238,ground,Smoke pot,2,0,0,0,0,98,85
4,238,ground,Pickaxe,1,32,0,0,0,102,77
4,238,ground,Ammo,1,0,0,0,0,105,75
4,238,ground,Rake,1,400,0,0,0,51,86
4,238,ground,Fungal Bread,1,0,0,0,0,53,82
4,238,ground,Thunder Acorn,2,0,0,0,0,38,48
4,238,ground,Ammo,1,0,0,0,0,33,48
4,238,ground,Ammo,1,0,0,0,0,35,102
4,238,ground,Herb Bag,1,0,4,0,0,92,101
4,238,ground,Herb Bag,1,0,4,0,0,53,26
4,238,ground,Ammo,1,0,0,0,0,57,125
4,238,stored,Bomb,2,0,0,0,0,50,104
4,238,stored,Blunderbuss,1,0,0,2,14,100,80
4,238,ground,Resin Glue,1,0,0,0,0,57,73
4,238,ground,Stick,1,18,0,0,0,36,13
4,238,ground,Splint,1,0,2,0,0,109,105
4,238,ground,Throwing Rock,3,0,0,0,0,43,6
4,238,wall,Cooked Meat,2,0,0,0,0,97,108
4,239,stored,Torch,1,90,0,0,0,34,55
4,239,ground,Stick,1,18,0,0,0,55,79
4,239,ground,Crossbow,1,0,0,1,16,64,95
4,239,ground,Ammo,2,0,0,0,0,58,110
4,239,ground,Resin Glue,1,0,0,0,0,65,104
4,239,ground,Pickaxe,1,32,0,0,0,57,39
4,239,ground,Rope Hook,1,0,24,0,0,58,39
4,239,ground,Torch,1,90,0,0,0,35,35
4,239,ground,Hatchet,1,35,0,0,0,37,126
4,239,ground,Torch,1,90,0,0,0,37,127
4,239,ground,Torch,1,90,0,0,0,37,96
4,239,ground,Root Drill,1,0,3,0,0,39,95
4,239,carried,Buckler,1,30,0,0,0,27,100
4,239,ground,Firecracker,2,0,0,0,0,37,123
4,239,ground,Stick,1,18,0,0,0,31,58
4,239,ground,Raw Meat,1,0,0,0,0,29,47
4,239,carried,Buckler,1,30,0,0,0,11,15
4,239,ground,Thunder Acorn,2,0,0,0,0,47,35
4,239,ground,Water flask,2,0,0,0,0,57,59
4,239,ground,Bird Seed,1,0,0,0,0,30,49
4,239,ground,Fungal Bread,1,0,0,0,0,35,53
4,239,ground,Ammo,1,0,0,0,0,17,36
4,239,ground,Medkit,1,0,0,0,0,12,9
4,239,ground,Fungal Bread,1,0,0,0,0,58,149
4,239,ground,Ammo,1,0,0,0,0,9,12
4,239,ground,Stick,1,18,0,0,0,75,72
4,239,ground,Throwing Net,2,0,0,0,0,9,28
4,239,ground,Spring Trap,2,0,0,0,0,61,137
4,240,stored,Stick,1,18,0,0,0,35,35
4,240,ground,Stick,1,18,0,0,0,79,79
4,240,ground,Flint Knife,1,60,0,0,0,56,13
4,240,ground,Rope Hook,1,0,24,0,0,52,40
4,240,ground,Shield Lantern,1,24,0,0,0,60,8
4,240,ground,Hatchet,1,35,0,0,0,82,38
4,240,ground,Torch,1,90,0,0,0,82,39
4,240,ground,Crossbow,1,0,0,1,16,82,9
4,240,ground,Root Drill,1,0,3,0,0,81,8
4,240,ground,Fungal Bread,2,0,0,0,0,74,12
4,240,ground,Fungal Bread,2,0,0,0,0,77,39
4,240,ground,River Fish,5,0,0,0,0,59,53
4,240,ground,River Fish,6,0,0,0,0,27,76
4,240,ground,Fishing Line,1,0,20,0,0,28,79
4,240,carried,Buckler,1,30,0,0,0,16,30
4,240,ground,Spring Trap,2,0,0,0,0,43,11
4,240,ground,Mushroom spores,2,0,0,0,0,57,60
4,240,ground,Lighter,1,0,20,0,0,34,59
4,240,ground,Ammo,1,0,0,0,0,36,52
4,240,ground,Herb Bag,1,0,4,0,0,28,37
4,240,ground,Medkit,1,0,0,0,0,16,34
4,240,ground,Thunder Acorn,2,0,0,0,0,51,99
4,240,ground,Ammo,1,0,0,0,0,55,103
4,240,ground,Herb Bag,1,0,4,0,0,30,10
4,240,ground,Ammo,1,0,0,0,0,19,30
4,240,ground,Throwing Rock,3,0,0,0,0,36,17
4,240,ground,Bandage,3,0,0,0,0,28,30
4,240,ground,Mushroom spores,2,0,0,0,0,104,59
4,240,ground,Seed Bag,1,0,6,0,0,94,75
4,240,ground,Thorn Caltrops,2,0,0,0,0,34,107
4,240,ground,Pickaxe,1,32,0,0,0,100,54
4,240,wall,Throwing Net,2,0,0,0,0,40,42
4,240,wall,Mushroom spores,2,0,0,0,0,126,62
4,241,stored,Wooden Maul,1,24,0,0,0,79,55
4,241,ground,Stick,1,18,0,0,0,12,79
4,241,ground,Hunting Spear,1,45,0,0,0,34,72
4,241,ground,Throwing Rock,3,0,0,0,0,55,62
4,241,ground,Digging Claws,1,200,0,0,0,46,57
4,241,ground,Crossbow,1,0,0,1,16,47,11
4,241,ground,Rake,1,400,0,0,0,51,16
4,241,ground,Splint,1,0,2,0,0,53,14
4,241,ground,Pickaxe,1,32,0,0,0,73,101
4,241,ground,Throwing Net,2,0,0,0,0,74,101
4,241,ground,Torch,1,90,0,0,0,78,78
4,241,ground,Hatchet,1,35,0,0,0,31,97
4,241,ground,Torch,1,90,0,0,0,30,97
4,241,ground,Pickaxe,1,32,0,0,0,59,97
4,241,ground,Root Drill,1,0,3,0,0,60,97
4,241,carried,Buckler,1,30,0,0,0,41,105
4,241,carried,Buckler,1,30,0,0,0,61,92
4,241,ground,Firecracker,2,0,0,0,0,28,98
4,241,ground,Firecracker,2,0,0,0,0,41,94
4,241,ground,Hatchet,1,35,0,0,0,80,86
4,241,ground,Raw Meat,2,0,0,0,0,4,54
4,241,ground,Fungal Bread,1,0,0,0,0,9,58
4,241,ground,Medkit,1,0,0,0,0,86,124
4,241,ground,Hunting Spear,1,45,0,0,0,35,124
4,241,ground,Ammo,1,0,0,0,0,37,115
4,241,ground,Rake,1,400,0,0,0,18,9
4,241,ground,Ammo,1,0,0,0,0,14,10
4,241,ground,Bandage,2,0,0,0,0,73,124
4,241,ground,Ammo,1,0,0,0,0,81,127
4,241,ground,Rake,1,400,0,0,0,60,126
4,241,ground,Sticky Boots,1,0,4,0,0,57,118
4,241,ground,Sticky Boots,1,0,4,0,0,49,125
4,241,wall,Rope Hook,1,0,24,0,0,81,64
4,242,stored,Pickaxe,1,32,0,0,0,99,123
4,242,ground,Stick,1,18,0,0,0,56,81
4,242,carried,Buckler,1,30,0,0,0,61,52
4,242,carried,Buckler,1,30,0,0,0,56,54
4,242,carried,Buckler,1,30,0,0,0,58,53
4,242,ground,Bow,1,0,0,20,0,65,46
4,242,ground,Splint,1,0,2,0,0,59,42
4,242,ground,Crossbow,1,0,0,1,16,67,38
4,242,ground,Hunting Horn,1,0,8,0,0,34,57
4,242,ground,Hatchet,1,35,0,0,0,41,55
4,242,ground,Sleep Meds,3,0,0,0,0,30,62
4,242,ground,River Fish,3,0,0,0,0,8,60
4,242,ground,Pickaxe,1,32,0,0,0,58,93
4,242,ground,Rope Snare,2,0,0,0,0,64,56
4,242,ground,Bow,1,0,0,20,0,81,83
4,242,ground,Herb Bag,1,0,4,0,0,82,80
4,242,ground,Ammo,1,0,0,0,0,82,104
4,242,ground,Bird Seed,1,0,0,0,0,59,98
4,242,ground,Fungal Bread,1,0,0,0,0,60,97
4,242,ground,Fungal Bread,1,0,0,0,0,35,95
4,242,ground,Ammo,1,0,0,0,0,51,17
4,242,ground,Ammo,1,0,0,0,0,36,115
4,242,ground,Fungal Bread,1,0,0,0,0,16,58
4,242,ground,Medkit,1,0,0,0,0,28,98
4,242,ground,Stick,1,18,0,0,0,102,73
4,242,ground,Sap jar,2,0,0,0,0,97,132
4,242,wall,Sleep Meds,3,0,0,0,0,54,4
4,243,stored,Pickaxe,1,32,0,0,0,100,33
4,243,ground,Stick,1,18,0,0,0,56,80
4,243,ground,River Fish,4,0,0,0,0,78,75
4,243,carried,Buckler,1,30,0,0,0,78,37
4,243,ground,Mushroom spores,2,0,0,0,0,71,77
4,243,ground,Rake,1,400,0,0,0,39,78
4,243,ground,Ammo,1,0,0,0,0,34,85
4,243,ground,Mushroom spores,2,0,0,0,0,79,76
4,243,ground,Digging Claws,1,200,0,0,0,15,77
4,243,ground,Ammo,1,0,0,0,0,20,75
4,243,ground,Fungal Bread,1,0,0,0,0,73,47
4,243,ground,Ammo,1,0,0,0,0,61,62
4,243,ground,Ammo,1,0,0,0,0,53,96
4,243,ground,Herb Bag,1,0,4,0,0,106,35
4,243,ground,Ammo,1,0,0,0,0,116,34
4,243,ground,Medkit,1,0,0,0,0,15,17
4,243,ground,Seed Bag,1,0,6,0,0,53,105
4,243,ground,Rake,1,400,0,0,0,41,57
4,243,ground,Hatchet,1,35,0,0,0,76,51
4,243,ground,Buckler,1,30,0,0,0,82,37
4,243,wall,Stick,1,18,0,0,0,79,29
4,244,stored,Pickaxe,1,32,0,0,0,34,57
4,244,ground,Stick,1,18,0,0,0,78,13
4,244,ground,River Fish,5,0,0,0,0,107,50
4,244,ground,River Fish,6,0,0,0,0,75,53
4,244,ground,Fishing Line,1,0,20,0,0,72,51
4,244,ground,Bear Trap,2,0,0,0,0,87,60
4,244,ground,Torch,1,90,0,0,0,108,15
4,244,ground,Fungal Bread,1,0,0,0,0,73,38
4,244,ground,Ammo,1,0,0,0,0,72,34
4,244,ground,Water flask,2,0,0,0,0,102,37
4,244,ground,Ammo,1,0,0,0,0,119,38
4,244,ground,Fungal Bread,1,0,0,0,0,142,36
4,244,ground,Ammo,1,0,0,0,0,124,47
4,244,ground,Fungal Bread,1,0,0,0,0,58,83
4,244,ground,Bandage,2,0,0,0,0,98,83
4,244,ground,Ammo,1,0,0,0,0,12,80
4,244,ground,River Fish,4,0,0,0,0,101,5
4,244,ground,River Fish,5,0,0,0,0,88,22
4,244,ground,River Fish,2,0,0,0,0,45,39
4,244,ground,River Fish,3,0,0,0,0,21,45
4,244,ground,Lighter,1,0,20,0,0,121,61
4,244,ground,Spring Trap,2,0,0,0,0,57,39
4,245,stored,Torch,1,90,0,0,0,121,35
4,245,ground,Stick,1,18,0,0,0,78,13
4,245,ground,Acorn Mine,2,0,0,0,0,35,79
4,245,ground,Rake,1,400,0,0,0,53,86
4,245,carried,Buckler,1,30,0,0,0,86,56
4,245,ground,Shield Lantern,1,24,0,0,0,2,74
4,245,ground,Lighter,1,0,20,0,0,72,35
4,245,ground,Ammo,1,0,0,0,0,80,33
4,245,ground,Rake,1,400,0,0,0,58,18
4,245,ground,Ammo,1,0,0,0,0,57,19
4,245,ground,Ammo,1,0,0,0,0,79,78
4,245,ground,Ammo,1,0,0,0,0,102,51
4,245,ground,Ammo,1,0,0,0,0,104,28
4,245,ground,Medkit,1,0,0,0,0,2,79
4,245,ground,Bandage,2,0,0,0,0,17,84
4,245,ground,Bandage,2,0,0,0,0,12,80
4,245,ground,Seed Bag,1,0,6,0,0,151,33
4,245,ground,Hunting Spear,1,45,0,0,0,59,41
4,245,ground,Seed Bag,1,0,6,0,0,106,58
4,245,wall,Pickaxe,1,32,0,0,0,83,61
4,245,wall,Flint Knife,1,60,0,0,0,95,64
4,246,stored,Digging Claws,1,200,0,0,0,56,57
4,246,ground,Stick,1,18,0,0,0,78,81
4,246,ground,River Fish,3,0,0,0,0,146,81
4,246,ground,Bow,1,0,0,20,0,142,104
4,246,ground,Resin Glue,1,0,0,0,0,144,109
4,246,ground,River Fish,3,0,0,0,0,100,74
4,246,ground,River Fish,3,0,0,0,0,55,33
4,246,ground,Fishing Line,1,0,20,0,0,51,34
4,246,ground,Flint Knife,1,60,0,0,0,72,54
4,246,carried,Buckler,1,30,0,0,0,74,34
4,246,ground,Sleep Meds,3,0,0,0,0,98,33
4,246,ground,Seed Bag,1,0,6,0,0,86,48
4,246,ground,Ammo,1,0,0,0,0,105,60
4,246,ground,Crossbow,1,0,0,1,16,120,51
4,246,ground,Herb Bag,1,0,4,0,0,126,60
4,246,ground,Ammo,1,0,0,0,0,95,32
4,246,ground,Herb Bag,1,0,4,0,0,76,35
4,246,ground,Medkit,1,0,0,0,0,79,17
4,246,ground,Ammo,1,0,0,0,0,75,11
4,246,ground,Bow,1,0,0,20,0,61,31
4,246,ground,Water flask,2,0,0,0,0,134,48
4,246,wall,Bomb,2,0,0,0,0,81,23
4,246,wall,Medkit,1,0,0,0,0,74,49
4,246,wall,Herb Bag,1,0,4,0,0,135,61
4,247,stored,Hatchet,1,35,0,0,0,34,101
4,247,ground,Stick,1,18,0,0,0,77,36
4,247,ground,Stick,1,18,0,0,0,41,50
4,247,ground,Rope Hook,1,0,24,0,0,61,74
4,247,ground,Bow,1,0,0,20,0,40,13
4,247,ground,Lighter,1,0,20,0,0,59,9
4,247,ground,Cooked Meat,2,0,0,0,0,60,15
4,247,ground,Hatchet,1,35,0,0,0,100,51
4,247,ground,Rope Hook,1,0,24,0,0,101,51
4,247,ground,Torch,1,90,0,0,0,79,56
4,247,ground,Hatchet,1,35,0,0,0,59,29
4,247,ground,Torch,1,90,0,0,0,60,30
4,247,ground,Bow,1,0,0,20,0,30,29
4,247,ground,Root Drill,1,0,3,0,0,30,28
4,247,ground,Firecracker,2,0,0,0,0,36,26
4,247,ground,Fungal Bread,2,0,0,0,0,32,37
4,247,ground,Firecracker,2,0,0,0,0,55,37
4,247,ground,Torch,1,90,0,0,0,43,64
4,247,ground,Ammo,1,0,0,0,0,79,10
4,247,ground,Ammo,1,0,0,0,0,35,99
4,247,ground,Mushroom spores,2,0,0,0,0,14,52
4,247,ground,Medkit,1,0,0,0,0,10,82
4,247,ground,Lighter,1,0,20,0,0,121,52
4,247,ground,Herb Bag,1,0,4,0,0,121,54
4,247,ground,Bandage,2,0,0,0,0,17,76
4,247,ground,Ammo,1,0,0,0,0,7,75
4,247,ground,River Fish,4,0,0,0,0,67,31
4,247,ground,River Fish,5,0,0,0,0,76,21
4,247,ground,Stick,1,18,0,0,0,17,48
4,247,ground,Bandage,3,0,0,0,0,128,55
4,247,ground,Mushroom spores,2,0,0,0,0,30,94
4,247,wall,Digging Claws,1,200,0,0,0,42,96
4,248,stored,Stick,1,18,0,0,0,12,121
4,248,ground,Stick,1,18,0,0,0,57,79
4,248,carried,Buckler,1,30,0,0,0,78,47
4,248,carried,Buckler,1,30,0,0,0,72,51
4,248,carried,Buckler,1,30,0,0,0,79,48
4,248,carried,Buckler,1,30,0,0,0,73,46
4,248,ground,Bow,1,0,0,20,0,71,36
4,248,ground,Hatchet,1,35,0,0,0,78,40
4,248,ground,Hatchet,1,35,0,0,0,54,124
4,248,ground,Sap jar,2,0,0,0,0,33,151
4,248,ground,Bow,1,0,0,20,0,33,143
4,248,ground,River Fish,5,0,0,0,0,32,53
4,248,ground,Blunderbuss,1,0,0,2,14,36,74
4,248,carried,Buckler,1,30,0,0,0,12,141
4,248,ground,Throwing Rock,3,0,0,0,0,33,142
4,248,ground,Rake,1,400,0,0,0,51,103
4,248,ground,Herb Bag,1,0,4,0,0,55,104
4,248,ground,Bird Seed,1,0,0,0,0,40,73
4,248,ground,Bandage,2,0,0,0,0,36,88
4,248,ground,Ammo,1,0,0,0,0,15,117
4,248,ground,Ammo,1,0,0,0,0,29,121
4,248,ground,Medkit,1,0,0,0,0,12,143
4,248,ground,Ammo,1,0,0,0,0,39,42
4,248,ground,Ammo,1,0,0,0,0,8,148
4,248,ground,River Fish,4,0,0,0,0,11,45
4,248,ground,Blunderbuss,1,0,0,2,14,28,84
4,248,ground,Straw Decoy,1,0,0,0,0,28,34
4,248,wall,Flint Knife,1,60,0,0,0,19,56
4,249,stored,Digging Claws,1,200,0,0,0,34,145
4,249,ground,Stick,1,18,0,0,0,79,80
4,249,ground,Blunderbuss,1,0,0,2,14,103,114
4,249,ground,River Fish,4,0,0,0,0,60,140
4,249,ground,River Fish,6,0,0,0,0,119,142
4,249,carried,Buckler,1,30,0,0,0,79,142
4,249,ground,Hatchet,1,35,0,0,0,74,144
4,249,ground,Fungal Bread,1,0,0,0,0,101,72
4,249,ground,Ammo,1,0,0,0,0,102,84
4,249,ground,Rope Snare,2,0,0,0,0,51,103
4,249,ground,Ammo,1,0,0,0,0,55,96
4,249,ground,Thorn Caltrops,1,0,0,0,0,84,138
4,249,ground,Bandage,2,0,0,0,0,60,121
4,249,ground,Ammo,1,0,0,0,0,31,142
4,249,ground,Ammo,1,0,0,0,0,53,37
4,249,ground,Medkit,1,0,0,0,0,63,5
4,249,ground,Ammo,1,0,0,0,0,118,121
4,249,ground,Bandage,2,0,0,0,0,54,17
4,249,ground,River Fish,2,0,0,0,0,108,144
4,249,ground,River Fish,4,0,0,0,0,80,152
4,249,stored,Rope Hook,1,0,24,0,0,94,143
4,249,stored,Reflecting Pan,1,24,0,0,0,95,139
4,249,stored,Sap jar,2,0,0,0,0,101,140
4,249,stored,Splint,1,0,2,0,0,54,53
4,249,ground,Hatchet,1,35,0,0,0,52,48
4,249,wall,Pickaxe,1,32,0,0,0,63,63
4,249,wall,Buckler,1,30,0,0,0,77,133
4,250,stored,Stick,1,18,0,0,0,33,35
4,250,ground,Stick,1,18,0,0,0,55,58
4,250,carried,Buckler,1,30,0,0,0,102,84
4,250,carried,Buckler,1,30,0,0,0,100,82
4,250,carried,Buckler,1,30,0,0,0,101,83
4,250,ground,Pickaxe,1,32,0,0,0,108,93
4,250,ground,Scarecrow,1,0,0,0,0,118,96
4,250,ground,River Fish,3,0,0,0,0,84,55
4,250,ground,Pickaxe,1,32,0,0,0,74,71
4,250,ground,Hatchet,1,35,0,0,0,78,71
4,250,ground,Wolf Whistle,1,0,8,0,0,72,52
4,250,ground,Stick,1,18,0,0,0,82,50
4,250,ground,River Fish,5,0,0,0,0,80,37
4,250,carried,Buckler,1,30,0,0,0,17,10
4,250,ground,Seed Bag,1,0,6,0,0,56,61
4,250,ground,Pickaxe,1,32,0,0,0,60,28
4,250,ground,Ammo,1,0,0,0,0,48,42
4,250,ground,Sap jar,1,0,0,0,0,37,34
4,250,ground,Medkit,1,0,0,0,0,17,15
4,250,ground,Medkit,1,0,0,0,0,5,57
4,250,ground,Ammo,1,0,0,0,0,21,58
4,250,ground,Herb Bag,1,0,4,0,0,36,79
4,250,ground,Bandage,2,0,0,0,0,16,9
4,250,ground,Ammo,1,0,0,0,0,15,6
4,250,ground,River Fish,3,0,0,0,0,62,43
4,250,ground,River Fish,2,0,0,0,0,47,52
4,250,ground,River Fish,5,0,0,0,0,33,85
4,250,ground,River Fish,2,0,0,0,0,23,99
4,250,ground,Bandage,3,0,0,0,0,54,72
4,250,wall,Bow,1,0,0,20,0,124,50
4,250,wall,Mushroom spores,2,0,0,0,0,28,101
4,251,stored,Digging Claws,1,200,0,0,0,33,55
4,251,ground,Stick,1,18,0,0,0,79,79
4,251,ground,River Fish,5,0,0,0,0,80,53
4,251,ground,Bow,1,0,0,20,0,58,63
4,251,carried,Buckler,1,30,0,0,0,98,75
4,251,carried,Buckler,1,30,0,0,0,100,12
4,251,carried,Buckler,1,30,0,0,0,81,7
4,251,ground,Seed Bag,1,0,6,0,0,104,54
4,251,ground,Ammo,1,0,0,0,0,53,77
4,251,ground,Lantern Seed,1,0,0,0,0,98,77
4,251,ground,Ammo,1,0,0,0,0,106,55
4,251,ground,Rake,1,400,0,0,0,33,78
4,251,ground,Ammo,1,0,0,0,0,27,71
4,251,ground,Herb Bag,1,0,4,0,0,100,17
4,251,ground,Herb Bag,1,0,4,0,0,54,91
4,251,ground,Medkit,1,0,0,0,0,80,18
4,251,ground,Spring Trap,2,0,0,0,0,29,41
4,251,ground,Ammo,1,0,0,0,0,36,36
4,251,ground,Ammo,1,0,0,0,0,74,13
4,251,wall,Buckler,1,30,0,0,0,106,5
4,252,stored,Wooden Maul,1,24,0,0,0,100,11
4,252,ground,Stick,1,18,0,0,0,77,37
4,252,ground,River Fish,6,0,0,0,0,31,59
4,252,ground,Flint Knife,1,60,0,0,0,5,51
4,252,ground,Bow,1,0,0,20,0,123,52
4,252,ground,Rope Hook,1,0,24,0,0,124,52
4,252,ground,Torch,1,90,0,0,0,99,57
4,252,ground,Mushroom spores,2,0,0,0,0,60,31
4,252,ground,Mushroom spores,2,0,0,0,0,54,27
4,252,ground,Raw Meat,2,0,0,0,0,36,39
4,252,ground,Bandage,2,0,0,0,0,31,36
4,252,ground,Herb Bag,1,0,4,0,0,115,9
4,252,ground,Medkit,1,0,0,0,0,116,38
4,252,ground,Smoke pot,2,0,0,0,0,41,16
4,252,ground,Ammo,1,0,0,0,0,31,3
4,252,ground,Ammo,1,0,0,0,0,149,7
4,252,ground,Ammo,1,0,0,0,0,147,57
4,252,ground,Ammo,1,0,0,0,0,121,31
4,252,ground,Lighter,1,0,20,0,0,36,32
4,253,stored,Flint Knife,1,60,0,0,0,99,12
4,253,ground,Stick,1,18,0,0,0,78,59
4,253,ground,Hatchet,1,35,0,0,0,125,82
4,253,ground,Torch,1,90,0,0,0,125,83
4,253,ground,Pickaxe,1,32,0,0,0,125,51
4,253,ground,Root Drill,1,0,3,0,0,125,50
4,253,carried,Buckler,1,30,0,0,0,127,56
4,253,carried,Buckler,1,30,0,0,0,123,69
4,253,ground,Firecracker,2,0,0,0,0,122,71
4,253,ground,Fungal Bread,2,0,0,0,0,125,57
4,253,ground,Firecracker,2,0,0,0,0,127,78
4,253,ground,River Fish,6,0,0,0,0,57,80
4,253,ground,Stick,1,18,0,0,0,12,76
4,253,carried,Buckler,1,30,0,0,0,106,57
4,253,carried,Buckler,1,30,0,0,0,150,56
4,253,ground,Pitch Bomb,2,0,0,0,0,82,11
4,253,ground,Rake,1,400,0,0,0,78,40
4,253,ground,Bandage,2,0,0,0,0,81,26
4,253,ground,Rake,1,400,0,0,0,80,11
4,253,ground,Herb Bag,1,0,4,0,0,79,10
4,253,ground,Bandage,2,0,0,0,0,101,79
4,253,ground,Ammo,1,0,0,0,0,36,100
4,253,ground,Ammo,1,0,0,0,0,144,51
4,253,ground,River Fish,5,0,0,0,0,69,90
4,253,ground,River Fish,2,0,0,0,0,89,71
4,253,ground,River Fish,5,0,0,0,0,137,42
4,253,ground,Bomb,2,0,0,0,0,30,79
4,253,ground,Water flask,2,0,0,0,0,99,85
4,253,ground,Shield Lantern,1,24,0,0,0,76,34
4,253,wall,Digging Claws,1,200,0,0,0,29,70
4,253,wall,Buckler,1,30,0,0,0,89,78
4,254,stored,Hatchet,1,35,0,0,0,57,101
4,254,ground,Stick,1,18,0,0,0,78,37
4,254,ground,Rope Snare,2,0,0,0,0,50,60
4,254,ground,Resin Glue,1,0,0,0,0,46,64
4,254,ground,Bow,1,0,0,20,0,29,18
4,254,ground,Resin Glue,1,0,0,0,0,53,17
4,254,ground,Flint Knife,1,60,0,0,0,79,77
4,254,ground,Water flask,2,0,0,0,0,87,70
4,254,ground,Rope Hook,1,0,24,0,0,78,50
4,254,ground,Throwing Rock,3,0,0,0,0,82,57
4,254,ground,Straw Decoy,1,0,0,0,0,96,25
4,254,ground,Lantern Seed,1,0,0,0,0,42,95
4,254,ground,Medkit,1,0,0,0,0,6,100
4,254,ground,Boomerang,1,0,0,0,0,59,102
4,254,ground,Herb Bag,1,0,4,0,0,55,105
4,254,ground,Bandage,2,0,0,0,0,10,100
4,254,ground,Ammo,1,0,0,0,0,15,103
4,254,wall,Fried Egg,2,0,0,0,0,106,27
4,254,wall,Sap jar,2,0,0,0,0,5,59
4,255,stored,Flint Knife,1,60,0,0,0,34,34
4,255,ground,Stick,1,18,0,0,0,55,59
4,255,carried,Buckler,1,30,0,0,0,64,11
4,255,ground,Thorn Caltrops,2,0,0,0,0,54,16
4,255,ground,Chili,1,0,0,0,0,55,27
4,255,ground,Herb Bag,1,0,4,0,0,56,43
4,255,ground,Torch,1,90,0,0,0,51,79
4,255,ground,Ammo,1,0,0,0,0,51,104
4,255,ground,Fungal Bread,1,0,0,0,0,56,3
4,255,ground,Ammo,1,0,0,0,0,16,33
4,255,ground,Herb Bag,1,0,4,0,0,13,57
4,255,ground,Pickaxe,1,32,0,0,0,17,17
4,255,ground,Ammo,1,0,0,0,0,15,8
4,255,ground,Ammo,1,0,0,0,0,94,127
4,255,ground,River Fish,3,0,0,0,0,80,61
4,255,ground,River Fish,2,0,0,0,0,82,103
4,255,ground,River Fish,5,0,0,0,0,87,118
4,255,ground,Torch,1,90,0,0,0,61,87
4,255,ground,Sap jar,2,0,0,0,0,61,99
4,255,ground,Torch,1,90,0,0,0,46,125
4,255,ground,Mushroom spores,2,0,0,0,0,52,7
4,256,stored,Pickaxe,1,32,0,0,0,78,101
4,256,ground,Stick,1,18,0,0,0,55,37
4,256,ground,Wooden Maul,1,24,0,0,0,53,99
4,256,ground,Throwing Net,2,0,0,0,0,54,99
4,256,ground,Torch,1,90,0,0,0,55,79
4,256,carried,Buckler,1,30,0,0,0,103,56
4,256,carried,Buckler,1,30,0,0,0,55,53
4,256,ground,Buckler,1,30,0,0,0,99,96
4,256,ground,Chili,1,0,0,0,0,54,51
4,256,ground,Throwing Net,2,0,0,0,0,75,53
4,256,ground,Fungal Bread,1,0,0,0,0,72,54
4,256,ground,Bandage,2,0,0,0,0,81,81
4,256,ground,Ammo,1,0,0,0,0,78,33
4,256,ground,Bandage,2,0,0,0,0,70,98
4,256,ground,Ammo,1,0,0,0,0,94,27
4,256,ground,Water flask,2,0,0,0,0,29,43
4,256,ground,Ammo,1,0,0,0,0,28,36
4,256,ground,Ammo,1,0,0,0,0,96,56
4,256,ground,Pickaxe,1,32,0,0,0,82,92
4,256,wall,Throwing Rock,3,0,0,0,0,107,24
